text,label
"Lawmakers debated the upcoming census for several hours on Monday before reaching a preliminary agreement. a spokesperson for the White House said the next formal vote is scheduled within 14 weeks. Several committee members requested additional data before final approval, and a public comment period will follow.",REAL
YOU WON'T BELIEVE what they don't want you to know about immigration reform!!! Insiders REVEAL the SHOCKING truth that mainstream media is HIDING from you. Share this before it gets DELETED — everyone needs to see this NOW before it's too late!,FAKE
"According to a court filing, the economy has been under review since early this year, with a formal decision expected by the end of the 10-month evaluation period. The agency said it would publish its full findings once the review concludes, in line with standard procedure.",REAL
Doctors HATE this one simple fact about the upcoming census that could change your life forever! The government has been covering this up for decades and NOW the truth is finally coming out. Forward this to everyone you know before they take it down!,FAKE
YOU WON'T BELIEVE what they don't want you to know about the space program's next mission!!! Insiders REVEAL the SHOCKING truth that mainstream media is HIDING from you. Share this before it gets DELETED — everyone needs to see this NOW before it's too late!,FAKE
"According to the Bureau of Labor Statistics, the defense budget has been under review since early this year, with a formal decision expected by the end of the 22-month evaluation period. The agency said it would publish its full findings once the review concludes, in line with standard procedure.",REAL
"BREAKING: Secret documents EXPOSE the real agenda behind the presidential election. A whistleblower who wishes to remain anonymous says this changes EVERYTHING. Wake up, people — they have been LYING to us for years and this PROVES it beyond any doubt!",FAKE
"Officials confirmed on Tuesday that climate policy will move forward after a review by Reuters, according to a statement released this week. The measure passed with a vote of 33 to 114, and is expected to take effect over the next 5 months. Analysts at several independent research firms said the impact would likely be gradual, citing prior similar measures.",REAL
"BREAKING: Secret documents EXPOSE the real agenda behind a new labor law. A whistleblower who wishes to remain anonymous says this changes EVERYTHING. Wake up, people — they have been LYING to us for years and this PROVES it beyond any doubt!",FAKE
"Officials confirmed on Thursday that the education budget will move forward after a review by the Congressional Budget Office, according to a statement released this week. The measure passed with a vote of 374 to 188, and is expected to take effect over the next 13 months. Analysts at several independent research firms said the impact would likely be gradual, citing prior similar measures.",REAL
"Officials confirmed on Tuesday that climate policy will move forward after a review by a spokesperson for the White House, according to a statement released this week. The measure passed with a vote of 304 to 248, and is expected to take effect over the next 19 months. Analysts at several independent research firms said the impact would likely be gradual, citing prior similar measures.",REAL
"Officials confirmed on Tuesday that the defense budget will move forward after a review by the Bureau of Labor Statistics, according to a statement released this week. The measure passed with a vote of 384 to 47, and is expected to take effect over the next 14 months. Analysts at several independent research firms said the impact would likely be gradual, citing prior similar measures.",REAL
A report published by a court filing on the state of the judiciary shows a change of 1.7% compared to last year. The data was compiled from 15 separate regional offices and reviewed by independent economists before release. Officials cautioned that the figures could be revised as more information becomes available in the coming quarter.,REAL
YOU WON'T BELIEVE what they don't want you to know about climate policy!!! Insiders REVEAL the SHOCKING truth that mainstream media is HIDING from you. Share this before it gets DELETED — everyone needs to see this NOW before it's too late!,FAKE
A report published by the Federal Reserve on the new healthcare bill shows a change of 1.1% compared to last year. The data was compiled from 19 separate regional offices and reviewed by independent economists before release. Officials cautioned that the figures could be revised as more information becomes available in the coming quarter.,REAL
"BREAKING: Secret documents EXPOSE the real agenda behind the state of the judiciary. A whistleblower who wishes to remain anonymous says this changes EVERYTHING. Wake up, people — they have been LYING to us for years and this PROVES it beyond any doubt!",FAKE
A report published by the National Weather Service on the central bank's interest rate decision shows a change of 11.3% compared to last year. The data was compiled from 248 separate regional offices and reviewed by independent economists before release. Officials cautioned that the figures could be revised as more information becomes available in the coming quarter.,REAL
"BREAKING: Secret documents EXPOSE the real agenda behind the agriculture subsidy program. A whistleblower who wishes to remain anonymous says this changes EVERYTHING. Wake up, people — they have been LYING to us for years and this PROVES it beyond any doubt!",FAKE
A report published by the Bureau of Labor Statistics on the upcoming census shows a change of 7.1% compared to last year. The data was compiled from 326 separate regional offices and reviewed by independent economists before release. Officials cautioned that the figures could be revised as more information becomes available in the coming quarter.,REAL
YOU WON'T BELIEVE what they don't want you to know about immigration reform!!! Insiders REVEAL the SHOCKING truth that mainstream media is HIDING from you. Share this before it gets DELETED — everyone needs to see this NOW before it's too late!,FAKE
YOU WON'T BELIEVE what they don't want you to know about immigration reform!!! Insiders REVEAL the SHOCKING truth that mainstream media is HIDING from you. Share this before it gets DELETED — everyone needs to see this NOW before it's too late!,FAKE
SHOCKING new evidence about the tech industry that NO ONE is talking about! A source close to the situation says this is just the tip of the iceberg. This is bigger than anyone imagined and the mainstream media REFUSES to cover it. Wake up and share NOW!,FAKE
"According to a court filing, the housing market has been under review since early this year, with a formal decision expected by the end of the 4-month evaluation period. The agency said it would publish its full findings once the review concludes, in line with standard procedure.",REAL
"Officials confirmed on Thursday that the tech industry will move forward after a review by the National Weather Service, according to a statement released this week. The measure passed with a vote of 151 to 36, and is expected to take effect over the next 14 months. Analysts at several independent research firms said the impact would likely be gradual, citing prior similar measures.",REAL
"Officials confirmed on Thursday that the tech industry will move forward after a review by a court filing, according to a statement released this week. The measure passed with a vote of 203 to 92, and is expected to take effect over the next 21 months. Analysts at several independent research firms said the impact would likely be gradual, citing prior similar measures.",REAL
A report published by Reuters on the tech industry shows a change of 8.6% compared to last year. The data was compiled from 44 separate regional offices and reviewed by independent economists before release. Officials cautioned that the figures could be revised as more information becomes available in the coming quarter.,REAL
"BREAKING: Secret documents EXPOSE the real agenda behind the education budget. A whistleblower who wishes to remain anonymous says this changes EVERYTHING. Wake up, people — they have been LYING to us for years and this PROVES it beyond any doubt!",FAKE
A report published by the Federal Reserve on the agriculture subsidy program shows a change of 10.0% compared to last year. The data was compiled from 131 separate regional offices and reviewed by independent economists before release. Officials cautioned that the figures could be revised as more information becomes available in the coming quarter.,REAL
A report published by a court filing on the education budget shows a change of 7.2% compared to last year. The data was compiled from 82 separate regional offices and reviewed by independent economists before release. Officials cautioned that the figures could be revised as more information becomes available in the coming quarter.,REAL
"Lawmakers debated the space program's next mission for several hours on Wednesday before reaching a preliminary agreement. the Congressional Budget Office said the next formal vote is scheduled within 3 weeks. Several committee members requested additional data before final approval, and a public comment period will follow.",REAL
"BREAKING: Secret documents EXPOSE the real agenda behind a major merger between two airlines. A whistleblower who wishes to remain anonymous says this changes EVERYTHING. Wake up, people — they have been LYING to us for years and this PROVES it beyond any doubt!",FAKE
"Lawmakers debated a new labor law for several hours on Friday before reaching a preliminary agreement. Reuters said the next formal vote is scheduled within 10 weeks. Several committee members requested additional data before final approval, and a public comment period will follow.",REAL
A report published by the Bureau of Labor Statistics on immigration reform shows a change of 1.5% compared to last year. The data was compiled from 353 separate regional offices and reviewed by independent economists before release. Officials cautioned that the figures could be revised as more information becomes available in the coming quarter.,REAL
A report published by a spokesperson for the White House on a new labor law shows a change of 6.5% compared to last year. The data was compiled from 246 separate regional offices and reviewed by independent economists before release. Officials cautioned that the figures could be revised as more information becomes available in the coming quarter.,REAL
YOU WON'T BELIEVE what they don't want you to know about the national vaccine rollout!!! Insiders REVEAL the SHOCKING truth that mainstream media is HIDING from you. Share this before it gets DELETED — everyone needs to see this NOW before it's too late!,FAKE
A report published by the Bureau of Labor Statistics on the economy shows a change of 5.5% compared to last year. The data was compiled from 269 separate regional offices and reviewed by independent economists before release. Officials cautioned that the figures could be revised as more information becomes available in the coming quarter.,REAL
"According to the National Weather Service, immigration reform has been under review since early this year, with a formal decision expected by the end of the 13-month evaluation period. The agency said it would publish its full findings once the review concludes, in line with standard procedure.",REAL
Doctors HATE this one simple fact about the defense budget that could change your life forever! The government has been covering this up for decades and NOW the truth is finally coming out. Forward this to everyone you know before they take it down!,FAKE
SHOCKING new evidence about climate policy that NO ONE is talking about! A source close to the situation says this is just the tip of the iceberg. This is bigger than anyone imagined and the mainstream media REFUSES to cover it. Wake up and share NOW!,FAKE
"Officials confirmed on Tuesday that the space program's next mission will move forward after a review by Reuters, according to a statement released this week. The measure passed with a vote of 191 to 299, and is expected to take effect over the next 18 months. Analysts at several independent research firms said the impact would likely be gradual, citing prior similar measures.",REAL
YOU WON'T BELIEVE what they don't want you to know about the education budget!!! Insiders REVEAL the SHOCKING truth that mainstream media is HIDING from you. Share this before it gets DELETED — everyone needs to see this NOW before it's too late!,FAKE
SHOCKING new evidence about the presidential election that NO ONE is talking about! A source close to the situation says this is just the tip of the iceberg. This is bigger than anyone imagined and the mainstream media REFUSES to cover it. Wake up and share NOW!,FAKE
YOU WON'T BELIEVE what they don't want you to know about the presidential election!!! Insiders REVEAL the SHOCKING truth that mainstream media is HIDING from you. Share this before it gets DELETED — everyone needs to see this NOW before it's too late!,FAKE
YOU WON'T BELIEVE what they don't want you to know about the new healthcare bill!!! Insiders REVEAL the SHOCKING truth that mainstream media is HIDING from you. Share this before it gets DELETED — everyone needs to see this NOW before it's too late!,FAKE
"BREAKING: Secret documents EXPOSE the real agenda behind the national vaccine rollout. A whistleblower who wishes to remain anonymous says this changes EVERYTHING. Wake up, people — they have been LYING to us for years and this PROVES it beyond any doubt!",FAKE
YOU WON'T BELIEVE what they don't want you to know about climate policy!!! Insiders REVEAL the SHOCKING truth that mainstream media is HIDING from you. Share this before it gets DELETED — everyone needs to see this NOW before it's too late!,FAKE
"Lawmakers debated the defense budget for several hours on Thursday before reaching a preliminary agreement. the National Weather Service said the next formal vote is scheduled within 9 weeks. Several committee members requested additional data before final approval, and a public comment period will follow.",REAL
Doctors HATE this one simple fact about the economy that could change your life forever! The government has been covering this up for decades and NOW the truth is finally coming out. Forward this to everyone you know before they take it down!,FAKE
"According to a Treasury Department spokesperson, climate policy has been under review since early this year, with a formal decision expected by the end of the 6-month evaluation period. The agency said it would publish its full findings once the review concludes, in line with standard procedure.",REAL
SHOCKING new evidence about a public transportation overhaul that NO ONE is talking about! A source close to the situation says this is just the tip of the iceberg. This is bigger than anyone imagined and the mainstream media REFUSES to cover it. Wake up and share NOW!,FAKE
SHOCKING new evidence about renewable energy investment that NO ONE is talking about! A source close to the situation says this is just the tip of the iceberg. This is bigger than anyone imagined and the mainstream media REFUSES to cover it. Wake up and share NOW!,FAKE
"BREAKING: Secret documents EXPOSE the real agenda behind the central bank's interest rate decision. A whistleblower who wishes to remain anonymous says this changes EVERYTHING. Wake up, people — they have been LYING to us for years and this PROVES it beyond any doubt!",FAKE
"Lawmakers debated a public transportation overhaul for several hours on Thursday before reaching a preliminary agreement. Reuters said the next formal vote is scheduled within 16 weeks. Several committee members requested additional data before final approval, and a public comment period will follow.",REAL
"Officials confirmed on Thursday that the upcoming census will move forward after a review by the Associated Press, according to a statement released this week. The measure passed with a vote of 61 to 68, and is expected to take effect over the next 1 months. Analysts at several independent research firms said the impact would likely be gradual, citing prior similar measures.",REAL
SHOCKING new evidence about the national vaccine rollout that NO ONE is talking about! A source close to the situation says this is just the tip of the iceberg. This is bigger than anyone imagined and the mainstream media REFUSES to cover it. Wake up and share NOW!,FAKE
Doctors HATE this one simple fact about immigration reform that could change your life forever! The government has been covering this up for decades and NOW the truth is finally coming out. Forward this to everyone you know before they take it down!,FAKE
YOU WON'T BELIEVE what they don't want you to know about a public transportation overhaul!!! Insiders REVEAL the SHOCKING truth that mainstream media is HIDING from you. Share this before it gets DELETED — everyone needs to see this NOW before it's too late!,FAKE
"BREAKING: Secret documents EXPOSE the real agenda behind a new labor law. A whistleblower who wishes to remain anonymous says this changes EVERYTHING. Wake up, people — they have been LYING to us for years and this PROVES it beyond any doubt!",FAKE
"BREAKING: Secret documents EXPOSE the real agenda behind climate policy. A whistleblower who wishes to remain anonymous says this changes EVERYTHING. Wake up, people — they have been LYING to us for years and this PROVES it beyond any doubt!",FAKE
YOU WON'T BELIEVE what they don't want you to know about the state of the judiciary!!! Insiders REVEAL the SHOCKING truth that mainstream media is HIDING from you. Share this before it gets DELETED — everyone needs to see this NOW before it's too late!,FAKE
"Officials confirmed on Monday that the national vaccine rollout will move forward after a review by the National Weather Service, according to a statement released this week. The measure passed with a vote of 330 to 70, and is expected to take effect over the next 1 months. Analysts at several independent research firms said the impact would likely be gradual, citing prior similar measures.",REAL
"Lawmakers debated a new trade agreement for several hours on Friday before reaching a preliminary agreement. the Federal Reserve said the next formal vote is scheduled within 2 weeks. Several committee members requested additional data before final approval, and a public comment period will follow.",REAL
"Lawmakers debated a new labor law for several hours on Monday before reaching a preliminary agreement. a Treasury Department spokesperson said the next formal vote is scheduled within 23 weeks. Several committee members requested additional data before final approval, and a public comment period will follow.",REAL
"Officials confirmed on Monday that the housing market will move forward after a review by the National Weather Service, according to a statement released this week. The measure passed with a vote of 340 to 218, and is expected to take effect over the next 16 months. Analysts at several independent research firms said the impact would likely be gradual, citing prior similar measures.",REAL
SHOCKING new evidence about the economy that NO ONE is talking about! A source close to the situation says this is just the tip of the iceberg. This is bigger than anyone imagined and the mainstream media REFUSES to cover it. Wake up and share NOW!,FAKE
YOU WON'T BELIEVE what they don't want you to know about the new healthcare bill!!! Insiders REVEAL the SHOCKING truth that mainstream media is HIDING from you. Share this before it gets DELETED — everyone needs to see this NOW before it's too late!,FAKE
SHOCKING new evidence about the space program's next mission that NO ONE is talking about! A source close to the situation says this is just the tip of the iceberg. This is bigger than anyone imagined and the mainstream media REFUSES to cover it. Wake up and share NOW!,FAKE
"Officials confirmed on Wednesday that a new labor law will move forward after a review by the Associated Press, according to a statement released this week. The measure passed with a vote of 150 to 155, and is expected to take effect over the next 20 months. Analysts at several independent research firms said the impact would likely be gradual, citing prior similar measures.",REAL
YOU WON'T BELIEVE what they don't want you to know about the state of the judiciary!!! Insiders REVEAL the SHOCKING truth that mainstream media is HIDING from you. Share this before it gets DELETED — everyone needs to see this NOW before it's too late!,FAKE
"BREAKING: Secret documents EXPOSE the real agenda behind a public transportation overhaul. A whistleblower who wishes to remain anonymous says this changes EVERYTHING. Wake up, people — they have been LYING to us for years and this PROVES it beyond any doubt!",FAKE
A report published by a Treasury Department spokesperson on a public transportation overhaul shows a change of 11.2% compared to last year. The data was compiled from 70 separate regional offices and reviewed by independent economists before release. Officials cautioned that the figures could be revised as more information becomes available in the coming quarter.,REAL
A report published by the Bureau of Labor Statistics on the national vaccine rollout shows a change of 1.9% compared to last year. The data was compiled from 317 separate regional offices and reviewed by independent economists before release. Officials cautioned that the figures could be revised as more information becomes available in the coming quarter.,REAL
SHOCKING new evidence about the upcoming census that NO ONE is talking about! A source close to the situation says this is just the tip of the iceberg. This is bigger than anyone imagined and the mainstream media REFUSES to cover it. Wake up and share NOW!,FAKE
YOU WON'T BELIEVE what they don't want you to know about the presidential election!!! Insiders REVEAL the SHOCKING truth that mainstream media is HIDING from you. Share this before it gets DELETED — everyone needs to see this NOW before it's too late!,FAKE
"Lawmakers debated immigration reform for several hours on Friday before reaching a preliminary agreement. a court filing said the next formal vote is scheduled within 5 weeks. Several committee members requested additional data before final approval, and a public comment period will follow.",REAL
SHOCKING new evidence about renewable energy investment that NO ONE is talking about! A source close to the situation says this is just the tip of the iceberg. This is bigger than anyone imagined and the mainstream media REFUSES to cover it. Wake up and share NOW!,FAKE
A report published by the Bureau of Labor Statistics on the upcoming census shows a change of 5.3% compared to last year. The data was compiled from 136 separate regional offices and reviewed by independent economists before release. Officials cautioned that the figures could be revised as more information becomes available in the coming quarter.,REAL
"BREAKING: Secret documents EXPOSE the real agenda behind the agriculture subsidy program. A whistleblower who wishes to remain anonymous says this changes EVERYTHING. Wake up, people — they have been LYING to us for years and this PROVES it beyond any doubt!",FAKE
"Lawmakers debated the central bank's interest rate decision for several hours on Wednesday before reaching a preliminary agreement. a spokesperson for the White House said the next formal vote is scheduled within 9 weeks. Several committee members requested additional data before final approval, and a public comment period will follow.",REAL
"Lawmakers debated the education budget for several hours on Monday before reaching a preliminary agreement. Reuters said the next formal vote is scheduled within 20 weeks. Several committee members requested additional data before final approval, and a public comment period will follow.",REAL
SHOCKING new evidence about the state of the judiciary that NO ONE is talking about! A source close to the situation says this is just the tip of the iceberg. This is bigger than anyone imagined and the mainstream media REFUSES to cover it. Wake up and share NOW!,FAKE
"BREAKING: Secret documents EXPOSE the real agenda behind a new trade agreement. A whistleblower who wishes to remain anonymous says this changes EVERYTHING. Wake up, people — they have been LYING to us for years and this PROVES it beyond any doubt!",FAKE
SHOCKING new evidence about a new trade agreement that NO ONE is talking about! A source close to the situation says this is just the tip of the iceberg. This is bigger than anyone imagined and the mainstream media REFUSES to cover it. Wake up and share NOW!,FAKE
"According to the Department of Health, a new trade agreement has been under review since early this year, with a formal decision expected by the end of the 18-month evaluation period. The agency said it would publish its full findings once the review concludes, in line with standard procedure.",REAL
A report published by the Congressional Budget Office on a public transportation overhaul shows a change of 4.1% compared to last year. The data was compiled from 209 separate regional offices and reviewed by independent economists before release. Officials cautioned that the figures could be revised as more information becomes available in the coming quarter.,REAL
YOU WON'T BELIEVE what they don't want you to know about the defense budget!!! Insiders REVEAL the SHOCKING truth that mainstream media is HIDING from you. Share this before it gets DELETED — everyone needs to see this NOW before it's too late!,FAKE
Doctors HATE this one simple fact about the space program's next mission that could change your life forever! The government has been covering this up for decades and NOW the truth is finally coming out. Forward this to everyone you know before they take it down!,FAKE
SHOCKING new evidence about a major merger between two airlines that NO ONE is talking about! A source close to the situation says this is just the tip of the iceberg. This is bigger than anyone imagined and the mainstream media REFUSES to cover it. Wake up and share NOW!,FAKE
SHOCKING new evidence about a new labor law that NO ONE is talking about! A source close to the situation says this is just the tip of the iceberg. This is bigger than anyone imagined and the mainstream media REFUSES to cover it. Wake up and share NOW!,FAKE
"BREAKING: Secret documents EXPOSE the real agenda behind the national vaccine rollout. A whistleblower who wishes to remain anonymous says this changes EVERYTHING. Wake up, people — they have been LYING to us for years and this PROVES it beyond any doubt!",FAKE
SHOCKING new evidence about the economy that NO ONE is talking about! A source close to the situation says this is just the tip of the iceberg. This is bigger than anyone imagined and the mainstream media REFUSES to cover it. Wake up and share NOW!,FAKE
SHOCKING new evidence about a major merger between two airlines that NO ONE is talking about! A source close to the situation says this is just the tip of the iceberg. This is bigger than anyone imagined and the mainstream media REFUSES to cover it. Wake up and share NOW!,FAKE
"Officials confirmed on Monday that a new labor law will move forward after a review by the Congressional Budget Office, according to a statement released this week. The measure passed with a vote of 13 to 296, and is expected to take effect over the next 10 months. Analysts at several independent research firms said the impact would likely be gradual, citing prior similar measures.",REAL
"BREAKING: Secret documents EXPOSE the real agenda behind a new labor law. A whistleblower who wishes to remain anonymous says this changes EVERYTHING. Wake up, people — they have been LYING to us for years and this PROVES it beyond any doubt!",FAKE
"BREAKING: Secret documents EXPOSE the real agenda behind the tech industry. A whistleblower who wishes to remain anonymous says this changes EVERYTHING. Wake up, people — they have been LYING to us for years and this PROVES it beyond any doubt!",FAKE
"Officials confirmed on Tuesday that the central bank's interest rate decision will move forward after a review by a Treasury Department spokesperson, according to a statement released this week. The measure passed with a vote of 20 to 204, and is expected to take effect over the next 16 months. Analysts at several independent research firms said the impact would likely be gradual, citing prior similar measures.",REAL
YOU WON'T BELIEVE what they don't want you to know about a new trade agreement!!! Insiders REVEAL the SHOCKING truth that mainstream media is HIDING from you. Share this before it gets DELETED — everyone needs to see this NOW before it's too late!,FAKE
"Officials confirmed on Friday that climate policy will move forward after a review by the National Weather Service, according to a statement released this week. The measure passed with a vote of 236 to 259, and is expected to take effect over the next 5 months. Analysts at several independent research firms said the impact would likely be gradual, citing prior similar measures.",REAL
A report published by the Department of Health on the space program's next mission shows a change of 8.2% compared to last year. The data was compiled from 133 separate regional offices and reviewed by independent economists before release. Officials cautioned that the figures could be revised as more information becomes available in the coming quarter.,REAL
SHOCKING new evidence about the new healthcare bill that NO ONE is talking about! A source close to the situation says this is just the tip of the iceberg. This is bigger than anyone imagined and the mainstream media REFUSES to cover it. Wake up and share NOW!,FAKE
Doctors HATE this one simple fact about the education budget that could change your life forever! The government has been covering this up for decades and NOW the truth is finally coming out. Forward this to everyone you know before they take it down!,FAKE
SHOCKING new evidence about immigration reform that NO ONE is talking about! A source close to the situation says this is just the tip of the iceberg. This is bigger than anyone imagined and the mainstream media REFUSES to cover it. Wake up and share NOW!,FAKE
A report published by the Department of Health on the defense budget shows a change of 6.3% compared to last year. The data was compiled from 235 separate regional offices and reviewed by independent economists before release. Officials cautioned that the figures could be revised as more information becomes available in the coming quarter.,REAL
A report published by the Department of Health on renewable energy investment shows a change of 11.1% compared to last year. The data was compiled from 315 separate regional offices and reviewed by independent economists before release. Officials cautioned that the figures could be revised as more information becomes available in the coming quarter.,REAL
YOU WON'T BELIEVE what they don't want you to know about the state of the judiciary!!! Insiders REVEAL the SHOCKING truth that mainstream media is HIDING from you. Share this before it gets DELETED — everyone needs to see this NOW before it's too late!,FAKE
A report published by a spokesperson for the White House on renewable energy investment shows a change of 6.9% compared to last year. The data was compiled from 97 separate regional offices and reviewed by independent economists before release. Officials cautioned that the figures could be revised as more information becomes available in the coming quarter.,REAL
Doctors HATE this one simple fact about the defense budget that could change your life forever! The government has been covering this up for decades and NOW the truth is finally coming out. Forward this to everyone you know before they take it down!,FAKE
"Officials confirmed on Friday that a major merger between two airlines will move forward after a review by the National Weather Service, according to a statement released this week. The measure passed with a vote of 105 to 151, and is expected to take effect over the next 22 months. Analysts at several independent research firms said the impact would likely be gradual, citing prior similar measures.",REAL
Doctors HATE this one simple fact about renewable energy investment that could change your life forever! The government has been covering this up for decades and NOW the truth is finally coming out. Forward this to everyone you know before they take it down!,FAKE
"Officials confirmed on Friday that the housing market will move forward after a review by the Federal Reserve, according to a statement released this week. The measure passed with a vote of 278 to 242, and is expected to take effect over the next 21 months. Analysts at several independent research firms said the impact would likely be gradual, citing prior similar measures.",REAL
YOU WON'T BELIEVE what they don't want you to know about the presidential election!!! Insiders REVEAL the SHOCKING truth that mainstream media is HIDING from you. Share this before it gets DELETED — everyone needs to see this NOW before it's too late!,FAKE
Doctors HATE this one simple fact about the presidential election that could change your life forever! The government has been covering this up for decades and NOW the truth is finally coming out. Forward this to everyone you know before they take it down!,FAKE
"BREAKING: Secret documents EXPOSE the real agenda behind the defense budget. A whistleblower who wishes to remain anonymous says this changes EVERYTHING. Wake up, people — they have been LYING to us for years and this PROVES it beyond any doubt!",FAKE
"BREAKING: Secret documents EXPOSE the real agenda behind the agriculture subsidy program. A whistleblower who wishes to remain anonymous says this changes EVERYTHING. Wake up, people — they have been LYING to us for years and this PROVES it beyond any doubt!",FAKE
SHOCKING new evidence about the economy that NO ONE is talking about! A source close to the situation says this is just the tip of the iceberg. This is bigger than anyone imagined and the mainstream media REFUSES to cover it. Wake up and share NOW!,FAKE
SHOCKING new evidence about the new healthcare bill that NO ONE is talking about! A source close to the situation says this is just the tip of the iceberg. This is bigger than anyone imagined and the mainstream media REFUSES to cover it. Wake up and share NOW!,FAKE
"According to the Congressional Budget Office, the national vaccine rollout has been under review since early this year, with a formal decision expected by the end of the 20-month evaluation period. The agency said it would publish its full findings once the review concludes, in line with standard procedure.",REAL
SHOCKING new evidence about the presidential election that NO ONE is talking about! A source close to the situation says this is just the tip of the iceberg. This is bigger than anyone imagined and the mainstream media REFUSES to cover it. Wake up and share NOW!,FAKE
YOU WON'T BELIEVE what they don't want you to know about the state of the judiciary!!! Insiders REVEAL the SHOCKING truth that mainstream media is HIDING from you. Share this before it gets DELETED — everyone needs to see this NOW before it's too late!,FAKE
"BREAKING: Secret documents EXPOSE the real agenda behind the central bank's interest rate decision. A whistleblower who wishes to remain anonymous says this changes EVERYTHING. Wake up, people — they have been LYING to us for years and this PROVES it beyond any doubt!",FAKE
YOU WON'T BELIEVE what they don't want you to know about a new labor law!!! Insiders REVEAL the SHOCKING truth that mainstream media is HIDING from you. Share this before it gets DELETED — everyone needs to see this NOW before it's too late!,FAKE
"Lawmakers debated renewable energy investment for several hours on Wednesday before reaching a preliminary agreement. a Treasury Department spokesperson said the next formal vote is scheduled within 17 weeks. Several committee members requested additional data before final approval, and a public comment period will follow.",REAL
SHOCKING new evidence about climate policy that NO ONE is talking about! A source close to the situation says this is just the tip of the iceberg. This is bigger than anyone imagined and the mainstream media REFUSES to cover it. Wake up and share NOW!,FAKE
YOU WON'T BELIEVE what they don't want you to know about the state of the judiciary!!! Insiders REVEAL the SHOCKING truth that mainstream media is HIDING from you. Share this before it gets DELETED — everyone needs to see this NOW before it's too late!,FAKE
SHOCKING new evidence about the agriculture subsidy program that NO ONE is talking about! A source close to the situation says this is just the tip of the iceberg. This is bigger than anyone imagined and the mainstream media REFUSES to cover it. Wake up and share NOW!,FAKE
"According to a Treasury Department spokesperson, a public transportation overhaul has been under review since early this year, with a formal decision expected by the end of the 1-month evaluation period. The agency said it would publish its full findings once the review concludes, in line with standard procedure.",REAL
YOU WON'T BELIEVE what they don't want you to know about the agriculture subsidy program!!! Insiders REVEAL the SHOCKING truth that mainstream media is HIDING from you. Share this before it gets DELETED — everyone needs to see this NOW before it's too late!,FAKE
"Lawmakers debated a new labor law for several hours on Thursday before reaching a preliminary agreement. Reuters said the next formal vote is scheduled within 9 weeks. Several committee members requested additional data before final approval, and a public comment period will follow.",REAL
SHOCKING new evidence about climate policy that NO ONE is talking about! A source close to the situation says this is just the tip of the iceberg. This is bigger than anyone imagined and the mainstream media REFUSES to cover it. Wake up and share NOW!,FAKE
"According to the Associated Press, the economy has been under review since early this year, with a formal decision expected by the end of the 13-month evaluation period. The agency said it would publish its full findings once the review concludes, in line with standard procedure.",REAL
"According to the Department of Health, immigration reform has been under review since early this year, with a formal decision expected by the end of the 14-month evaluation period. The agency said it would publish its full findings once the review concludes, in line with standard procedure.",REAL
"Lawmakers debated the new healthcare bill for several hours on Wednesday before reaching a preliminary agreement. the Federal Reserve said the next formal vote is scheduled within 21 weeks. Several committee members requested additional data before final approval, and a public comment period will follow.",REAL
Doctors HATE this one simple fact about the tech industry that could change your life forever! The government has been covering this up for decades and NOW the truth is finally coming out. Forward this to everyone you know before they take it down!,FAKE
YOU WON'T BELIEVE what they don't want you to know about renewable energy investment!!! Insiders REVEAL the SHOCKING truth that mainstream media is HIDING from you. Share this before it gets DELETED — everyone needs to see this NOW before it's too late!,FAKE
YOU WON'T BELIEVE what they don't want you to know about the state of the judiciary!!! Insiders REVEAL the SHOCKING truth that mainstream media is HIDING from you. Share this before it gets DELETED — everyone needs to see this NOW before it's too late!,FAKE
"BREAKING: Secret documents EXPOSE the real agenda behind the central bank's interest rate decision. A whistleblower who wishes to remain anonymous says this changes EVERYTHING. Wake up, people — they have been LYING to us for years and this PROVES it beyond any doubt!",FAKE
"Officials confirmed on Tuesday that the upcoming census will move forward after a review by the Associated Press, according to a statement released this week. The measure passed with a vote of 43 to 201, and is expected to take effect over the next 6 months. Analysts at several independent research firms said the impact would likely be gradual, citing prior similar measures.",REAL
A report published by the Congressional Budget Office on the defense budget shows a change of 2.5% compared to last year. The data was compiled from 254 separate regional offices and reviewed by independent economists before release. Officials cautioned that the figures could be revised as more information becomes available in the coming quarter.,REAL
Doctors HATE this one simple fact about the upcoming census that could change your life forever! The government has been covering this up for decades and NOW the truth is finally coming out. Forward this to everyone you know before they take it down!,FAKE
"Officials confirmed on Tuesday that the central bank's interest rate decision will move forward after a review by Reuters, according to a statement released this week. The measure passed with a vote of 143 to 65, and is expected to take effect over the next 23 months. Analysts at several independent research firms said the impact would likely be gradual, citing prior similar measures.",REAL
"Lawmakers debated climate policy for several hours on Wednesday before reaching a preliminary agreement. the National Weather Service said the next formal vote is scheduled within 8 weeks. Several committee members requested additional data before final approval, and a public comment period will follow.",REAL
A report published by the Associated Press on the upcoming census shows a change of 3.8% compared to last year. The data was compiled from 367 separate regional offices and reviewed by independent economists before release. Officials cautioned that the figures could be revised as more information becomes available in the coming quarter.,REAL
"Lawmakers debated a new labor law for several hours on Friday before reaching a preliminary agreement. the Department of Health said the next formal vote is scheduled within 2 weeks. Several committee members requested additional data before final approval, and a public comment period will follow.",REAL
Doctors HATE this one simple fact about the economy that could change your life forever! The government has been covering this up for decades and NOW the truth is finally coming out. Forward this to everyone you know before they take it down!,FAKE
"Lawmakers debated the housing market for several hours on Friday before reaching a preliminary agreement. Reuters said the next formal vote is scheduled within 19 weeks. Several committee members requested additional data before final approval, and a public comment period will follow.",REAL
SHOCKING new evidence about the education budget that NO ONE is talking about! A source close to the situation says this is just the tip of the iceberg. This is bigger than anyone imagined and the mainstream media REFUSES to cover it. Wake up and share NOW!,FAKE
"BREAKING: Secret documents EXPOSE the real agenda behind a new labor law. A whistleblower who wishes to remain anonymous says this changes EVERYTHING. Wake up, people — they have been LYING to us for years and this PROVES it beyond any doubt!",FAKE
YOU WON'T BELIEVE what they don't want you to know about a new trade agreement!!! Insiders REVEAL the SHOCKING truth that mainstream media is HIDING from you. Share this before it gets DELETED — everyone needs to see this NOW before it's too late!,FAKE
"Lawmakers debated climate policy for several hours on Thursday before reaching a preliminary agreement. a spokesperson for the White House said the next formal vote is scheduled within 24 weeks. Several committee members requested additional data before final approval, and a public comment period will follow.",REAL
A report published by a court filing on renewable energy investment shows a change of 3.6% compared to last year. The data was compiled from 341 separate regional offices and reviewed by independent economists before release. Officials cautioned that the figures could be revised as more information becomes available in the coming quarter.,REAL
SHOCKING new evidence about the space program's next mission that NO ONE is talking about! A source close to the situation says this is just the tip of the iceberg. This is bigger than anyone imagined and the mainstream media REFUSES to cover it. Wake up and share NOW!,FAKE
"According to the National Weather Service, a new labor law has been under review since early this year, with a formal decision expected by the end of the 14-month evaluation period. The agency said it would publish its full findings once the review concludes, in line with standard procedure.",REAL
"BREAKING: Secret documents EXPOSE the real agenda behind climate policy. A whistleblower who wishes to remain anonymous says this changes EVERYTHING. Wake up, people — they have been LYING to us for years and this PROVES it beyond any doubt!",FAKE
YOU WON'T BELIEVE what they don't want you to know about a new trade agreement!!! Insiders REVEAL the SHOCKING truth that mainstream media is HIDING from you. Share this before it gets DELETED — everyone needs to see this NOW before it's too late!,FAKE
SHOCKING new evidence about a new trade agreement that NO ONE is talking about! A source close to the situation says this is just the tip of the iceberg. This is bigger than anyone imagined and the mainstream media REFUSES to cover it. Wake up and share NOW!,FAKE
SHOCKING new evidence about the state of the judiciary that NO ONE is talking about! A source close to the situation says this is just the tip of the iceberg. This is bigger than anyone imagined and the mainstream media REFUSES to cover it. Wake up and share NOW!,FAKE
A report published by a spokesperson for the White House on a new trade agreement shows a change of 8.3% compared to last year. The data was compiled from 298 separate regional offices and reviewed by independent economists before release. Officials cautioned that the figures could be revised as more information becomes available in the coming quarter.,REAL
"Lawmakers debated the new healthcare bill for several hours on Friday before reaching a preliminary agreement. the Associated Press said the next formal vote is scheduled within 4 weeks. Several committee members requested additional data before final approval, and a public comment period will follow.",REAL
SHOCKING new evidence about the national vaccine rollout that NO ONE is talking about! A source close to the situation says this is just the tip of the iceberg. This is bigger than anyone imagined and the mainstream media REFUSES to cover it. Wake up and share NOW!,FAKE
"According to Reuters, the economy has been under review since early this year, with a formal decision expected by the end of the 23-month evaluation period. The agency said it would publish its full findings once the review concludes, in line with standard procedure.",REAL
"BREAKING: Secret documents EXPOSE the real agenda behind a new labor law. A whistleblower who wishes to remain anonymous says this changes EVERYTHING. Wake up, people — they have been LYING to us for years and this PROVES it beyond any doubt!",FAKE
"Lawmakers debated the national vaccine rollout for several hours on Thursday before reaching a preliminary agreement. the Federal Reserve said the next formal vote is scheduled within 5 weeks. Several committee members requested additional data before final approval, and a public comment period will follow.",REAL
"Officials confirmed on Monday that the space program's next mission will move forward after a review by the Department of Health, according to a statement released this week. The measure passed with a vote of 223 to 140, and is expected to take effect over the next 11 months. Analysts at several independent research firms said the impact would likely be gradual, citing prior similar measures.",REAL
"BREAKING: Secret documents EXPOSE the real agenda behind a public transportation overhaul. A whistleblower who wishes to remain anonymous says this changes EVERYTHING. Wake up, people — they have been LYING to us for years and this PROVES it beyond any doubt!",FAKE
"Officials confirmed on Monday that immigration reform will move forward after a review by a spokesperson for the White House, according to a statement released this week. The measure passed with a vote of 396 to 227, and is expected to take effect over the next 8 months. Analysts at several independent research firms said the impact would likely be gradual, citing prior similar measures.",REAL
"According to the Bureau of Labor Statistics, the education budget has been under review since early this year, with a formal decision expected by the end of the 15-month evaluation period. The agency said it would publish its full findings once the review concludes, in line with standard procedure.",REAL
A report published by the Congressional Budget Office on the defense budget shows a change of 4.9% compared to last year. The data was compiled from 122 separate regional offices and reviewed by independent economists before release. Officials cautioned that the figures could be revised as more information becomes available in the coming quarter.,REAL
"Officials confirmed on Monday that the education budget will move forward after a review by a Treasury Department spokesperson, according to a statement released this week. The measure passed with a vote of 170 to 184, and is expected to take effect over the next 15 months. Analysts at several independent research firms said the impact would likely be gradual, citing prior similar measures.",REAL
"Officials confirmed on Wednesday that the housing market will move forward after a review by a Treasury Department spokesperson, according to a statement released this week. The measure passed with a vote of 368 to 225, and is expected to take effect over the next 24 months. Analysts at several independent research firms said the impact would likely be gradual, citing prior similar measures.",REAL
A report published by the Department of Health on the agriculture subsidy program shows a change of 8.0% compared to last year. The data was compiled from 80 separate regional offices and reviewed by independent economists before release. Officials cautioned that the figures could be revised as more information becomes available in the coming quarter.,REAL
"Officials confirmed on Friday that the housing market will move forward after a review by the National Weather Service, according to a statement released this week. The measure passed with a vote of 361 to 79, and is expected to take effect over the next 7 months. Analysts at several independent research firms said the impact would likely be gradual, citing prior similar measures.",REAL
"According to Reuters, the state of the judiciary has been under review since early this year, with a formal decision expected by the end of the 11-month evaluation period. The agency said it would publish its full findings once the review concludes, in line with standard procedure.",REAL
"According to a court filing, the education budget has been under review since early this year, with a formal decision expected by the end of the 20-month evaluation period. The agency said it would publish its full findings once the review concludes, in line with standard procedure.",REAL
YOU WON'T BELIEVE what they don't want you to know about climate policy!!! Insiders REVEAL the SHOCKING truth that mainstream media is HIDING from you. Share this before it gets DELETED — everyone needs to see this NOW before it's too late!,FAKE
"According to the Associated Press, the agriculture subsidy program has been under review since early this year, with a formal decision expected by the end of the 4-month evaluation period. The agency said it would publish its full findings once the review concludes, in line with standard procedure.",REAL
YOU WON'T BELIEVE what they don't want you to know about the defense budget!!! Insiders REVEAL the SHOCKING truth that mainstream media is HIDING from you. Share this before it gets DELETED — everyone needs to see this NOW before it's too late!,FAKE
"Lawmakers debated the upcoming census for several hours on Monday before reaching a preliminary agreement. the Associated Press said the next formal vote is scheduled within 16 weeks. Several committee members requested additional data before final approval, and a public comment period will follow.",REAL
SHOCKING new evidence about the economy that NO ONE is talking about! A source close to the situation says this is just the tip of the iceberg. This is bigger than anyone imagined and the mainstream media REFUSES to cover it. Wake up and share NOW!,FAKE
YOU WON'T BELIEVE what they don't want you to know about the economy!!! Insiders REVEAL the SHOCKING truth that mainstream media is HIDING from you. Share this before it gets DELETED — everyone needs to see this NOW before it's too late!,FAKE
"Officials confirmed on Tuesday that a major merger between two airlines will move forward after a review by the Associated Press, according to a statement released this week. The measure passed with a vote of 352 to 277, and is expected to take effect over the next 19 months. Analysts at several independent research firms said the impact would likely be gradual, citing prior similar measures.",REAL
"According to the Bureau of Labor Statistics, the new healthcare bill has been under review since early this year, with a formal decision expected by the end of the 22-month evaluation period. The agency said it would publish its full findings once the review concludes, in line with standard procedure.",REAL
YOU WON'T BELIEVE what they don't want you to know about the space program's next mission!!! Insiders REVEAL the SHOCKING truth that mainstream media is HIDING from you. Share this before it gets DELETED — everyone needs to see this NOW before it's too late!,FAKE
"According to a Treasury Department spokesperson, the national vaccine rollout has been under review since early this year, with a formal decision expected by the end of the 2-month evaluation period. The agency said it would publish its full findings once the review concludes, in line with standard procedure.",REAL
Doctors HATE this one simple fact about the new healthcare bill that could change your life forever! The government has been covering this up for decades and NOW the truth is finally coming out. Forward this to everyone you know before they take it down!,FAKE
"BREAKING: Secret documents EXPOSE the real agenda behind the tech industry. A whistleblower who wishes to remain anonymous says this changes EVERYTHING. Wake up, people — they have been LYING to us for years and this PROVES it beyond any doubt!",FAKE
A report published by a court filing on the agriculture subsidy program shows a change of 0.8% compared to last year. The data was compiled from 371 separate regional offices and reviewed by independent economists before release. Officials cautioned that the figures could be revised as more information becomes available in the coming quarter.,REAL
A report published by the Associated Press on immigration reform shows a change of 7.8% compared to last year. The data was compiled from 224 separate regional offices and reviewed by independent economists before release. Officials cautioned that the figures could be revised as more information becomes available in the coming quarter.,REAL
Doctors HATE this one simple fact about the space program's next mission that could change your life forever! The government has been covering this up for decades and NOW the truth is finally coming out. Forward this to everyone you know before they take it down!,FAKE
"Officials confirmed on Thursday that a major merger between two airlines will move forward after a review by the Congressional Budget Office, according to a statement released this week. The measure passed with a vote of 6 to 221, and is expected to take effect over the next 10 months. Analysts at several independent research firms said the impact would likely be gradual, citing prior similar measures.",REAL
YOU WON'T BELIEVE what they don't want you to know about the tech industry!!! Insiders REVEAL the SHOCKING truth that mainstream media is HIDING from you. Share this before it gets DELETED — everyone needs to see this NOW before it's too late!,FAKE
"According to a Treasury Department spokesperson, the defense budget has been under review since early this year, with a formal decision expected by the end of the 3-month evaluation period. The agency said it would publish its full findings once the review concludes, in line with standard procedure.",REAL
"BREAKING: Secret documents EXPOSE the real agenda behind climate policy. A whistleblower who wishes to remain anonymous says this changes EVERYTHING. Wake up, people — they have been LYING to us for years and this PROVES it beyond any doubt!",FAKE
Doctors HATE this one simple fact about the tech industry that could change your life forever! The government has been covering this up for decades and NOW the truth is finally coming out. Forward this to everyone you know before they take it down!,FAKE
SHOCKING new evidence about a major merger between two airlines that NO ONE is talking about! A source close to the situation says this is just the tip of the iceberg. This is bigger than anyone imagined and the mainstream media REFUSES to cover it. Wake up and share NOW!,FAKE
"BREAKING: Secret documents EXPOSE the real agenda behind the presidential election. A whistleblower who wishes to remain anonymous says this changes EVERYTHING. Wake up, people — they have been LYING to us for years and this PROVES it beyond any doubt!",FAKE
"Lawmakers debated a new trade agreement for several hours on Monday before reaching a preliminary agreement. a Treasury Department spokesperson said the next formal vote is scheduled within 10 weeks. Several committee members requested additional data before final approval, and a public comment period will follow.",REAL
Doctors HATE this one simple fact about the agriculture subsidy program that could change your life forever! The government has been covering this up for decades and NOW the truth is finally coming out. Forward this to everyone you know before they take it down!,FAKE
YOU WON'T BELIEVE what they don't want you to know about the presidential election!!! Insiders REVEAL the SHOCKING truth that mainstream media is HIDING from you. Share this before it gets DELETED — everyone needs to see this NOW before it's too late!,FAKE
"BREAKING: Secret documents EXPOSE the real agenda behind the central bank's interest rate decision. A whistleblower who wishes to remain anonymous says this changes EVERYTHING. Wake up, people — they have been LYING to us for years and this PROVES it beyond any doubt!",FAKE
"BREAKING: Secret documents EXPOSE the real agenda behind a major merger between two airlines. A whistleblower who wishes to remain anonymous says this changes EVERYTHING. Wake up, people — they have been LYING to us for years and this PROVES it beyond any doubt!",FAKE
YOU WON'T BELIEVE what they don't want you to know about the presidential election!!! Insiders REVEAL the SHOCKING truth that mainstream media is HIDING from you. Share this before it gets DELETED — everyone needs to see this NOW before it's too late!,FAKE
"Lawmakers debated the defense budget for several hours on Tuesday before reaching a preliminary agreement. the Associated Press said the next formal vote is scheduled within 3 weeks. Several committee members requested additional data before final approval, and a public comment period will follow.",REAL
"According to the Federal Reserve, the tech industry has been under review since early this year, with a formal decision expected by the end of the 14-month evaluation period. The agency said it would publish its full findings once the review concludes, in line with standard procedure.",REAL
YOU WON'T BELIEVE what they don't want you to know about the space program's next mission!!! Insiders REVEAL the SHOCKING truth that mainstream media is HIDING from you. Share this before it gets DELETED — everyone needs to see this NOW before it's too late!,FAKE
"Lawmakers debated the agriculture subsidy program for several hours on Friday before reaching a preliminary agreement. Reuters said the next formal vote is scheduled within 21 weeks. Several committee members requested additional data before final approval, and a public comment period will follow.",REAL
Doctors HATE this one simple fact about the national vaccine rollout that could change your life forever! The government has been covering this up for decades and NOW the truth is finally coming out. Forward this to everyone you know before they take it down!,FAKE
"Officials confirmed on Friday that the space program's next mission will move forward after a review by a spokesperson for the White House, according to a statement released this week. The measure passed with a vote of 8 to 9, and is expected to take effect over the next 17 months. Analysts at several independent research firms said the impact would likely be gradual, citing prior similar measures.",REAL
"Lawmakers debated the defense budget for several hours on Monday before reaching a preliminary agreement. Reuters said the next formal vote is scheduled within 6 weeks. Several committee members requested additional data before final approval, and a public comment period will follow.",REAL
YOU WON'T BELIEVE what they don't want you to know about the defense budget!!! Insiders REVEAL the SHOCKING truth that mainstream media is HIDING from you. Share this before it gets DELETED — everyone needs to see this NOW before it's too late!,FAKE
"According to a court filing, the upcoming census has been under review since early this year, with a formal decision expected by the end of the 13-month evaluation period. The agency said it would publish its full findings once the review concludes, in line with standard procedure.",REAL
"BREAKING: Secret documents EXPOSE the real agenda behind the new healthcare bill. A whistleblower who wishes to remain anonymous says this changes EVERYTHING. Wake up, people — they have been LYING to us for years and this PROVES it beyond any doubt!",FAKE
"Officials confirmed on Monday that the housing market will move forward after a review by the Bureau of Labor Statistics, according to a statement released this week. The measure passed with a vote of 116 to 72, and is expected to take effect over the next 24 months. Analysts at several independent research firms said the impact would likely be gradual, citing prior similar measures.",REAL
"According to the Department of Health, climate policy has been under review since early this year, with a formal decision expected by the end of the 20-month evaluation period. The agency said it would publish its full findings once the review concludes, in line with standard procedure.",REAL
SHOCKING new evidence about the housing market that NO ONE is talking about! A source close to the situation says this is just the tip of the iceberg. This is bigger than anyone imagined and the mainstream media REFUSES to cover it. Wake up and share NOW!,FAKE
A report published by a court filing on the state of the judiciary shows a change of 11.3% compared to last year. The data was compiled from 254 separate regional offices and reviewed by independent economists before release. Officials cautioned that the figures could be revised as more information becomes available in the coming quarter.,REAL
YOU WON'T BELIEVE what they don't want you to know about the national vaccine rollout!!! Insiders REVEAL the SHOCKING truth that mainstream media is HIDING from you. Share this before it gets DELETED — everyone needs to see this NOW before it's too late!,FAKE
"Officials confirmed on Wednesday that the defense budget will move forward after a review by a spokesperson for the White House, according to a statement released this week. The measure passed with a vote of 216 to 276, and is expected to take effect over the next 24 months. Analysts at several independent research firms said the impact would likely be gradual, citing prior similar measures.",REAL
"According to the Department of Health, the new healthcare bill has been under review since early this year, with a formal decision expected by the end of the 5-month evaluation period. The agency said it would publish its full findings once the review concludes, in line with standard procedure.",REAL
SHOCKING new evidence about the tech industry that NO ONE is talking about! A source close to the situation says this is just the tip of the iceberg. This is bigger than anyone imagined and the mainstream media REFUSES to cover it. Wake up and share NOW!,FAKE
SHOCKING new evidence about the tech industry that NO ONE is talking about! A source close to the situation says this is just the tip of the iceberg. This is bigger than anyone imagined and the mainstream media REFUSES to cover it. Wake up and share NOW!,FAKE
Doctors HATE this one simple fact about the housing market that could change your life forever! The government has been covering this up for decades and NOW the truth is finally coming out. Forward this to everyone you know before they take it down!,FAKE
YOU WON'T BELIEVE what they don't want you to know about a new labor law!!! Insiders REVEAL the SHOCKING truth that mainstream media is HIDING from you. Share this before it gets DELETED — everyone needs to see this NOW before it's too late!,FAKE
SHOCKING new evidence about the upcoming census that NO ONE is talking about! A source close to the situation says this is just the tip of the iceberg. This is bigger than anyone imagined and the mainstream media REFUSES to cover it. Wake up and share NOW!,FAKE
A report published by a Treasury Department spokesperson on the new healthcare bill shows a change of 11.0% compared to last year. The data was compiled from 259 separate regional offices and reviewed by independent economists before release. Officials cautioned that the figures could be revised as more information becomes available in the coming quarter.,REAL
A report published by the Congressional Budget Office on the national vaccine rollout shows a change of 7.7% compared to last year. The data was compiled from 94 separate regional offices and reviewed by independent economists before release. Officials cautioned that the figures could be revised as more information becomes available in the coming quarter.,REAL
"Lawmakers debated the new healthcare bill for several hours on Friday before reaching a preliminary agreement. the Bureau of Labor Statistics said the next formal vote is scheduled within 3 weeks. Several committee members requested additional data before final approval, and a public comment period will follow.",REAL
"BREAKING: Secret documents EXPOSE the real agenda behind the education budget. A whistleblower who wishes to remain anonymous says this changes EVERYTHING. Wake up, people — they have been LYING to us for years and this PROVES it beyond any doubt!",FAKE
SHOCKING new evidence about the defense budget that NO ONE is talking about! A source close to the situation says this is just the tip of the iceberg. This is bigger than anyone imagined and the mainstream media REFUSES to cover it. Wake up and share NOW!,FAKE
"Officials confirmed on Tuesday that a major merger between two airlines will move forward after a review by the National Weather Service, according to a statement released this week. The measure passed with a vote of 388 to 289, and is expected to take effect over the next 19 months. Analysts at several independent research firms said the impact would likely be gradual, citing prior similar measures.",REAL
"Officials confirmed on Thursday that climate policy will move forward after a review by the Congressional Budget Office, according to a statement released this week. The measure passed with a vote of 214 to 44, and is expected to take effect over the next 4 months. Analysts at several independent research firms said the impact would likely be gradual, citing prior similar measures.",REAL
A report published by the Federal Reserve on immigration reform shows a change of 4.8% compared to last year. The data was compiled from 11 separate regional offices and reviewed by independent economists before release. Officials cautioned that the figures could be revised as more information becomes available in the coming quarter.,REAL
Doctors HATE this one simple fact about the new healthcare bill that could change your life forever! The government has been covering this up for decades and NOW the truth is finally coming out. Forward this to everyone you know before they take it down!,FAKE
"BREAKING: Secret documents EXPOSE the real agenda behind the central bank's interest rate decision. A whistleblower who wishes to remain anonymous says this changes EVERYTHING. Wake up, people — they have been LYING to us for years and this PROVES it beyond any doubt!",FAKE
"According to the Federal Reserve, the tech industry has been under review since early this year, with a formal decision expected by the end of the 14-month evaluation period. The agency said it would publish its full findings once the review concludes, in line with standard procedure.",REAL
"Officials confirmed on Tuesday that the central bank's interest rate decision will move forward after a review by a court filing, according to a statement released this week. The measure passed with a vote of 207 to 269, and is expected to take effect over the next 3 months. Analysts at several independent research firms said the impact would likely be gradual, citing prior similar measures.",REAL
"Officials confirmed on Thursday that the central bank's interest rate decision will move forward after a review by a Treasury Department spokesperson, according to a statement released this week. The measure passed with a vote of 68 to 195, and is expected to take effect over the next 18 months. Analysts at several independent research firms said the impact would likely be gradual, citing prior similar measures.",REAL
Doctors HATE this one simple fact about the state of the judiciary that could change your life forever! The government has been covering this up for decades and NOW the truth is finally coming out. Forward this to everyone you know before they take it down!,FAKE
SHOCKING new evidence about the presidential election that NO ONE is talking about! A source close to the situation says this is just the tip of the iceberg. This is bigger than anyone imagined and the mainstream media REFUSES to cover it. Wake up and share NOW!,FAKE
"BREAKING: Secret documents EXPOSE the real agenda behind a major merger between two airlines. A whistleblower who wishes to remain anonymous says this changes EVERYTHING. Wake up, people — they have been LYING to us for years and this PROVES it beyond any doubt!",FAKE
Doctors HATE this one simple fact about the new healthcare bill that could change your life forever! The government has been covering this up for decades and NOW the truth is finally coming out. Forward this to everyone you know before they take it down!,FAKE
"Lawmakers debated renewable energy investment for several hours on Wednesday before reaching a preliminary agreement. a court filing said the next formal vote is scheduled within 6 weeks. Several committee members requested additional data before final approval, and a public comment period will follow.",REAL
"According to the Associated Press, a major merger between two airlines has been under review since early this year, with a formal decision expected by the end of the 24-month evaluation period. The agency said it would publish its full findings once the review concludes, in line with standard procedure.",REAL
"Lawmakers debated the agriculture subsidy program for several hours on Thursday before reaching a preliminary agreement. the Department of Health said the next formal vote is scheduled within 19 weeks. Several committee members requested additional data before final approval, and a public comment period will follow.",REAL
Doctors HATE this one simple fact about immigration reform that could change your life forever! The government has been covering this up for decades and NOW the truth is finally coming out. Forward this to everyone you know before they take it down!,FAKE
"According to the Bureau of Labor Statistics, the housing market has been under review since early this year, with a formal decision expected by the end of the 17-month evaluation period. The agency said it would publish its full findings once the review concludes, in line with standard procedure.",REAL
SHOCKING new evidence about climate policy that NO ONE is talking about! A source close to the situation says this is just the tip of the iceberg. This is bigger than anyone imagined and the mainstream media REFUSES to cover it. Wake up and share NOW!,FAKE
"According to a court filing, the economy has been under review since early this year, with a formal decision expected by the end of the 7-month evaluation period. The agency said it would publish its full findings once the review concludes, in line with standard procedure.",REAL
A report published by the Department of Health on the upcoming census shows a change of 6.2% compared to last year. The data was compiled from 354 separate regional offices and reviewed by independent economists before release. Officials cautioned that the figures could be revised as more information becomes available in the coming quarter.,REAL
"According to a Treasury Department spokesperson, immigration reform has been under review since early this year, with a formal decision expected by the end of the 3-month evaluation period. The agency said it would publish its full findings once the review concludes, in line with standard procedure.",REAL
"According to a Treasury Department spokesperson, the central bank's interest rate decision has been under review since early this year, with a formal decision expected by the end of the 8-month evaluation period. The agency said it would publish its full findings once the review concludes, in line with standard procedure.",REAL
Doctors HATE this one simple fact about the housing market that could change your life forever! The government has been covering this up for decades and NOW the truth is finally coming out. Forward this to everyone you know before they take it down!,FAKE
Doctors HATE this one simple fact about the defense budget that could change your life forever! The government has been covering this up for decades and NOW the truth is finally coming out. Forward this to everyone you know before they take it down!,FAKE
Doctors HATE this one simple fact about a major merger between two airlines that could change your life forever! The government has been covering this up for decades and NOW the truth is finally coming out. Forward this to everyone you know before they take it down!,FAKE
"BREAKING: Secret documents EXPOSE the real agenda behind the upcoming census. A whistleblower who wishes to remain anonymous says this changes EVERYTHING. Wake up, people — they have been LYING to us for years and this PROVES it beyond any doubt!",FAKE
"Lawmakers debated the state of the judiciary for several hours on Thursday before reaching a preliminary agreement. a spokesperson for the White House said the next formal vote is scheduled within 17 weeks. Several committee members requested additional data before final approval, and a public comment period will follow.",REAL
SHOCKING new evidence about the defense budget that NO ONE is talking about! A source close to the situation says this is just the tip of the iceberg. This is bigger than anyone imagined and the mainstream media REFUSES to cover it. Wake up and share NOW!,FAKE
"According to the Congressional Budget Office, the economy has been under review since early this year, with a formal decision expected by the end of the 1-month evaluation period. The agency said it would publish its full findings once the review concludes, in line with standard procedure.",REAL
"According to the National Weather Service, the defense budget has been under review since early this year, with a formal decision expected by the end of the 5-month evaluation period. The agency said it would publish its full findings once the review concludes, in line with standard procedure.",REAL
"Officials confirmed on Monday that the tech industry will move forward after a review by the National Weather Service, according to a statement released this week. The measure passed with a vote of 42 to 240, and is expected to take effect over the next 21 months. Analysts at several independent research firms said the impact would likely be gradual, citing prior similar measures.",REAL
A report published by a court filing on the defense budget shows a change of 6.3% compared to last year. The data was compiled from 37 separate regional offices and reviewed by independent economists before release. Officials cautioned that the figures could be revised as more information becomes available in the coming quarter.,REAL
"Lawmakers debated the housing market for several hours on Wednesday before reaching a preliminary agreement. a court filing said the next formal vote is scheduled within 18 weeks. Several committee members requested additional data before final approval, and a public comment period will follow.",REAL
A report published by the Department of Health on the national vaccine rollout shows a change of 7.5% compared to last year. The data was compiled from 32 separate regional offices and reviewed by independent economists before release. Officials cautioned that the figures could be revised as more information becomes available in the coming quarter.,REAL
"BREAKING: Secret documents EXPOSE the real agenda behind the space program's next mission. A whistleblower who wishes to remain anonymous says this changes EVERYTHING. Wake up, people — they have been LYING to us for years and this PROVES it beyond any doubt!",FAKE
"According to a spokesperson for the White House, the education budget has been under review since early this year, with a formal decision expected by the end of the 16-month evaluation period. The agency said it would publish its full findings once the review concludes, in line with standard procedure.",REAL
"Lawmakers debated climate policy for several hours on Monday before reaching a preliminary agreement. the Bureau of Labor Statistics said the next formal vote is scheduled within 23 weeks. Several committee members requested additional data before final approval, and a public comment period will follow.",REAL
"According to the Federal Reserve, the tech industry has been under review since early this year, with a formal decision expected by the end of the 4-month evaluation period. The agency said it would publish its full findings once the review concludes, in line with standard procedure.",REAL
"Officials confirmed on Tuesday that a new labor law will move forward after a review by the Congressional Budget Office, according to a statement released this week. The measure passed with a vote of 240 to 265, and is expected to take effect over the next 3 months. Analysts at several independent research firms said the impact would likely be gradual, citing prior similar measures.",REAL
"Officials confirmed on Wednesday that a new trade agreement will move forward after a review by a court filing, according to a statement released this week. The measure passed with a vote of 379 to 200, and is expected to take effect over the next 24 months. Analysts at several independent research firms said the impact would likely be gradual, citing prior similar measures.",REAL
A report published by the Associated Press on the national vaccine rollout shows a change of 3.2% compared to last year. The data was compiled from 197 separate regional offices and reviewed by independent economists before release. Officials cautioned that the figures could be revised as more information becomes available in the coming quarter.,REAL
"Lawmakers debated the new healthcare bill for several hours on Friday before reaching a preliminary agreement. the Department of Health said the next formal vote is scheduled within 10 weeks. Several committee members requested additional data before final approval, and a public comment period will follow.",REAL
"BREAKING: Secret documents EXPOSE the real agenda behind the defense budget. A whistleblower who wishes to remain anonymous says this changes EVERYTHING. Wake up, people — they have been LYING to us for years and this PROVES it beyond any doubt!",FAKE
SHOCKING new evidence about the central bank's interest rate decision that NO ONE is talking about! A source close to the situation says this is just the tip of the iceberg. This is bigger than anyone imagined and the mainstream media REFUSES to cover it. Wake up and share NOW!,FAKE
Doctors HATE this one simple fact about the new healthcare bill that could change your life forever! The government has been covering this up for decades and NOW the truth is finally coming out. Forward this to everyone you know before they take it down!,FAKE
SHOCKING new evidence about the defense budget that NO ONE is talking about! A source close to the situation says this is just the tip of the iceberg. This is bigger than anyone imagined and the mainstream media REFUSES to cover it. Wake up and share NOW!,FAKE
Doctors HATE this one simple fact about the central bank's interest rate decision that could change your life forever! The government has been covering this up for decades and NOW the truth is finally coming out. Forward this to everyone you know before they take it down!,FAKE
A report published by the Associated Press on immigration reform shows a change of 1.2% compared to last year. The data was compiled from 243 separate regional offices and reviewed by independent economists before release. Officials cautioned that the figures could be revised as more information becomes available in the coming quarter.,REAL
"According to the Federal Reserve, a new trade agreement has been under review since early this year, with a formal decision expected by the end of the 7-month evaluation period. The agency said it would publish its full findings once the review concludes, in line with standard procedure.",REAL
SHOCKING new evidence about the education budget that NO ONE is talking about! A source close to the situation says this is just the tip of the iceberg. This is bigger than anyone imagined and the mainstream media REFUSES to cover it. Wake up and share NOW!,FAKE
"Lawmakers debated the upcoming census for several hours on Tuesday before reaching a preliminary agreement. the Department of Health said the next formal vote is scheduled within 9 weeks. Several committee members requested additional data before final approval, and a public comment period will follow.",REAL
Doctors HATE this one simple fact about the space program's next mission that could change your life forever! The government has been covering this up for decades and NOW the truth is finally coming out. Forward this to everyone you know before they take it down!,FAKE
"Lawmakers debated a new trade agreement for several hours on Wednesday before reaching a preliminary agreement. a spokesperson for the White House said the next formal vote is scheduled within 4 weeks. Several committee members requested additional data before final approval, and a public comment period will follow.",REAL
"Lawmakers debated the upcoming census for several hours on Wednesday before reaching a preliminary agreement. the National Weather Service said the next formal vote is scheduled within 16 weeks. Several committee members requested additional data before final approval, and a public comment period will follow.",REAL
SHOCKING new evidence about renewable energy investment that NO ONE is talking about! A source close to the situation says this is just the tip of the iceberg. This is bigger than anyone imagined and the mainstream media REFUSES to cover it. Wake up and share NOW!,FAKE
SHOCKING new evidence about the central bank's interest rate decision that NO ONE is talking about! A source close to the situation says this is just the tip of the iceberg. This is bigger than anyone imagined and the mainstream media REFUSES to cover it. Wake up and share NOW!,FAKE
A report published by a court filing on a public transportation overhaul shows a change of 5.8% compared to last year. The data was compiled from 337 separate regional offices and reviewed by independent economists before release. Officials cautioned that the figures could be revised as more information becomes available in the coming quarter.,REAL
Doctors HATE this one simple fact about the upcoming census that could change your life forever! The government has been covering this up for decades and NOW the truth is finally coming out. Forward this to everyone you know before they take it down!,FAKE
"According to the National Weather Service, the defense budget has been under review since early this year, with a formal decision expected by the end of the 11-month evaluation period. The agency said it would publish its full findings once the review concludes, in line with standard procedure.",REAL
Doctors HATE this one simple fact about renewable energy investment that could change your life forever! The government has been covering this up for decades and NOW the truth is finally coming out. Forward this to everyone you know before they take it down!,FAKE
"According to the Congressional Budget Office, the education budget has been under review since early this year, with a formal decision expected by the end of the 23-month evaluation period. The agency said it would publish its full findings once the review concludes, in line with standard procedure.",REAL
YOU WON'T BELIEVE what they don't want you to know about the state of the judiciary!!! Insiders REVEAL the SHOCKING truth that mainstream media is HIDING from you. Share this before it gets DELETED — everyone needs to see this NOW before it's too late!,FAKE
"According to the Department of Health, the economy has been under review since early this year, with a formal decision expected by the end of the 13-month evaluation period. The agency said it would publish its full findings once the review concludes, in line with standard procedure.",REAL
"Lawmakers debated the housing market for several hours on Thursday before reaching a preliminary agreement. the National Weather Service said the next formal vote is scheduled within 13 weeks. Several committee members requested additional data before final approval, and a public comment period will follow.",REAL
"BREAKING: Secret documents EXPOSE the real agenda behind the housing market. A whistleblower who wishes to remain anonymous says this changes EVERYTHING. Wake up, people — they have been LYING to us for years and this PROVES it beyond any doubt!",FAKE
"Lawmakers debated the upcoming census for several hours on Wednesday before reaching a preliminary agreement. a Treasury Department spokesperson said the next formal vote is scheduled within 20 weeks. Several committee members requested additional data before final approval, and a public comment period will follow.",REAL
"Lawmakers debated immigration reform for several hours on Friday before reaching a preliminary agreement. Reuters said the next formal vote is scheduled within 2 weeks. Several committee members requested additional data before final approval, and a public comment period will follow.",REAL
YOU WON'T BELIEVE what they don't want you to know about the upcoming census!!! Insiders REVEAL the SHOCKING truth that mainstream media is HIDING from you. Share this before it gets DELETED — everyone needs to see this NOW before it's too late!,FAKE
SHOCKING new evidence about the central bank's interest rate decision that NO ONE is talking about! A source close to the situation says this is just the tip of the iceberg. This is bigger than anyone imagined and the mainstream media REFUSES to cover it. Wake up and share NOW!,FAKE
SHOCKING new evidence about the national vaccine rollout that NO ONE is talking about! A source close to the situation says this is just the tip of the iceberg. This is bigger than anyone imagined and the mainstream media REFUSES to cover it. Wake up and share NOW!,FAKE
Doctors HATE this one simple fact about the presidential election that could change your life forever! The government has been covering this up for decades and NOW the truth is finally coming out. Forward this to everyone you know before they take it down!,FAKE
SHOCKING new evidence about climate policy that NO ONE is talking about! A source close to the situation says this is just the tip of the iceberg. This is bigger than anyone imagined and the mainstream media REFUSES to cover it. Wake up and share NOW!,FAKE
SHOCKING new evidence about the central bank's interest rate decision that NO ONE is talking about! A source close to the situation says this is just the tip of the iceberg. This is bigger than anyone imagined and the mainstream media REFUSES to cover it. Wake up and share NOW!,FAKE
"Officials confirmed on Friday that renewable energy investment will move forward after a review by the Bureau of Labor Statistics, according to a statement released this week. The measure passed with a vote of 253 to 163, and is expected to take effect over the next 20 months. Analysts at several independent research firms said the impact would likely be gradual, citing prior similar measures.",REAL
Doctors HATE this one simple fact about climate policy that could change your life forever! The government has been covering this up for decades and NOW the truth is finally coming out. Forward this to everyone you know before they take it down!,FAKE
SHOCKING new evidence about a new labor law that NO ONE is talking about! A source close to the situation says this is just the tip of the iceberg. This is bigger than anyone imagined and the mainstream media REFUSES to cover it. Wake up and share NOW!,FAKE
Doctors HATE this one simple fact about a major merger between two airlines that could change your life forever! The government has been covering this up for decades and NOW the truth is finally coming out. Forward this to everyone you know before they take it down!,FAKE
"According to Reuters, renewable energy investment has been under review since early this year, with a formal decision expected by the end of the 7-month evaluation period. The agency said it would publish its full findings once the review concludes, in line with standard procedure.",REAL
"Officials confirmed on Monday that the agriculture subsidy program will move forward after a review by a Treasury Department spokesperson, according to a statement released this week. The measure passed with a vote of 304 to 78, and is expected to take effect over the next 22 months. Analysts at several independent research firms said the impact would likely be gradual, citing prior similar measures.",REAL
"Lawmakers debated the economy for several hours on Monday before reaching a preliminary agreement. Reuters said the next formal vote is scheduled within 24 weeks. Several committee members requested additional data before final approval, and a public comment period will follow.",REAL
Doctors HATE this one simple fact about the national vaccine rollout that could change your life forever! The government has been covering this up for decades and NOW the truth is finally coming out. Forward this to everyone you know before they take it down!,FAKE
"BREAKING: Secret documents EXPOSE the real agenda behind immigration reform. A whistleblower who wishes to remain anonymous says this changes EVERYTHING. Wake up, people — they have been LYING to us for years and this PROVES it beyond any doubt!",FAKE
"According to Reuters, the defense budget has been under review since early this year, with a formal decision expected by the end of the 9-month evaluation period. The agency said it would publish its full findings once the review concludes, in line with standard procedure.",REAL
"Officials confirmed on Monday that the housing market will move forward after a review by a court filing, according to a statement released this week. The measure passed with a vote of 81 to 44, and is expected to take effect over the next 21 months. Analysts at several independent research firms said the impact would likely be gradual, citing prior similar measures.",REAL
Doctors HATE this one simple fact about a new labor law that could change your life forever! The government has been covering this up for decades and NOW the truth is finally coming out. Forward this to everyone you know before they take it down!,FAKE
YOU WON'T BELIEVE what they don't want you to know about immigration reform!!! Insiders REVEAL the SHOCKING truth that mainstream media is HIDING from you. Share this before it gets DELETED — everyone needs to see this NOW before it's too late!,FAKE
"According to a court filing, the national vaccine rollout has been under review since early this year, with a formal decision expected by the end of the 3-month evaluation period. The agency said it would publish its full findings once the review concludes, in line with standard procedure.",REAL
"According to a Treasury Department spokesperson, the space program's next mission has been under review since early this year, with a formal decision expected by the end of the 13-month evaluation period. The agency said it would publish its full findings once the review concludes, in line with standard procedure.",REAL
"According to a spokesperson for the White House, a new trade agreement has been under review since early this year, with a formal decision expected by the end of the 4-month evaluation period. The agency said it would publish its full findings once the review concludes, in line with standard procedure.",REAL
"According to the National Weather Service, the space program's next mission has been under review since early this year, with a formal decision expected by the end of the 19-month evaluation period. The agency said it would publish its full findings once the review concludes, in line with standard procedure.",REAL
"Officials confirmed on Wednesday that the agriculture subsidy program will move forward after a review by Reuters, according to a statement released this week. The measure passed with a vote of 148 to 249, and is expected to take effect over the next 3 months. Analysts at several independent research firms said the impact would likely be gradual, citing prior similar measures.",REAL
"BREAKING: Secret documents EXPOSE the real agenda behind immigration reform. A whistleblower who wishes to remain anonymous says this changes EVERYTHING. Wake up, people — they have been LYING to us for years and this PROVES it beyond any doubt!",FAKE
SHOCKING new evidence about the housing market that NO ONE is talking about! A source close to the situation says this is just the tip of the iceberg. This is bigger than anyone imagined and the mainstream media REFUSES to cover it. Wake up and share NOW!,FAKE
YOU WON'T BELIEVE what they don't want you to know about the defense budget!!! Insiders REVEAL the SHOCKING truth that mainstream media is HIDING from you. Share this before it gets DELETED — everyone needs to see this NOW before it's too late!,FAKE
A report published by the National Weather Service on a public transportation overhaul shows a change of 9.2% compared to last year. The data was compiled from 89 separate regional offices and reviewed by independent economists before release. Officials cautioned that the figures could be revised as more information becomes available in the coming quarter.,REAL
YOU WON'T BELIEVE what they don't want you to know about a new trade agreement!!! Insiders REVEAL the SHOCKING truth that mainstream media is HIDING from you. Share this before it gets DELETED — everyone needs to see this NOW before it's too late!,FAKE
SHOCKING new evidence about the national vaccine rollout that NO ONE is talking about! A source close to the situation says this is just the tip of the iceberg. This is bigger than anyone imagined and the mainstream media REFUSES to cover it. Wake up and share NOW!,FAKE
"Officials confirmed on Thursday that climate policy will move forward after a review by the Bureau of Labor Statistics, according to a statement released this week. The measure passed with a vote of 174 to 255, and is expected to take effect over the next 17 months. Analysts at several independent research firms said the impact would likely be gradual, citing prior similar measures.",REAL
"According to the Federal Reserve, the defense budget has been under review since early this year, with a formal decision expected by the end of the 18-month evaluation period. The agency said it would publish its full findings once the review concludes, in line with standard procedure.",REAL
Doctors HATE this one simple fact about the upcoming census that could change your life forever! The government has been covering this up for decades and NOW the truth is finally coming out. Forward this to everyone you know before they take it down!,FAKE
"Lawmakers debated the upcoming census for several hours on Tuesday before reaching a preliminary agreement. the Associated Press said the next formal vote is scheduled within 8 weeks. Several committee members requested additional data before final approval, and a public comment period will follow.",REAL
"According to the Federal Reserve, a public transportation overhaul has been under review since early this year, with a formal decision expected by the end of the 4-month evaluation period. The agency said it would publish its full findings once the review concludes, in line with standard procedure.",REAL
"Lawmakers debated the new healthcare bill for several hours on Tuesday before reaching a preliminary agreement. a court filing said the next formal vote is scheduled within 23 weeks. Several committee members requested additional data before final approval, and a public comment period will follow.",REAL
"According to a Treasury Department spokesperson, the state of the judiciary has been under review since early this year, with a formal decision expected by the end of the 5-month evaluation period. The agency said it would publish its full findings once the review concludes, in line with standard procedure.",REAL
"Lawmakers debated a new trade agreement for several hours on Friday before reaching a preliminary agreement. the Federal Reserve said the next formal vote is scheduled within 7 weeks. Several committee members requested additional data before final approval, and a public comment period will follow.",REAL
"Lawmakers debated the tech industry for several hours on Friday before reaching a preliminary agreement. the Associated Press said the next formal vote is scheduled within 10 weeks. Several committee members requested additional data before final approval, and a public comment period will follow.",REAL
"BREAKING: Secret documents EXPOSE the real agenda behind a major merger between two airlines. A whistleblower who wishes to remain anonymous says this changes EVERYTHING. Wake up, people — they have been LYING to us for years and this PROVES it beyond any doubt!",FAKE
"Officials confirmed on Thursday that the state of the judiciary will move forward after a review by the Federal Reserve, according to a statement released this week. The measure passed with a vote of 7 to 123, and is expected to take effect over the next 20 months. Analysts at several independent research firms said the impact would likely be gradual, citing prior similar measures.",REAL
SHOCKING new evidence about the defense budget that NO ONE is talking about! A source close to the situation says this is just the tip of the iceberg. This is bigger than anyone imagined and the mainstream media REFUSES to cover it. Wake up and share NOW!,FAKE
"BREAKING: Secret documents EXPOSE the real agenda behind the central bank's interest rate decision. A whistleblower who wishes to remain anonymous says this changes EVERYTHING. Wake up, people — they have been LYING to us for years and this PROVES it beyond any doubt!",FAKE
YOU WON'T BELIEVE what they don't want you to know about a new labor law!!! Insiders REVEAL the SHOCKING truth that mainstream media is HIDING from you. Share this before it gets DELETED — everyone needs to see this NOW before it's too late!,FAKE
A report published by Reuters on the economy shows a change of 3.9% compared to last year. The data was compiled from 269 separate regional offices and reviewed by independent economists before release. Officials cautioned that the figures could be revised as more information becomes available in the coming quarter.,REAL
YOU WON'T BELIEVE what they don't want you to know about the defense budget!!! Insiders REVEAL the SHOCKING truth that mainstream media is HIDING from you. Share this before it gets DELETED — everyone needs to see this NOW before it's too late!,FAKE
YOU WON'T BELIEVE what they don't want you to know about a major merger between two airlines!!! Insiders REVEAL the SHOCKING truth that mainstream media is HIDING from you. Share this before it gets DELETED — everyone needs to see this NOW before it's too late!,FAKE
"Officials confirmed on Monday that climate policy will move forward after a review by a spokesperson for the White House, according to a statement released this week. The measure passed with a vote of 93 to 83, and is expected to take effect over the next 22 months. Analysts at several independent research firms said the impact would likely be gradual, citing prior similar measures.",REAL
"According to a spokesperson for the White House, immigration reform has been under review since early this year, with a formal decision expected by the end of the 9-month evaluation period. The agency said it would publish its full findings once the review concludes, in line with standard procedure.",REAL
SHOCKING new evidence about renewable energy investment that NO ONE is talking about! A source close to the situation says this is just the tip of the iceberg. This is bigger than anyone imagined and the mainstream media REFUSES to cover it. Wake up and share NOW!,FAKE
Doctors HATE this one simple fact about the upcoming census that could change your life forever! The government has been covering this up for decades and NOW the truth is finally coming out. Forward this to everyone you know before they take it down!,FAKE
"According to Reuters, the education budget has been under review since early this year, with a formal decision expected by the end of the 24-month evaluation period. The agency said it would publish its full findings once the review concludes, in line with standard procedure.",REAL
YOU WON'T BELIEVE what they don't want you to know about a new trade agreement!!! Insiders REVEAL the SHOCKING truth that mainstream media is HIDING from you. Share this before it gets DELETED — everyone needs to see this NOW before it's too late!,FAKE
A report published by the Department of Health on the defense budget shows a change of 8.7% compared to last year. The data was compiled from 22 separate regional offices and reviewed by independent economists before release. Officials cautioned that the figures could be revised as more information becomes available in the coming quarter.,REAL
YOU WON'T BELIEVE what they don't want you to know about the national vaccine rollout!!! Insiders REVEAL the SHOCKING truth that mainstream media is HIDING from you. Share this before it gets DELETED — everyone needs to see this NOW before it's too late!,FAKE
"Lawmakers debated the housing market for several hours on Monday before reaching a preliminary agreement. a spokesperson for the White House said the next formal vote is scheduled within 8 weeks. Several committee members requested additional data before final approval, and a public comment period will follow.",REAL
"According to the Department of Health, the tech industry has been under review since early this year, with a formal decision expected by the end of the 4-month evaluation period. The agency said it would publish its full findings once the review concludes, in line with standard procedure.",REAL
"Lawmakers debated a new labor law for several hours on Friday before reaching a preliminary agreement. the Congressional Budget Office said the next formal vote is scheduled within 16 weeks. Several committee members requested additional data before final approval, and a public comment period will follow.",REAL
"Officials confirmed on Monday that a new labor law will move forward after a review by a spokesperson for the White House, according to a statement released this week. The measure passed with a vote of 397 to 233, and is expected to take effect over the next 22 months. Analysts at several independent research firms said the impact would likely be gradual, citing prior similar measures.",REAL
SHOCKING new evidence about immigration reform that NO ONE is talking about! A source close to the situation says this is just the tip of the iceberg. This is bigger than anyone imagined and the mainstream media REFUSES to cover it. Wake up and share NOW!,FAKE
"Officials confirmed on Monday that the new healthcare bill will move forward after a review by a court filing, according to a statement released this week. The measure passed with a vote of 137 to 108, and is expected to take effect over the next 19 months. Analysts at several independent research firms said the impact would likely be gradual, citing prior similar measures.",REAL
YOU WON'T BELIEVE what they don't want you to know about the space program's next mission!!! Insiders REVEAL the SHOCKING truth that mainstream media is HIDING from you. Share this before it gets DELETED — everyone needs to see this NOW before it's too late!,FAKE
"According to the Federal Reserve, the upcoming census has been under review since early this year, with a formal decision expected by the end of the 11-month evaluation period. The agency said it would publish its full findings once the review concludes, in line with standard procedure.",REAL
SHOCKING new evidence about the new healthcare bill that NO ONE is talking about! A source close to the situation says this is just the tip of the iceberg. This is bigger than anyone imagined and the mainstream media REFUSES to cover it. Wake up and share NOW!,FAKE
YOU WON'T BELIEVE what they don't want you to know about the state of the judiciary!!! Insiders REVEAL the SHOCKING truth that mainstream media is HIDING from you. Share this before it gets DELETED — everyone needs to see this NOW before it's too late!,FAKE
"According to the Bureau of Labor Statistics, the state of the judiciary has been under review since early this year, with a formal decision expected by the end of the 9-month evaluation period. The agency said it would publish its full findings once the review concludes, in line with standard procedure.",REAL
"According to a spokesperson for the White House, the agriculture subsidy program has been under review since early this year, with a formal decision expected by the end of the 11-month evaluation period. The agency said it would publish its full findings once the review concludes, in line with standard procedure.",REAL
"Officials confirmed on Friday that the education budget will move forward after a review by the National Weather Service, according to a statement released this week. The measure passed with a vote of 332 to 232, and is expected to take effect over the next 3 months. Analysts at several independent research firms said the impact would likely be gradual, citing prior similar measures.",REAL
YOU WON'T BELIEVE what they don't want you to know about the housing market!!! Insiders REVEAL the SHOCKING truth that mainstream media is HIDING from you. Share this before it gets DELETED — everyone needs to see this NOW before it's too late!,FAKE
Doctors HATE this one simple fact about the education budget that could change your life forever! The government has been covering this up for decades and NOW the truth is finally coming out. Forward this to everyone you know before they take it down!,FAKE
YOU WON'T BELIEVE what they don't want you to know about the presidential election!!! Insiders REVEAL the SHOCKING truth that mainstream media is HIDING from you. Share this before it gets DELETED — everyone needs to see this NOW before it's too late!,FAKE
"BREAKING: Secret documents EXPOSE the real agenda behind the national vaccine rollout. A whistleblower who wishes to remain anonymous says this changes EVERYTHING. Wake up, people — they have been LYING to us for years and this PROVES it beyond any doubt!",FAKE
A report published by the Bureau of Labor Statistics on a major merger between two airlines shows a change of 11.7% compared to last year. The data was compiled from 340 separate regional offices and reviewed by independent economists before release. Officials cautioned that the figures could be revised as more information becomes available in the coming quarter.,REAL
YOU WON'T BELIEVE what they don't want you to know about the national vaccine rollout!!! Insiders REVEAL the SHOCKING truth that mainstream media is HIDING from you. Share this before it gets DELETED — everyone needs to see this NOW before it's too late!,FAKE
"According to Reuters, a major merger between two airlines has been under review since early this year, with a formal decision expected by the end of the 5-month evaluation period. The agency said it would publish its full findings once the review concludes, in line with standard procedure.",REAL
"BREAKING: Secret documents EXPOSE the real agenda behind the state of the judiciary. A whistleblower who wishes to remain anonymous says this changes EVERYTHING. Wake up, people — they have been LYING to us for years and this PROVES it beyond any doubt!",FAKE
"Officials confirmed on Monday that the central bank's interest rate decision will move forward after a review by a court filing, according to a statement released this week. The measure passed with a vote of 394 to 9, and is expected to take effect over the next 8 months. Analysts at several independent research firms said the impact would likely be gradual, citing prior similar measures.",REAL
"Officials confirmed on Wednesday that the state of the judiciary will move forward after a review by the Department of Health, according to a statement released this week. The measure passed with a vote of 159 to 229, and is expected to take effect over the next 18 months. Analysts at several independent research firms said the impact would likely be gradual, citing prior similar measures.",REAL
"BREAKING: Secret documents EXPOSE the real agenda behind a new trade agreement. A whistleblower who wishes to remain anonymous says this changes EVERYTHING. Wake up, people — they have been LYING to us for years and this PROVES it beyond any doubt!",FAKE
"BREAKING: Secret documents EXPOSE the real agenda behind renewable energy investment. A whistleblower who wishes to remain anonymous says this changes EVERYTHING. Wake up, people — they have been LYING to us for years and this PROVES it beyond any doubt!",FAKE
Doctors HATE this one simple fact about the central bank's interest rate decision that could change your life forever! The government has been covering this up for decades and NOW the truth is finally coming out. Forward this to everyone you know before they take it down!,FAKE
"According to a court filing, a new labor law has been under review since early this year, with a formal decision expected by the end of the 12-month evaluation period. The agency said it would publish its full findings once the review concludes, in line with standard procedure.",REAL
YOU WON'T BELIEVE what they don't want you to know about the space program's next mission!!! Insiders REVEAL the SHOCKING truth that mainstream media is HIDING from you. Share this before it gets DELETED — everyone needs to see this NOW before it's too late!,FAKE
Doctors HATE this one simple fact about a public transportation overhaul that could change your life forever! The government has been covering this up for decades and NOW the truth is finally coming out. Forward this to everyone you know before they take it down!,FAKE
A report published by the Department of Health on a new trade agreement shows a change of 5.6% compared to last year. The data was compiled from 138 separate regional offices and reviewed by independent economists before release. Officials cautioned that the figures could be revised as more information becomes available in the coming quarter.,REAL
"Officials confirmed on Thursday that the defense budget will move forward after a review by the Federal Reserve, according to a statement released this week. The measure passed with a vote of 82 to 38, and is expected to take effect over the next 15 months. Analysts at several independent research firms said the impact would likely be gradual, citing prior similar measures.",REAL
"BREAKING: Secret documents EXPOSE the real agenda behind the presidential election. A whistleblower who wishes to remain anonymous says this changes EVERYTHING. Wake up, people — they have been LYING to us for years and this PROVES it beyond any doubt!",FAKE
A report published by a court filing on the education budget shows a change of 12.4% compared to last year. The data was compiled from 3 separate regional offices and reviewed by independent economists before release. Officials cautioned that the figures could be revised as more information becomes available in the coming quarter.,REAL
SHOCKING new evidence about the education budget that NO ONE is talking about! A source close to the situation says this is just the tip of the iceberg. This is bigger than anyone imagined and the mainstream media REFUSES to cover it. Wake up and share NOW!,FAKE
A report published by the Associated Press on the central bank's interest rate decision shows a change of 4.3% compared to last year. The data was compiled from 342 separate regional offices and reviewed by independent economists before release. Officials cautioned that the figures could be revised as more information becomes available in the coming quarter.,REAL
"Lawmakers debated the new healthcare bill for several hours on Friday before reaching a preliminary agreement. a Treasury Department spokesperson said the next formal vote is scheduled within 15 weeks. Several committee members requested additional data before final approval, and a public comment period will follow.",REAL
Doctors HATE this one simple fact about the central bank's interest rate decision that could change your life forever! The government has been covering this up for decades and NOW the truth is finally coming out. Forward this to everyone you know before they take it down!,FAKE
"Officials confirmed on Tuesday that the economy will move forward after a review by the National Weather Service, according to a statement released this week. The measure passed with a vote of 113 to 176, and is expected to take effect over the next 14 months. Analysts at several independent research firms said the impact would likely be gradual, citing prior similar measures.",REAL
SHOCKING new evidence about the housing market that NO ONE is talking about! A source close to the situation says this is just the tip of the iceberg. This is bigger than anyone imagined and the mainstream media REFUSES to cover it. Wake up and share NOW!,FAKE
YOU WON'T BELIEVE what they don't want you to know about the economy!!! Insiders REVEAL the SHOCKING truth that mainstream media is HIDING from you. Share this before it gets DELETED — everyone needs to see this NOW before it's too late!,FAKE
A report published by a Treasury Department spokesperson on the space program's next mission shows a change of 8.3% compared to last year. The data was compiled from 210 separate regional offices and reviewed by independent economists before release. Officials cautioned that the figures could be revised as more information becomes available in the coming quarter.,REAL
Doctors HATE this one simple fact about the presidential election that could change your life forever! The government has been covering this up for decades and NOW the truth is finally coming out. Forward this to everyone you know before they take it down!,FAKE
"BREAKING: Secret documents EXPOSE the real agenda behind the central bank's interest rate decision. A whistleblower who wishes to remain anonymous says this changes EVERYTHING. Wake up, people — they have been LYING to us for years and this PROVES it beyond any doubt!",FAKE
"BREAKING: Secret documents EXPOSE the real agenda behind the defense budget. A whistleblower who wishes to remain anonymous says this changes EVERYTHING. Wake up, people — they have been LYING to us for years and this PROVES it beyond any doubt!",FAKE
"Lawmakers debated the upcoming census for several hours on Tuesday before reaching a preliminary agreement. the Federal Reserve said the next formal vote is scheduled within 18 weeks. Several committee members requested additional data before final approval, and a public comment period will follow.",REAL
YOU WON'T BELIEVE what they don't want you to know about the central bank's interest rate decision!!! Insiders REVEAL the SHOCKING truth that mainstream media is HIDING from you. Share this before it gets DELETED — everyone needs to see this NOW before it's too late!,FAKE
"Officials confirmed on Thursday that a new labor law will move forward after a review by Reuters, according to a statement released this week. The measure passed with a vote of 338 to 278, and is expected to take effect over the next 15 months. Analysts at several independent research firms said the impact would likely be gradual, citing prior similar measures.",REAL
"Officials confirmed on Wednesday that the upcoming census will move forward after a review by a spokesperson for the White House, according to a statement released this week. The measure passed with a vote of 349 to 162, and is expected to take effect over the next 17 months. Analysts at several independent research firms said the impact would likely be gradual, citing prior similar measures.",REAL
Doctors HATE this one simple fact about the central bank's interest rate decision that could change your life forever! The government has been covering this up for decades and NOW the truth is finally coming out. Forward this to everyone you know before they take it down!,FAKE
A report published by a spokesperson for the White House on the state of the judiciary shows a change of 4.6% compared to last year. The data was compiled from 239 separate regional offices and reviewed by independent economists before release. Officials cautioned that the figures could be revised as more information becomes available in the coming quarter.,REAL
"Lawmakers debated a major merger between two airlines for several hours on Tuesday before reaching a preliminary agreement. the Associated Press said the next formal vote is scheduled within 3 weeks. Several committee members requested additional data before final approval, and a public comment period will follow.",REAL
SHOCKING new evidence about the central bank's interest rate decision that NO ONE is talking about! A source close to the situation says this is just the tip of the iceberg. This is bigger than anyone imagined and the mainstream media REFUSES to cover it. Wake up and share NOW!,FAKE
A report published by a spokesperson for the White House on the central bank's interest rate decision shows a change of 5.5% compared to last year. The data was compiled from 171 separate regional offices and reviewed by independent economists before release. Officials cautioned that the figures could be revised as more information becomes available in the coming quarter.,REAL
Doctors HATE this one simple fact about the tech industry that could change your life forever! The government has been covering this up for decades and NOW the truth is finally coming out. Forward this to everyone you know before they take it down!,FAKE
YOU WON'T BELIEVE what they don't want you to know about a public transportation overhaul!!! Insiders REVEAL the SHOCKING truth that mainstream media is HIDING from you. Share this before it gets DELETED — everyone needs to see this NOW before it's too late!,FAKE
YOU WON'T BELIEVE what they don't want you to know about a major merger between two airlines!!! Insiders REVEAL the SHOCKING truth that mainstream media is HIDING from you. Share this before it gets DELETED — everyone needs to see this NOW before it's too late!,FAKE
A report published by the Congressional Budget Office on the tech industry shows a change of 2.1% compared to last year. The data was compiled from 149 separate regional offices and reviewed by independent economists before release. Officials cautioned that the figures could be revised as more information becomes available in the coming quarter.,REAL
SHOCKING new evidence about the new healthcare bill that NO ONE is talking about! A source close to the situation says this is just the tip of the iceberg. This is bigger than anyone imagined and the mainstream media REFUSES to cover it. Wake up and share NOW!,FAKE
"BREAKING: Secret documents EXPOSE the real agenda behind the defense budget. A whistleblower who wishes to remain anonymous says this changes EVERYTHING. Wake up, people — they have been LYING to us for years and this PROVES it beyond any doubt!",FAKE
"According to the Department of Health, the upcoming census has been under review since early this year, with a formal decision expected by the end of the 15-month evaluation period. The agency said it would publish its full findings once the review concludes, in line with standard procedure.",REAL
"Lawmakers debated immigration reform for several hours on Monday before reaching a preliminary agreement. the Congressional Budget Office said the next formal vote is scheduled within 5 weeks. Several committee members requested additional data before final approval, and a public comment period will follow.",REAL
Doctors HATE this one simple fact about immigration reform that could change your life forever! The government has been covering this up for decades and NOW the truth is finally coming out. Forward this to everyone you know before they take it down!,FAKE
"Lawmakers debated the central bank's interest rate decision for several hours on Tuesday before reaching a preliminary agreement. a Treasury Department spokesperson said the next formal vote is scheduled within 18 weeks. Several committee members requested additional data before final approval, and a public comment period will follow.",REAL
"Officials confirmed on Wednesday that the housing market will move forward after a review by the National Weather Service, according to a statement released this week. The measure passed with a vote of 111 to 147, and is expected to take effect over the next 23 months. Analysts at several independent research firms said the impact would likely be gradual, citing prior similar measures.",REAL
SHOCKING new evidence about the national vaccine rollout that NO ONE is talking about! A source close to the situation says this is just the tip of the iceberg. This is bigger than anyone imagined and the mainstream media REFUSES to cover it. Wake up and share NOW!,FAKE
"Officials confirmed on Wednesday that the space program's next mission will move forward after a review by the Department of Health, according to a statement released this week. The measure passed with a vote of 33 to 204, and is expected to take effect over the next 9 months. Analysts at several independent research firms said the impact would likely be gradual, citing prior similar measures.",REAL
"Officials confirmed on Wednesday that the agriculture subsidy program will move forward after a review by a Treasury Department spokesperson, according to a statement released this week. The measure passed with a vote of 307 to 193, and is expected to take effect over the next 5 months. Analysts at several independent research firms said the impact would likely be gradual, citing prior similar measures.",REAL
YOU WON'T BELIEVE what they don't want you to know about the presidential election!!! Insiders REVEAL the SHOCKING truth that mainstream media is HIDING from you. Share this before it gets DELETED — everyone needs to see this NOW before it's too late!,FAKE
"According to the Bureau of Labor Statistics, a public transportation overhaul has been under review since early this year, with a formal decision expected by the end of the 1-month evaluation period. The agency said it would publish its full findings once the review concludes, in line with standard procedure.",REAL
SHOCKING new evidence about the defense budget that NO ONE is talking about! A source close to the situation says this is just the tip of the iceberg. This is bigger than anyone imagined and the mainstream media REFUSES to cover it. Wake up and share NOW!,FAKE
"Lawmakers debated the economy for several hours on Thursday before reaching a preliminary agreement. Reuters said the next formal vote is scheduled within 14 weeks. Several committee members requested additional data before final approval, and a public comment period will follow.",REAL
"Officials confirmed on Tuesday that a major merger between two airlines will move forward after a review by a spokesperson for the White House, according to a statement released this week. The measure passed with a vote of 59 to 124, and is expected to take effect over the next 16 months. Analysts at several independent research firms said the impact would likely be gradual, citing prior similar measures.",REAL
"Lawmakers debated immigration reform for several hours on Wednesday before reaching a preliminary agreement. Reuters said the next formal vote is scheduled within 15 weeks. Several committee members requested additional data before final approval, and a public comment period will follow.",REAL
"Lawmakers debated the state of the judiciary for several hours on Tuesday before reaching a preliminary agreement. the Associated Press said the next formal vote is scheduled within 10 weeks. Several committee members requested additional data before final approval, and a public comment period will follow.",REAL
"BREAKING: Secret documents EXPOSE the real agenda behind the national vaccine rollout. A whistleblower who wishes to remain anonymous says this changes EVERYTHING. Wake up, people — they have been LYING to us for years and this PROVES it beyond any doubt!",FAKE
Doctors HATE this one simple fact about renewable energy investment that could change your life forever! The government has been covering this up for decades and NOW the truth is finally coming out. Forward this to everyone you know before they take it down!,FAKE
"Lawmakers debated the housing market for several hours on Tuesday before reaching a preliminary agreement. the Associated Press said the next formal vote is scheduled within 9 weeks. Several committee members requested additional data before final approval, and a public comment period will follow.",REAL
"According to Reuters, the education budget has been under review since early this year, with a formal decision expected by the end of the 2-month evaluation period. The agency said it would publish its full findings once the review concludes, in line with standard procedure.",REAL
YOU WON'T BELIEVE what they don't want you to know about the state of the judiciary!!! Insiders REVEAL the SHOCKING truth that mainstream media is HIDING from you. Share this before it gets DELETED — everyone needs to see this NOW before it's too late!,FAKE
"According to the Department of Health, the new healthcare bill has been under review since early this year, with a formal decision expected by the end of the 24-month evaluation period. The agency said it would publish its full findings once the review concludes, in line with standard procedure.",REAL
"BREAKING: Secret documents EXPOSE the real agenda behind the tech industry. A whistleblower who wishes to remain anonymous says this changes EVERYTHING. Wake up, people — they have been LYING to us for years and this PROVES it beyond any doubt!",FAKE
SHOCKING new evidence about climate policy that NO ONE is talking about! A source close to the situation says this is just the tip of the iceberg. This is bigger than anyone imagined and the mainstream media REFUSES to cover it. Wake up and share NOW!,FAKE
"According to a court filing, the agriculture subsidy program has been under review since early this year, with a formal decision expected by the end of the 4-month evaluation period. The agency said it would publish its full findings once the review concludes, in line with standard procedure.",REAL
"Lawmakers debated a major merger between two airlines for several hours on Thursday before reaching a preliminary agreement. Reuters said the next formal vote is scheduled within 16 weeks. Several committee members requested additional data before final approval, and a public comment period will follow.",REAL
SHOCKING new evidence about renewable energy investment that NO ONE is talking about! A source close to the situation says this is just the tip of the iceberg. This is bigger than anyone imagined and the mainstream media REFUSES to cover it. Wake up and share NOW!,FAKE
SHOCKING new evidence about the education budget that NO ONE is talking about! A source close to the situation says this is just the tip of the iceberg. This is bigger than anyone imagined and the mainstream media REFUSES to cover it. Wake up and share NOW!,FAKE
Doctors HATE this one simple fact about renewable energy investment that could change your life forever! The government has been covering this up for decades and NOW the truth is finally coming out. Forward this to everyone you know before they take it down!,FAKE
SHOCKING new evidence about climate policy that NO ONE is talking about! A source close to the situation says this is just the tip of the iceberg. This is bigger than anyone imagined and the mainstream media REFUSES to cover it. Wake up and share NOW!,FAKE
"According to the Associated Press, renewable energy investment has been under review since early this year, with a formal decision expected by the end of the 8-month evaluation period. The agency said it would publish its full findings once the review concludes, in line with standard procedure.",REAL
A report published by a spokesperson for the White House on a public transportation overhaul shows a change of 8.1% compared to last year. The data was compiled from 37 separate regional offices and reviewed by independent economists before release. Officials cautioned that the figures could be revised as more information becomes available in the coming quarter.,REAL
"Officials confirmed on Monday that a major merger between two airlines will move forward after a review by the Associated Press, according to a statement released this week. The measure passed with a vote of 391 to 273, and is expected to take effect over the next 5 months. Analysts at several independent research firms said the impact would likely be gradual, citing prior similar measures.",REAL
SHOCKING new evidence about the economy that NO ONE is talking about! A source close to the situation says this is just the tip of the iceberg. This is bigger than anyone imagined and the mainstream media REFUSES to cover it. Wake up and share NOW!,FAKE
SHOCKING new evidence about the state of the judiciary that NO ONE is talking about! A source close to the situation says this is just the tip of the iceberg. This is bigger than anyone imagined and the mainstream media REFUSES to cover it. Wake up and share NOW!,FAKE
SHOCKING new evidence about the economy that NO ONE is talking about! A source close to the situation says this is just the tip of the iceberg. This is bigger than anyone imagined and the mainstream media REFUSES to cover it. Wake up and share NOW!,FAKE
"BREAKING: Secret documents EXPOSE the real agenda behind renewable energy investment. A whistleblower who wishes to remain anonymous says this changes EVERYTHING. Wake up, people — they have been LYING to us for years and this PROVES it beyond any doubt!",FAKE
"Officials confirmed on Tuesday that the upcoming census will move forward after a review by a court filing, according to a statement released this week. The measure passed with a vote of 366 to 104, and is expected to take effect over the next 15 months. Analysts at several independent research firms said the impact would likely be gradual, citing prior similar measures.",REAL
"According to a spokesperson for the White House, a new labor law has been under review since early this year, with a formal decision expected by the end of the 6-month evaluation period. The agency said it would publish its full findings once the review concludes, in line with standard procedure.",REAL
"According to a Treasury Department spokesperson, immigration reform has been under review since early this year, with a formal decision expected by the end of the 2-month evaluation period. The agency said it would publish its full findings once the review concludes, in line with standard procedure.",REAL
"Officials confirmed on Friday that the state of the judiciary will move forward after a review by a court filing, according to a statement released this week. The measure passed with a vote of 124 to 165, and is expected to take effect over the next 24 months. Analysts at several independent research firms said the impact would likely be gradual, citing prior similar measures.",REAL
YOU WON'T BELIEVE what they don't want you to know about the new healthcare bill!!! Insiders REVEAL the SHOCKING truth that mainstream media is HIDING from you. Share this before it gets DELETED — everyone needs to see this NOW before it's too late!,FAKE
A report published by a spokesperson for the White House on the state of the judiciary shows a change of 1.5% compared to last year. The data was compiled from 231 separate regional offices and reviewed by independent economists before release. Officials cautioned that the figures could be revised as more information becomes available in the coming quarter.,REAL
"According to Reuters, the education budget has been under review since early this year, with a formal decision expected by the end of the 4-month evaluation period. The agency said it would publish its full findings once the review concludes, in line with standard procedure.",REAL
SHOCKING new evidence about immigration reform that NO ONE is talking about! A source close to the situation says this is just the tip of the iceberg. This is bigger than anyone imagined and the mainstream media REFUSES to cover it. Wake up and share NOW!,FAKE
SHOCKING new evidence about the housing market that NO ONE is talking about! A source close to the situation says this is just the tip of the iceberg. This is bigger than anyone imagined and the mainstream media REFUSES to cover it. Wake up and share NOW!,FAKE
"Officials confirmed on Tuesday that the tech industry will move forward after a review by Reuters, according to a statement released this week. The measure passed with a vote of 320 to 130, and is expected to take effect over the next 1 months. Analysts at several independent research firms said the impact would likely be gradual, citing prior similar measures.",REAL
SHOCKING new evidence about climate policy that NO ONE is talking about! A source close to the situation says this is just the tip of the iceberg. This is bigger than anyone imagined and the mainstream media REFUSES to cover it. Wake up and share NOW!,FAKE
SHOCKING new evidence about a new trade agreement that NO ONE is talking about! A source close to the situation says this is just the tip of the iceberg. This is bigger than anyone imagined and the mainstream media REFUSES to cover it. Wake up and share NOW!,FAKE
YOU WON'T BELIEVE what they don't want you to know about a new labor law!!! Insiders REVEAL the SHOCKING truth that mainstream media is HIDING from you. Share this before it gets DELETED — everyone needs to see this NOW before it's too late!,FAKE
YOU WON'T BELIEVE what they don't want you to know about the new healthcare bill!!! Insiders REVEAL the SHOCKING truth that mainstream media is HIDING from you. Share this before it gets DELETED — everyone needs to see this NOW before it's too late!,FAKE
"According to a court filing, the housing market has been under review since early this year, with a formal decision expected by the end of the 3-month evaluation period. The agency said it would publish its full findings once the review concludes, in line with standard procedure.",REAL
Doctors HATE this one simple fact about the defense budget that could change your life forever! The government has been covering this up for decades and NOW the truth is finally coming out. Forward this to everyone you know before they take it down!,FAKE
"Officials confirmed on Thursday that the state of the judiciary will move forward after a review by a spokesperson for the White House, according to a statement released this week. The measure passed with a vote of 371 to 27, and is expected to take effect over the next 10 months. Analysts at several independent research firms said the impact would likely be gradual, citing prior similar measures.",REAL
"BREAKING: Secret documents EXPOSE the real agenda behind a new labor law. A whistleblower who wishes to remain anonymous says this changes EVERYTHING. Wake up, people — they have been LYING to us for years and this PROVES it beyond any doubt!",FAKE
Doctors HATE this one simple fact about a public transportation overhaul that could change your life forever! The government has been covering this up for decades and NOW the truth is finally coming out. Forward this to everyone you know before they take it down!,FAKE
"BREAKING: Secret documents EXPOSE the real agenda behind the education budget. A whistleblower who wishes to remain anonymous says this changes EVERYTHING. Wake up, people — they have been LYING to us for years and this PROVES it beyond any doubt!",FAKE
A report published by the Associated Press on the education budget shows a change of 0.7% compared to last year. The data was compiled from 219 separate regional offices and reviewed by independent economists before release. Officials cautioned that the figures could be revised as more information becomes available in the coming quarter.,REAL
Doctors HATE this one simple fact about the state of the judiciary that could change your life forever! The government has been covering this up for decades and NOW the truth is finally coming out. Forward this to everyone you know before they take it down!,FAKE
A report published by Reuters on the upcoming census shows a change of 4.9% compared to last year. The data was compiled from 186 separate regional offices and reviewed by independent economists before release. Officials cautioned that the figures could be revised as more information becomes available in the coming quarter.,REAL
A report published by the Congressional Budget Office on the agriculture subsidy program shows a change of 1.7% compared to last year. The data was compiled from 349 separate regional offices and reviewed by independent economists before release. Officials cautioned that the figures could be revised as more information becomes available in the coming quarter.,REAL
A report published by a Treasury Department spokesperson on the national vaccine rollout shows a change of 11.0% compared to last year. The data was compiled from 291 separate regional offices and reviewed by independent economists before release. Officials cautioned that the figures could be revised as more information becomes available in the coming quarter.,REAL
"BREAKING: Secret documents EXPOSE the real agenda behind climate policy. A whistleblower who wishes to remain anonymous says this changes EVERYTHING. Wake up, people — they have been LYING to us for years and this PROVES it beyond any doubt!",FAKE
Doctors HATE this one simple fact about the new healthcare bill that could change your life forever! The government has been covering this up for decades and NOW the truth is finally coming out. Forward this to everyone you know before they take it down!,FAKE
"Lawmakers debated the education budget for several hours on Thursday before reaching a preliminary agreement. a Treasury Department spokesperson said the next formal vote is scheduled within 23 weeks. Several committee members requested additional data before final approval, and a public comment period will follow.",REAL
"BREAKING: Secret documents EXPOSE the real agenda behind the tech industry. A whistleblower who wishes to remain anonymous says this changes EVERYTHING. Wake up, people — they have been LYING to us for years and this PROVES it beyond any doubt!",FAKE
A report published by the National Weather Service on the housing market shows a change of 6.4% compared to last year. The data was compiled from 60 separate regional offices and reviewed by independent economists before release. Officials cautioned that the figures could be revised as more information becomes available in the coming quarter.,REAL
"Officials confirmed on Tuesday that the space program's next mission will move forward after a review by the Associated Press, according to a statement released this week. The measure passed with a vote of 159 to 13, and is expected to take effect over the next 13 months. Analysts at several independent research firms said the impact would likely be gradual, citing prior similar measures.",REAL
"Officials confirmed on Monday that the space program's next mission will move forward after a review by the Bureau of Labor Statistics, according to a statement released this week. The measure passed with a vote of 222 to 232, and is expected to take effect over the next 8 months. Analysts at several independent research firms said the impact would likely be gradual, citing prior similar measures.",REAL
"According to Reuters, the economy has been under review since early this year, with a formal decision expected by the end of the 9-month evaluation period. The agency said it would publish its full findings once the review concludes, in line with standard procedure.",REAL
A report published by the Congressional Budget Office on a new labor law shows a change of 2.4% compared to last year. The data was compiled from 110 separate regional offices and reviewed by independent economists before release. Officials cautioned that the figures could be revised as more information becomes available in the coming quarter.,REAL
"According to a Treasury Department spokesperson, the state of the judiciary has been under review since early this year, with a formal decision expected by the end of the 16-month evaluation period. The agency said it would publish its full findings once the review concludes, in line with standard procedure.",REAL
A report published by the Congressional Budget Office on the tech industry shows a change of 9.4% compared to last year. The data was compiled from 245 separate regional offices and reviewed by independent economists before release. Officials cautioned that the figures could be revised as more information becomes available in the coming quarter.,REAL
Doctors HATE this one simple fact about climate policy that could change your life forever! The government has been covering this up for decades and NOW the truth is finally coming out. Forward this to everyone you know before they take it down!,FAKE
YOU WON'T BELIEVE what they don't want you to know about the upcoming census!!! Insiders REVEAL the SHOCKING truth that mainstream media is HIDING from you. Share this before it gets DELETED — everyone needs to see this NOW before it's too late!,FAKE
YOU WON'T BELIEVE what they don't want you to know about the upcoming census!!! Insiders REVEAL the SHOCKING truth that mainstream media is HIDING from you. Share this before it gets DELETED — everyone needs to see this NOW before it's too late!,FAKE
"Officials confirmed on Friday that the presidential election will move forward after a review by the Department of Health, according to a statement released this week. The measure passed with a vote of 306 to 248, and is expected to take effect over the next 23 months. Analysts at several independent research firms said the impact would likely be gradual, citing prior similar measures.",REAL
Doctors HATE this one simple fact about the economy that could change your life forever! The government has been covering this up for decades and NOW the truth is finally coming out. Forward this to everyone you know before they take it down!,FAKE
"Lawmakers debated the housing market for several hours on Tuesday before reaching a preliminary agreement. a spokesperson for the White House said the next formal vote is scheduled within 15 weeks. Several committee members requested additional data before final approval, and a public comment period will follow.",REAL
A report published by the Federal Reserve on the central bank's interest rate decision shows a change of 6.2% compared to last year. The data was compiled from 252 separate regional offices and reviewed by independent economists before release. Officials cautioned that the figures could be revised as more information becomes available in the coming quarter.,REAL
"BREAKING: Secret documents EXPOSE the real agenda behind a new trade agreement. A whistleblower who wishes to remain anonymous says this changes EVERYTHING. Wake up, people — they have been LYING to us for years and this PROVES it beyond any doubt!",FAKE
Doctors HATE this one simple fact about renewable energy investment that could change your life forever! The government has been covering this up for decades and NOW the truth is finally coming out. Forward this to everyone you know before they take it down!,FAKE
"Lawmakers debated the economy for several hours on Thursday before reaching a preliminary agreement. the Congressional Budget Office said the next formal vote is scheduled within 23 weeks. Several committee members requested additional data before final approval, and a public comment period will follow.",REAL
A report published by a spokesperson for the White House on the central bank's interest rate decision shows a change of 2.9% compared to last year. The data was compiled from 165 separate regional offices and reviewed by independent economists before release. Officials cautioned that the figures could be revised as more information becomes available in the coming quarter.,REAL
"Lawmakers debated renewable energy investment for several hours on Wednesday before reaching a preliminary agreement. the National Weather Service said the next formal vote is scheduled within 10 weeks. Several committee members requested additional data before final approval, and a public comment period will follow.",REAL
SHOCKING new evidence about renewable energy investment that NO ONE is talking about! A source close to the situation says this is just the tip of the iceberg. This is bigger than anyone imagined and the mainstream media REFUSES to cover it. Wake up and share NOW!,FAKE
"BREAKING: Secret documents EXPOSE the real agenda behind the presidential election. A whistleblower who wishes to remain anonymous says this changes EVERYTHING. Wake up, people — they have been LYING to us for years and this PROVES it beyond any doubt!",FAKE
"According to a court filing, the education budget has been under review since early this year, with a formal decision expected by the end of the 13-month evaluation period. The agency said it would publish its full findings once the review concludes, in line with standard procedure.",REAL
"Lawmakers debated the upcoming census for several hours on Monday before reaching a preliminary agreement. a court filing said the next formal vote is scheduled within 23 weeks. Several committee members requested additional data before final approval, and a public comment period will follow.",REAL
"According to the Federal Reserve, the agriculture subsidy program has been under review since early this year, with a formal decision expected by the end of the 6-month evaluation period. The agency said it would publish its full findings once the review concludes, in line with standard procedure.",REAL
"BREAKING: Secret documents EXPOSE the real agenda behind the defense budget. A whistleblower who wishes to remain anonymous says this changes EVERYTHING. Wake up, people — they have been LYING to us for years and this PROVES it beyond any doubt!",FAKE
Doctors HATE this one simple fact about the presidential election that could change your life forever! The government has been covering this up for decades and NOW the truth is finally coming out. Forward this to everyone you know before they take it down!,FAKE
"Officials confirmed on Wednesday that renewable energy investment will move forward after a review by a court filing, according to a statement released this week. The measure passed with a vote of 310 to 21, and is expected to take effect over the next 3 months. Analysts at several independent research firms said the impact would likely be gradual, citing prior similar measures.",REAL
"Lawmakers debated the defense budget for several hours on Monday before reaching a preliminary agreement. the Bureau of Labor Statistics said the next formal vote is scheduled within 1 weeks. Several committee members requested additional data before final approval, and a public comment period will follow.",REAL
"Officials confirmed on Monday that the state of the judiciary will move forward after a review by the National Weather Service, according to a statement released this week. The measure passed with a vote of 125 to 125, and is expected to take effect over the next 2 months. Analysts at several independent research firms said the impact would likely be gradual, citing prior similar measures.",REAL
A report published by a Treasury Department spokesperson on the state of the judiciary shows a change of 9.4% compared to last year. The data was compiled from 389 separate regional offices and reviewed by independent economists before release. Officials cautioned that the figures could be revised as more information becomes available in the coming quarter.,REAL
"According to the National Weather Service, the presidential election has been under review since early this year, with a formal decision expected by the end of the 6-month evaluation period. The agency said it would publish its full findings once the review concludes, in line with standard procedure.",REAL
"According to the Associated Press, immigration reform has been under review since early this year, with a formal decision expected by the end of the 21-month evaluation period. The agency said it would publish its full findings once the review concludes, in line with standard procedure.",REAL
SHOCKING new evidence about the tech industry that NO ONE is talking about! A source close to the situation says this is just the tip of the iceberg. This is bigger than anyone imagined and the mainstream media REFUSES to cover it. Wake up and share NOW!,FAKE
A report published by the Bureau of Labor Statistics on the tech industry shows a change of 4.3% compared to last year. The data was compiled from 148 separate regional offices and reviewed by independent economists before release. Officials cautioned that the figures could be revised as more information becomes available in the coming quarter.,REAL
"According to the National Weather Service, the education budget has been under review since early this year, with a formal decision expected by the end of the 16-month evaluation period. The agency said it would publish its full findings once the review concludes, in line with standard procedure.",REAL
"Lawmakers debated the state of the judiciary for several hours on Wednesday before reaching a preliminary agreement. the Congressional Budget Office said the next formal vote is scheduled within 9 weeks. Several committee members requested additional data before final approval, and a public comment period will follow.",REAL
"According to the Associated Press, a public transportation overhaul has been under review since early this year, with a formal decision expected by the end of the 21-month evaluation period. The agency said it would publish its full findings once the review concludes, in line with standard procedure.",REAL
"Lawmakers debated the state of the judiciary for several hours on Wednesday before reaching a preliminary agreement. the Associated Press said the next formal vote is scheduled within 12 weeks. Several committee members requested additional data before final approval, and a public comment period will follow.",REAL
"According to the Congressional Budget Office, the state of the judiciary has been under review since early this year, with a formal decision expected by the end of the 1-month evaluation period. The agency said it would publish its full findings once the review concludes, in line with standard procedure.",REAL
A report published by a Treasury Department spokesperson on the economy shows a change of 2.7% compared to last year. The data was compiled from 27 separate regional offices and reviewed by independent economists before release. Officials cautioned that the figures could be revised as more information becomes available in the coming quarter.,REAL
"According to a Treasury Department spokesperson, the defense budget has been under review since early this year, with a formal decision expected by the end of the 13-month evaluation period. The agency said it would publish its full findings once the review concludes, in line with standard procedure.",REAL
A report published by the Congressional Budget Office on renewable energy investment shows a change of 8.7% compared to last year. The data was compiled from 329 separate regional offices and reviewed by independent economists before release. Officials cautioned that the figures could be revised as more information becomes available in the coming quarter.,REAL
YOU WON'T BELIEVE what they don't want you to know about the presidential election!!! Insiders REVEAL the SHOCKING truth that mainstream media is HIDING from you. Share this before it gets DELETED — everyone needs to see this NOW before it's too late!,FAKE
A report published by a court filing on a public transportation overhaul shows a change of 9.5% compared to last year. The data was compiled from 168 separate regional offices and reviewed by independent economists before release. Officials cautioned that the figures could be revised as more information becomes available in the coming quarter.,REAL
"BREAKING: Secret documents EXPOSE the real agenda behind a major merger between two airlines. A whistleblower who wishes to remain anonymous says this changes EVERYTHING. Wake up, people — they have been LYING to us for years and this PROVES it beyond any doubt!",FAKE
"According to the National Weather Service, the housing market has been under review since early this year, with a formal decision expected by the end of the 6-month evaluation period. The agency said it would publish its full findings once the review concludes, in line with standard procedure.",REAL
"Lawmakers debated the upcoming census for several hours on Wednesday before reaching a preliminary agreement. the National Weather Service said the next formal vote is scheduled within 1 weeks. Several committee members requested additional data before final approval, and a public comment period will follow.",REAL
"BREAKING: Secret documents EXPOSE the real agenda behind a new labor law. A whistleblower who wishes to remain anonymous says this changes EVERYTHING. Wake up, people — they have been LYING to us for years and this PROVES it beyond any doubt!",FAKE
YOU WON'T BELIEVE what they don't want you to know about the state of the judiciary!!! Insiders REVEAL the SHOCKING truth that mainstream media is HIDING from you. Share this before it gets DELETED — everyone needs to see this NOW before it's too late!,FAKE
SHOCKING new evidence about renewable energy investment that NO ONE is talking about! A source close to the situation says this is just the tip of the iceberg. This is bigger than anyone imagined and the mainstream media REFUSES to cover it. Wake up and share NOW!,FAKE
SHOCKING new evidence about the housing market that NO ONE is talking about! A source close to the situation says this is just the tip of the iceberg. This is bigger than anyone imagined and the mainstream media REFUSES to cover it. Wake up and share NOW!,FAKE
"BREAKING: Secret documents EXPOSE the real agenda behind the tech industry. A whistleblower who wishes to remain anonymous says this changes EVERYTHING. Wake up, people — they have been LYING to us for years and this PROVES it beyond any doubt!",FAKE
Doctors HATE this one simple fact about the national vaccine rollout that could change your life forever! The government has been covering this up for decades and NOW the truth is finally coming out. Forward this to everyone you know before they take it down!,FAKE
"Officials confirmed on Tuesday that the tech industry will move forward after a review by the Federal Reserve, according to a statement released this week. The measure passed with a vote of 236 to 288, and is expected to take effect over the next 23 months. Analysts at several independent research firms said the impact would likely be gradual, citing prior similar measures.",REAL
"According to a court filing, the state of the judiciary has been under review since early this year, with a formal decision expected by the end of the 4-month evaluation period. The agency said it would publish its full findings once the review concludes, in line with standard procedure.",REAL
"BREAKING: Secret documents EXPOSE the real agenda behind climate policy. A whistleblower who wishes to remain anonymous says this changes EVERYTHING. Wake up, people — they have been LYING to us for years and this PROVES it beyond any doubt!",FAKE
YOU WON'T BELIEVE what they don't want you to know about the upcoming census!!! Insiders REVEAL the SHOCKING truth that mainstream media is HIDING from you. Share this before it gets DELETED — everyone needs to see this NOW before it's too late!,FAKE
YOU WON'T BELIEVE what they don't want you to know about the tech industry!!! Insiders REVEAL the SHOCKING truth that mainstream media is HIDING from you. Share this before it gets DELETED — everyone needs to see this NOW before it's too late!,FAKE
"According to the Department of Health, the presidential election has been under review since early this year, with a formal decision expected by the end of the 14-month evaluation period. The agency said it would publish its full findings once the review concludes, in line with standard procedure.",REAL
SHOCKING new evidence about the central bank's interest rate decision that NO ONE is talking about! A source close to the situation says this is just the tip of the iceberg. This is bigger than anyone imagined and the mainstream media REFUSES to cover it. Wake up and share NOW!,FAKE
A report published by the Department of Health on the central bank's interest rate decision shows a change of 1.6% compared to last year. The data was compiled from 236 separate regional offices and reviewed by independent economists before release. Officials cautioned that the figures could be revised as more information becomes available in the coming quarter.,REAL
"According to a Treasury Department spokesperson, the upcoming census has been under review since early this year, with a formal decision expected by the end of the 5-month evaluation period. The agency said it would publish its full findings once the review concludes, in line with standard procedure.",REAL
"Lawmakers debated the state of the judiciary for several hours on Monday before reaching a preliminary agreement. the Department of Health said the next formal vote is scheduled within 13 weeks. Several committee members requested additional data before final approval, and a public comment period will follow.",REAL
"Officials confirmed on Wednesday that the new healthcare bill will move forward after a review by Reuters, according to a statement released this week. The measure passed with a vote of 301 to 245, and is expected to take effect over the next 17 months. Analysts at several independent research firms said the impact would likely be gradual, citing prior similar measures.",REAL
Doctors HATE this one simple fact about climate policy that could change your life forever! The government has been covering this up for decades and NOW the truth is finally coming out. Forward this to everyone you know before they take it down!,FAKE
YOU WON'T BELIEVE what they don't want you to know about a new trade agreement!!! Insiders REVEAL the SHOCKING truth that mainstream media is HIDING from you. Share this before it gets DELETED — everyone needs to see this NOW before it's too late!,FAKE
"BREAKING: Secret documents EXPOSE the real agenda behind the housing market. A whistleblower who wishes to remain anonymous says this changes EVERYTHING. Wake up, people — they have been LYING to us for years and this PROVES it beyond any doubt!",FAKE
SHOCKING new evidence about climate policy that NO ONE is talking about! A source close to the situation says this is just the tip of the iceberg. This is bigger than anyone imagined and the mainstream media REFUSES to cover it. Wake up and share NOW!,FAKE
YOU WON'T BELIEVE what they don't want you to know about the education budget!!! Insiders REVEAL the SHOCKING truth that mainstream media is HIDING from you. Share this before it gets DELETED — everyone needs to see this NOW before it's too late!,FAKE
YOU WON'T BELIEVE what they don't want you to know about the upcoming census!!! Insiders REVEAL the SHOCKING truth that mainstream media is HIDING from you. Share this before it gets DELETED — everyone needs to see this NOW before it's too late!,FAKE
"BREAKING: Secret documents EXPOSE the real agenda behind a major merger between two airlines. A whistleblower who wishes to remain anonymous says this changes EVERYTHING. Wake up, people — they have been LYING to us for years and this PROVES it beyond any doubt!",FAKE
YOU WON'T BELIEVE what they don't want you to know about immigration reform!!! Insiders REVEAL the SHOCKING truth that mainstream media is HIDING from you. Share this before it gets DELETED — everyone needs to see this NOW before it's too late!,FAKE
"Officials confirmed on Friday that the tech industry will move forward after a review by the Congressional Budget Office, according to a statement released this week. The measure passed with a vote of 137 to 25, and is expected to take effect over the next 10 months. Analysts at several independent research firms said the impact would likely be gradual, citing prior similar measures.",REAL
"Officials confirmed on Friday that the new healthcare bill will move forward after a review by the Bureau of Labor Statistics, according to a statement released this week. The measure passed with a vote of 110 to 291, and is expected to take effect over the next 16 months. Analysts at several independent research firms said the impact would likely be gradual, citing prior similar measures.",REAL
"Lawmakers debated the economy for several hours on Monday before reaching a preliminary agreement. the Congressional Budget Office said the next formal vote is scheduled within 11 weeks. Several committee members requested additional data before final approval, and a public comment period will follow.",REAL
YOU WON'T BELIEVE what they don't want you to know about the housing market!!! Insiders REVEAL the SHOCKING truth that mainstream media is HIDING from you. Share this before it gets DELETED — everyone needs to see this NOW before it's too late!,FAKE
"Lawmakers debated climate policy for several hours on Wednesday before reaching a preliminary agreement. the Associated Press said the next formal vote is scheduled within 13 weeks. Several committee members requested additional data before final approval, and a public comment period will follow.",REAL
"Lawmakers debated the presidential election for several hours on Friday before reaching a preliminary agreement. the Associated Press said the next formal vote is scheduled within 11 weeks. Several committee members requested additional data before final approval, and a public comment period will follow.",REAL
YOU WON'T BELIEVE what they don't want you to know about immigration reform!!! Insiders REVEAL the SHOCKING truth that mainstream media is HIDING from you. Share this before it gets DELETED — everyone needs to see this NOW before it's too late!,FAKE
Doctors HATE this one simple fact about the housing market that could change your life forever! The government has been covering this up for decades and NOW the truth is finally coming out. Forward this to everyone you know before they take it down!,FAKE
"BREAKING: Secret documents EXPOSE the real agenda behind the space program's next mission. A whistleblower who wishes to remain anonymous says this changes EVERYTHING. Wake up, people — they have been LYING to us for years and this PROVES it beyond any doubt!",FAKE
"BREAKING: Secret documents EXPOSE the real agenda behind a new labor law. A whistleblower who wishes to remain anonymous says this changes EVERYTHING. Wake up, people — they have been LYING to us for years and this PROVES it beyond any doubt!",FAKE
"According to the Associated Press, the upcoming census has been under review since early this year, with a formal decision expected by the end of the 15-month evaluation period. The agency said it would publish its full findings once the review concludes, in line with standard procedure.",REAL
YOU WON'T BELIEVE what they don't want you to know about the state of the judiciary!!! Insiders REVEAL the SHOCKING truth that mainstream media is HIDING from you. Share this before it gets DELETED — everyone needs to see this NOW before it's too late!,FAKE
SHOCKING new evidence about the upcoming census that NO ONE is talking about! A source close to the situation says this is just the tip of the iceberg. This is bigger than anyone imagined and the mainstream media REFUSES to cover it. Wake up and share NOW!,FAKE
"BREAKING: Secret documents EXPOSE the real agenda behind climate policy. A whistleblower who wishes to remain anonymous says this changes EVERYTHING. Wake up, people — they have been LYING to us for years and this PROVES it beyond any doubt!",FAKE
Doctors HATE this one simple fact about renewable energy investment that could change your life forever! The government has been covering this up for decades and NOW the truth is finally coming out. Forward this to everyone you know before they take it down!,FAKE
SHOCKING new evidence about a public transportation overhaul that NO ONE is talking about! A source close to the situation says this is just the tip of the iceberg. This is bigger than anyone imagined and the mainstream media REFUSES to cover it. Wake up and share NOW!,FAKE
A report published by a Treasury Department spokesperson on a new trade agreement shows a change of 8.6% compared to last year. The data was compiled from 162 separate regional offices and reviewed by independent economists before release. Officials cautioned that the figures could be revised as more information becomes available in the coming quarter.,REAL
"Officials confirmed on Tuesday that a new labor law will move forward after a review by Reuters, according to a statement released this week. The measure passed with a vote of 24 to 7, and is expected to take effect over the next 8 months. Analysts at several independent research firms said the impact would likely be gradual, citing prior similar measures.",REAL
"BREAKING: Secret documents EXPOSE the real agenda behind renewable energy investment. A whistleblower who wishes to remain anonymous says this changes EVERYTHING. Wake up, people — they have been LYING to us for years and this PROVES it beyond any doubt!",FAKE
SHOCKING new evidence about the space program's next mission that NO ONE is talking about! A source close to the situation says this is just the tip of the iceberg. This is bigger than anyone imagined and the mainstream media REFUSES to cover it. Wake up and share NOW!,FAKE
YOU WON'T BELIEVE what they don't want you to know about a new trade agreement!!! Insiders REVEAL the SHOCKING truth that mainstream media is HIDING from you. Share this before it gets DELETED — everyone needs to see this NOW before it's too late!,FAKE
"Officials confirmed on Tuesday that the education budget will move forward after a review by the Congressional Budget Office, according to a statement released this week. The measure passed with a vote of 382 to 227, and is expected to take effect over the next 11 months. Analysts at several independent research firms said the impact would likely be gradual, citing prior similar measures.",REAL
"BREAKING: Secret documents EXPOSE the real agenda behind the national vaccine rollout. A whistleblower who wishes to remain anonymous says this changes EVERYTHING. Wake up, people — they have been LYING to us for years and this PROVES it beyond any doubt!",FAKE
"According to a spokesperson for the White House, the space program's next mission has been under review since early this year, with a formal decision expected by the end of the 7-month evaluation period. The agency said it would publish its full findings once the review concludes, in line with standard procedure.",REAL
"BREAKING: Secret documents EXPOSE the real agenda behind the space program's next mission. A whistleblower who wishes to remain anonymous says this changes EVERYTHING. Wake up, people — they have been LYING to us for years and this PROVES it beyond any doubt!",FAKE
"BREAKING: Secret documents EXPOSE the real agenda behind the economy. A whistleblower who wishes to remain anonymous says this changes EVERYTHING. Wake up, people — they have been LYING to us for years and this PROVES it beyond any doubt!",FAKE
"Lawmakers debated the central bank's interest rate decision for several hours on Wednesday before reaching a preliminary agreement. the Department of Health said the next formal vote is scheduled within 8 weeks. Several committee members requested additional data before final approval, and a public comment period will follow.",REAL
"According to the Federal Reserve, the agriculture subsidy program has been under review since early this year, with a formal decision expected by the end of the 22-month evaluation period. The agency said it would publish its full findings once the review concludes, in line with standard procedure.",REAL
YOU WON'T BELIEVE what they don't want you to know about the national vaccine rollout!!! Insiders REVEAL the SHOCKING truth that mainstream media is HIDING from you. Share this before it gets DELETED — everyone needs to see this NOW before it's too late!,FAKE
YOU WON'T BELIEVE what they don't want you to know about a new labor law!!! Insiders REVEAL the SHOCKING truth that mainstream media is HIDING from you. Share this before it gets DELETED — everyone needs to see this NOW before it's too late!,FAKE
Doctors HATE this one simple fact about a public transportation overhaul that could change your life forever! The government has been covering this up for decades and NOW the truth is finally coming out. Forward this to everyone you know before they take it down!,FAKE
A report published by the Associated Press on the agriculture subsidy program shows a change of 6.2% compared to last year. The data was compiled from 75 separate regional offices and reviewed by independent economists before release. Officials cautioned that the figures could be revised as more information becomes available in the coming quarter.,REAL
SHOCKING new evidence about the tech industry that NO ONE is talking about! A source close to the situation says this is just the tip of the iceberg. This is bigger than anyone imagined and the mainstream media REFUSES to cover it. Wake up and share NOW!,FAKE
"Officials confirmed on Wednesday that the upcoming census will move forward after a review by Reuters, according to a statement released this week. The measure passed with a vote of 298 to 187, and is expected to take effect over the next 24 months. Analysts at several independent research firms said the impact would likely be gradual, citing prior similar measures.",REAL
"Lawmakers debated the state of the judiciary for several hours on Thursday before reaching a preliminary agreement. the Congressional Budget Office said the next formal vote is scheduled within 3 weeks. Several committee members requested additional data before final approval, and a public comment period will follow.",REAL
A report published by the National Weather Service on the agriculture subsidy program shows a change of 12.4% compared to last year. The data was compiled from 182 separate regional offices and reviewed by independent economists before release. Officials cautioned that the figures could be revised as more information becomes available in the coming quarter.,REAL
YOU WON'T BELIEVE what they don't want you to know about the economy!!! Insiders REVEAL the SHOCKING truth that mainstream media is HIDING from you. Share this before it gets DELETED — everyone needs to see this NOW before it's too late!,FAKE
"Officials confirmed on Friday that renewable energy investment will move forward after a review by the Department of Health, according to a statement released this week. The measure passed with a vote of 203 to 293, and is expected to take effect over the next 20 months. Analysts at several independent research firms said the impact would likely be gradual, citing prior similar measures.",REAL
YOU WON'T BELIEVE what they don't want you to know about the space program's next mission!!! Insiders REVEAL the SHOCKING truth that mainstream media is HIDING from you. Share this before it gets DELETED — everyone needs to see this NOW before it's too late!,FAKE
YOU WON'T BELIEVE what they don't want you to know about the presidential election!!! Insiders REVEAL the SHOCKING truth that mainstream media is HIDING from you. Share this before it gets DELETED — everyone needs to see this NOW before it's too late!,FAKE
Doctors HATE this one simple fact about renewable energy investment that could change your life forever! The government has been covering this up for decades and NOW the truth is finally coming out. Forward this to everyone you know before they take it down!,FAKE
Doctors HATE this one simple fact about a new trade agreement that could change your life forever! The government has been covering this up for decades and NOW the truth is finally coming out. Forward this to everyone you know before they take it down!,FAKE
SHOCKING new evidence about the agriculture subsidy program that NO ONE is talking about! A source close to the situation says this is just the tip of the iceberg. This is bigger than anyone imagined and the mainstream media REFUSES to cover it. Wake up and share NOW!,FAKE
SHOCKING new evidence about a public transportation overhaul that NO ONE is talking about! A source close to the situation says this is just the tip of the iceberg. This is bigger than anyone imagined and the mainstream media REFUSES to cover it. Wake up and share NOW!,FAKE
"Officials confirmed on Wednesday that the agriculture subsidy program will move forward after a review by the Bureau of Labor Statistics, according to a statement released this week. The measure passed with a vote of 297 to 295, and is expected to take effect over the next 21 months. Analysts at several independent research firms said the impact would likely be gradual, citing prior similar measures.",REAL
Doctors HATE this one simple fact about the upcoming census that could change your life forever! The government has been covering this up for decades and NOW the truth is finally coming out. Forward this to everyone you know before they take it down!,FAKE
"BREAKING: Secret documents EXPOSE the real agenda behind the housing market. A whistleblower who wishes to remain anonymous says this changes EVERYTHING. Wake up, people — they have been LYING to us for years and this PROVES it beyond any doubt!",FAKE
YOU WON'T BELIEVE what they don't want you to know about renewable energy investment!!! Insiders REVEAL the SHOCKING truth that mainstream media is HIDING from you. Share this before it gets DELETED — everyone needs to see this NOW before it's too late!,FAKE
"BREAKING: Secret documents EXPOSE the real agenda behind the housing market. A whistleblower who wishes to remain anonymous says this changes EVERYTHING. Wake up, people — they have been LYING to us for years and this PROVES it beyond any doubt!",FAKE
"According to the National Weather Service, climate policy has been under review since early this year, with a formal decision expected by the end of the 4-month evaluation period. The agency said it would publish its full findings once the review concludes, in line with standard procedure.",REAL
YOU WON'T BELIEVE what they don't want you to know about the tech industry!!! Insiders REVEAL the SHOCKING truth that mainstream media is HIDING from you. Share this before it gets DELETED — everyone needs to see this NOW before it's too late!,FAKE
Doctors HATE this one simple fact about the tech industry that could change your life forever! The government has been covering this up for decades and NOW the truth is finally coming out. Forward this to everyone you know before they take it down!,FAKE
Doctors HATE this one simple fact about the upcoming census that could change your life forever! The government has been covering this up for decades and NOW the truth is finally coming out. Forward this to everyone you know before they take it down!,FAKE
A report published by the Department of Health on a major merger between two airlines shows a change of 10.6% compared to last year. The data was compiled from 261 separate regional offices and reviewed by independent economists before release. Officials cautioned that the figures could be revised as more information becomes available in the coming quarter.,REAL
Doctors HATE this one simple fact about immigration reform that could change your life forever! The government has been covering this up for decades and NOW the truth is finally coming out. Forward this to everyone you know before they take it down!,FAKE
"According to the Associated Press, the central bank's interest rate decision has been under review since early this year, with a formal decision expected by the end of the 9-month evaluation period. The agency said it would publish its full findings once the review concludes, in line with standard procedure.",REAL
"According to the Congressional Budget Office, a new labor law has been under review since early this year, with a formal decision expected by the end of the 16-month evaluation period. The agency said it would publish its full findings once the review concludes, in line with standard procedure.",REAL
YOU WON'T BELIEVE what they don't want you to know about the agriculture subsidy program!!! Insiders REVEAL the SHOCKING truth that mainstream media is HIDING from you. Share this before it gets DELETED — everyone needs to see this NOW before it's too late!,FAKE
"Lawmakers debated the defense budget for several hours on Friday before reaching a preliminary agreement. a court filing said the next formal vote is scheduled within 19 weeks. Several committee members requested additional data before final approval, and a public comment period will follow.",REAL
YOU WON'T BELIEVE what they don't want you to know about a new labor law!!! Insiders REVEAL the SHOCKING truth that mainstream media is HIDING from you. Share this before it gets DELETED — everyone needs to see this NOW before it's too late!,FAKE
SHOCKING new evidence about the education budget that NO ONE is talking about! A source close to the situation says this is just the tip of the iceberg. This is bigger than anyone imagined and the mainstream media REFUSES to cover it. Wake up and share NOW!,FAKE
A report published by the Associated Press on the state of the judiciary shows a change of 8.2% compared to last year. The data was compiled from 169 separate regional offices and reviewed by independent economists before release. Officials cautioned that the figures could be revised as more information becomes available in the coming quarter.,REAL
"Officials confirmed on Thursday that climate policy will move forward after a review by the Congressional Budget Office, according to a statement released this week. The measure passed with a vote of 36 to 196, and is expected to take effect over the next 21 months. Analysts at several independent research firms said the impact would likely be gradual, citing prior similar measures.",REAL
YOU WON'T BELIEVE what they don't want you to know about the national vaccine rollout!!! Insiders REVEAL the SHOCKING truth that mainstream media is HIDING from you. Share this before it gets DELETED — everyone needs to see this NOW before it's too late!,FAKE
"According to the Department of Health, the central bank's interest rate decision has been under review since early this year, with a formal decision expected by the end of the 3-month evaluation period. The agency said it would publish its full findings once the review concludes, in line with standard procedure.",REAL
Doctors HATE this one simple fact about climate policy that could change your life forever! The government has been covering this up for decades and NOW the truth is finally coming out. Forward this to everyone you know before they take it down!,FAKE
"According to the Department of Health, the central bank's interest rate decision has been under review since early this year, with a formal decision expected by the end of the 4-month evaluation period. The agency said it would publish its full findings once the review concludes, in line with standard procedure.",REAL
"Lawmakers debated a new labor law for several hours on Monday before reaching a preliminary agreement. the Department of Health said the next formal vote is scheduled within 13 weeks. Several committee members requested additional data before final approval, and a public comment period will follow.",REAL
A report published by the Department of Health on a new labor law shows a change of 6.6% compared to last year. The data was compiled from 36 separate regional offices and reviewed by independent economists before release. Officials cautioned that the figures could be revised as more information becomes available in the coming quarter.,REAL
"BREAKING: Secret documents EXPOSE the real agenda behind renewable energy investment. A whistleblower who wishes to remain anonymous says this changes EVERYTHING. Wake up, people — they have been LYING to us for years and this PROVES it beyond any doubt!",FAKE
"According to the Congressional Budget Office, the state of the judiciary has been under review since early this year, with a formal decision expected by the end of the 15-month evaluation period. The agency said it would publish its full findings once the review concludes, in line with standard procedure.",REAL
"According to a Treasury Department spokesperson, the upcoming census has been under review since early this year, with a formal decision expected by the end of the 1-month evaluation period. The agency said it would publish its full findings once the review concludes, in line with standard procedure.",REAL
"BREAKING: Secret documents EXPOSE the real agenda behind the agriculture subsidy program. A whistleblower who wishes to remain anonymous says this changes EVERYTHING. Wake up, people — they have been LYING to us for years and this PROVES it beyond any doubt!",FAKE
Doctors HATE this one simple fact about the new healthcare bill that could change your life forever! The government has been covering this up for decades and NOW the truth is finally coming out. Forward this to everyone you know before they take it down!,FAKE
Doctors HATE this one simple fact about the tech industry that could change your life forever! The government has been covering this up for decades and NOW the truth is finally coming out. Forward this to everyone you know before they take it down!,FAKE
"According to a spokesperson for the White House, a public transportation overhaul has been under review since early this year, with a formal decision expected by the end of the 20-month evaluation period. The agency said it would publish its full findings once the review concludes, in line with standard procedure.",REAL
"According to a Treasury Department spokesperson, the education budget has been under review since early this year, with a formal decision expected by the end of the 19-month evaluation period. The agency said it would publish its full findings once the review concludes, in line with standard procedure.",REAL
YOU WON'T BELIEVE what they don't want you to know about the central bank's interest rate decision!!! Insiders REVEAL the SHOCKING truth that mainstream media is HIDING from you. Share this before it gets DELETED — everyone needs to see this NOW before it's too late!,FAKE
"Lawmakers debated the education budget for several hours on Wednesday before reaching a preliminary agreement. the National Weather Service said the next formal vote is scheduled within 11 weeks. Several committee members requested additional data before final approval, and a public comment period will follow.",REAL
YOU WON'T BELIEVE what they don't want you to know about the agriculture subsidy program!!! Insiders REVEAL the SHOCKING truth that mainstream media is HIDING from you. Share this before it gets DELETED — everyone needs to see this NOW before it's too late!,FAKE
SHOCKING new evidence about the new healthcare bill that NO ONE is talking about! A source close to the situation says this is just the tip of the iceberg. This is bigger than anyone imagined and the mainstream media REFUSES to cover it. Wake up and share NOW!,FAKE
"According to Reuters, the upcoming census has been under review since early this year, with a formal decision expected by the end of the 5-month evaluation period. The agency said it would publish its full findings once the review concludes, in line with standard procedure.",REAL
Doctors HATE this one simple fact about the new healthcare bill that could change your life forever! The government has been covering this up for decades and NOW the truth is finally coming out. Forward this to everyone you know before they take it down!,FAKE
SHOCKING new evidence about the defense budget that NO ONE is talking about! A source close to the situation says this is just the tip of the iceberg. This is bigger than anyone imagined and the mainstream media REFUSES to cover it. Wake up and share NOW!,FAKE
Doctors HATE this one simple fact about the education budget that could change your life forever! The government has been covering this up for decades and NOW the truth is finally coming out. Forward this to everyone you know before they take it down!,FAKE
"According to the Congressional Budget Office, the upcoming census has been under review since early this year, with a formal decision expected by the end of the 24-month evaluation period. The agency said it would publish its full findings once the review concludes, in line with standard procedure.",REAL
"According to the Congressional Budget Office, renewable energy investment has been under review since early this year, with a formal decision expected by the end of the 16-month evaluation period. The agency said it would publish its full findings once the review concludes, in line with standard procedure.",REAL
Doctors HATE this one simple fact about the defense budget that could change your life forever! The government has been covering this up for decades and NOW the truth is finally coming out. Forward this to everyone you know before they take it down!,FAKE
"Officials confirmed on Monday that a public transportation overhaul will move forward after a review by the Federal Reserve, according to a statement released this week. The measure passed with a vote of 62 to 267, and is expected to take effect over the next 1 months. Analysts at several independent research firms said the impact would likely be gradual, citing prior similar measures.",REAL
"According to a court filing, the education budget has been under review since early this year, with a formal decision expected by the end of the 24-month evaluation period. The agency said it would publish its full findings once the review concludes, in line with standard procedure.",REAL
"According to the Associated Press, a new trade agreement has been under review since early this year, with a formal decision expected by the end of the 14-month evaluation period. The agency said it would publish its full findings once the review concludes, in line with standard procedure.",REAL
"BREAKING: Secret documents EXPOSE the real agenda behind the education budget. A whistleblower who wishes to remain anonymous says this changes EVERYTHING. Wake up, people — they have been LYING to us for years and this PROVES it beyond any doubt!",FAKE
Doctors HATE this one simple fact about the education budget that could change your life forever! The government has been covering this up for decades and NOW the truth is finally coming out. Forward this to everyone you know before they take it down!,FAKE
SHOCKING new evidence about the national vaccine rollout that NO ONE is talking about! A source close to the situation says this is just the tip of the iceberg. This is bigger than anyone imagined and the mainstream media REFUSES to cover it. Wake up and share NOW!,FAKE
"BREAKING: Secret documents EXPOSE the real agenda behind the economy. A whistleblower who wishes to remain anonymous says this changes EVERYTHING. Wake up, people — they have been LYING to us for years and this PROVES it beyond any doubt!",FAKE
"BREAKING: Secret documents EXPOSE the real agenda behind the space program's next mission. A whistleblower who wishes to remain anonymous says this changes EVERYTHING. Wake up, people — they have been LYING to us for years and this PROVES it beyond any doubt!",FAKE
"BREAKING: Secret documents EXPOSE the real agenda behind renewable energy investment. A whistleblower who wishes to remain anonymous says this changes EVERYTHING. Wake up, people — they have been LYING to us for years and this PROVES it beyond any doubt!",FAKE
SHOCKING new evidence about the defense budget that NO ONE is talking about! A source close to the situation says this is just the tip of the iceberg. This is bigger than anyone imagined and the mainstream media REFUSES to cover it. Wake up and share NOW!,FAKE
"According to a Treasury Department spokesperson, the economy has been under review since early this year, with a formal decision expected by the end of the 4-month evaluation period. The agency said it would publish its full findings once the review concludes, in line with standard procedure.",REAL
"Officials confirmed on Monday that the tech industry will move forward after a review by the National Weather Service, according to a statement released this week. The measure passed with a vote of 41 to 68, and is expected to take effect over the next 19 months. Analysts at several independent research firms said the impact would likely be gradual, citing prior similar measures.",REAL
"Lawmakers debated the national vaccine rollout for several hours on Tuesday before reaching a preliminary agreement. the National Weather Service said the next formal vote is scheduled within 16 weeks. Several committee members requested additional data before final approval, and a public comment period will follow.",REAL
YOU WON'T BELIEVE what they don't want you to know about the education budget!!! Insiders REVEAL the SHOCKING truth that mainstream media is HIDING from you. Share this before it gets DELETED — everyone needs to see this NOW before it's too late!,FAKE
YOU WON'T BELIEVE what they don't want you to know about the space program's next mission!!! Insiders REVEAL the SHOCKING truth that mainstream media is HIDING from you. Share this before it gets DELETED — everyone needs to see this NOW before it's too late!,FAKE
"Officials confirmed on Monday that the state of the judiciary will move forward after a review by the Department of Health, according to a statement released this week. The measure passed with a vote of 233 to 249, and is expected to take effect over the next 17 months. Analysts at several independent research firms said the impact would likely be gradual, citing prior similar measures.",REAL
YOU WON'T BELIEVE what they don't want you to know about the presidential election!!! Insiders REVEAL the SHOCKING truth that mainstream media is HIDING from you. Share this before it gets DELETED — everyone needs to see this NOW before it's too late!,FAKE
"Officials confirmed on Thursday that the space program's next mission will move forward after a review by the Congressional Budget Office, according to a statement released this week. The measure passed with a vote of 330 to 155, and is expected to take effect over the next 16 months. Analysts at several independent research firms said the impact would likely be gradual, citing prior similar measures.",REAL
SHOCKING new evidence about the presidential election that NO ONE is talking about! A source close to the situation says this is just the tip of the iceberg. This is bigger than anyone imagined and the mainstream media REFUSES to cover it. Wake up and share NOW!,FAKE
Doctors HATE this one simple fact about a public transportation overhaul that could change your life forever! The government has been covering this up for decades and NOW the truth is finally coming out. Forward this to everyone you know before they take it down!,FAKE
A report published by the Department of Health on the space program's next mission shows a change of 8.8% compared to last year. The data was compiled from 226 separate regional offices and reviewed by independent economists before release. Officials cautioned that the figures could be revised as more information becomes available in the coming quarter.,REAL
"Officials confirmed on Thursday that the space program's next mission will move forward after a review by the Federal Reserve, according to a statement released this week. The measure passed with a vote of 151 to 232, and is expected to take effect over the next 20 months. Analysts at several independent research firms said the impact would likely be gradual, citing prior similar measures.",REAL
SHOCKING new evidence about the national vaccine rollout that NO ONE is talking about! A source close to the situation says this is just the tip of the iceberg. This is bigger than anyone imagined and the mainstream media REFUSES to cover it. Wake up and share NOW!,FAKE
"BREAKING: Secret documents EXPOSE the real agenda behind the economy. A whistleblower who wishes to remain anonymous says this changes EVERYTHING. Wake up, people — they have been LYING to us for years and this PROVES it beyond any doubt!",FAKE
Doctors HATE this one simple fact about the national vaccine rollout that could change your life forever! The government has been covering this up for decades and NOW the truth is finally coming out. Forward this to everyone you know before they take it down!,FAKE
"Officials confirmed on Friday that the national vaccine rollout will move forward after a review by the National Weather Service, according to a statement released this week. The measure passed with a vote of 181 to 110, and is expected to take effect over the next 21 months. Analysts at several independent research firms said the impact would likely be gradual, citing prior similar measures.",REAL
"According to the Bureau of Labor Statistics, climate policy has been under review since early this year, with a formal decision expected by the end of the 21-month evaluation period. The agency said it would publish its full findings once the review concludes, in line with standard procedure.",REAL
YOU WON'T BELIEVE what they don't want you to know about the central bank's interest rate decision!!! Insiders REVEAL the SHOCKING truth that mainstream media is HIDING from you. Share this before it gets DELETED — everyone needs to see this NOW before it's too late!,FAKE
YOU WON'T BELIEVE what they don't want you to know about the economy!!! Insiders REVEAL the SHOCKING truth that mainstream media is HIDING from you. Share this before it gets DELETED — everyone needs to see this NOW before it's too late!,FAKE
Doctors HATE this one simple fact about a new trade agreement that could change your life forever! The government has been covering this up for decades and NOW the truth is finally coming out. Forward this to everyone you know before they take it down!,FAKE
YOU WON'T BELIEVE what they don't want you to know about climate policy!!! Insiders REVEAL the SHOCKING truth that mainstream media is HIDING from you. Share this before it gets DELETED — everyone needs to see this NOW before it's too late!,FAKE
Doctors HATE this one simple fact about the defense budget that could change your life forever! The government has been covering this up for decades and NOW the truth is finally coming out. Forward this to everyone you know before they take it down!,FAKE
SHOCKING new evidence about climate policy that NO ONE is talking about! A source close to the situation says this is just the tip of the iceberg. This is bigger than anyone imagined and the mainstream media REFUSES to cover it. Wake up and share NOW!,FAKE
A report published by a Treasury Department spokesperson on the economy shows a change of 12.4% compared to last year. The data was compiled from 217 separate regional offices and reviewed by independent economists before release. Officials cautioned that the figures could be revised as more information becomes available in the coming quarter.,REAL
"BREAKING: Secret documents EXPOSE the real agenda behind a major merger between two airlines. A whistleblower who wishes to remain anonymous says this changes EVERYTHING. Wake up, people — they have been LYING to us for years and this PROVES it beyond any doubt!",FAKE
Doctors HATE this one simple fact about the new healthcare bill that could change your life forever! The government has been covering this up for decades and NOW the truth is finally coming out. Forward this to everyone you know before they take it down!,FAKE
Doctors HATE this one simple fact about a new labor law that could change your life forever! The government has been covering this up for decades and NOW the truth is finally coming out. Forward this to everyone you know before they take it down!,FAKE
SHOCKING new evidence about the defense budget that NO ONE is talking about! A source close to the situation says this is just the tip of the iceberg. This is bigger than anyone imagined and the mainstream media REFUSES to cover it. Wake up and share NOW!,FAKE
"Officials confirmed on Thursday that the education budget will move forward after a review by the Bureau of Labor Statistics, according to a statement released this week. The measure passed with a vote of 59 to 293, and is expected to take effect over the next 24 months. Analysts at several independent research firms said the impact would likely be gradual, citing prior similar measures.",REAL
SHOCKING new evidence about the presidential election that NO ONE is talking about! A source close to the situation says this is just the tip of the iceberg. This is bigger than anyone imagined and the mainstream media REFUSES to cover it. Wake up and share NOW!,FAKE
Doctors HATE this one simple fact about climate policy that could change your life forever! The government has been covering this up for decades and NOW the truth is finally coming out. Forward this to everyone you know before they take it down!,FAKE
"BREAKING: Secret documents EXPOSE the real agenda behind the national vaccine rollout. A whistleblower who wishes to remain anonymous says this changes EVERYTHING. Wake up, people — they have been LYING to us for years and this PROVES it beyond any doubt!",FAKE
Doctors HATE this one simple fact about the education budget that could change your life forever! The government has been covering this up for decades and NOW the truth is finally coming out. Forward this to everyone you know before they take it down!,FAKE
Doctors HATE this one simple fact about a new trade agreement that could change your life forever! The government has been covering this up for decades and NOW the truth is finally coming out. Forward this to everyone you know before they take it down!,FAKE
"BREAKING: Secret documents EXPOSE the real agenda behind the economy. A whistleblower who wishes to remain anonymous says this changes EVERYTHING. Wake up, people — they have been LYING to us for years and this PROVES it beyond any doubt!",FAKE
"Lawmakers debated the defense budget for several hours on Monday before reaching a preliminary agreement. the Associated Press said the next formal vote is scheduled within 5 weeks. Several committee members requested additional data before final approval, and a public comment period will follow.",REAL
A report published by a spokesperson for the White House on the housing market shows a change of 0.9% compared to last year. The data was compiled from 281 separate regional offices and reviewed by independent economists before release. Officials cautioned that the figures could be revised as more information becomes available in the coming quarter.,REAL
"Lawmakers debated the state of the judiciary for several hours on Wednesday before reaching a preliminary agreement. the Federal Reserve said the next formal vote is scheduled within 12 weeks. Several committee members requested additional data before final approval, and a public comment period will follow.",REAL
A report published by a court filing on the tech industry shows a change of 3.8% compared to last year. The data was compiled from 262 separate regional offices and reviewed by independent economists before release. Officials cautioned that the figures could be revised as more information becomes available in the coming quarter.,REAL
YOU WON'T BELIEVE what they don't want you to know about the space program's next mission!!! Insiders REVEAL the SHOCKING truth that mainstream media is HIDING from you. Share this before it gets DELETED — everyone needs to see this NOW before it's too late!,FAKE
"Lawmakers debated renewable energy investment for several hours on Friday before reaching a preliminary agreement. the Department of Health said the next formal vote is scheduled within 18 weeks. Several committee members requested additional data before final approval, and a public comment period will follow.",REAL
"Officials confirmed on Wednesday that the defense budget will move forward after a review by the Federal Reserve, according to a statement released this week. The measure passed with a vote of 283 to 166, and is expected to take effect over the next 1 months. Analysts at several independent research firms said the impact would likely be gradual, citing prior similar measures.",REAL
A report published by Reuters on a major merger between two airlines shows a change of 4.9% compared to last year. The data was compiled from 186 separate regional offices and reviewed by independent economists before release. Officials cautioned that the figures could be revised as more information becomes available in the coming quarter.,REAL
"Lawmakers debated the education budget for several hours on Monday before reaching a preliminary agreement. the Congressional Budget Office said the next formal vote is scheduled within 13 weeks. Several committee members requested additional data before final approval, and a public comment period will follow.",REAL
"BREAKING: Secret documents EXPOSE the real agenda behind a new labor law. A whistleblower who wishes to remain anonymous says this changes EVERYTHING. Wake up, people — they have been LYING to us for years and this PROVES it beyond any doubt!",FAKE
"Lawmakers debated a new labor law for several hours on Friday before reaching a preliminary agreement. a court filing said the next formal vote is scheduled within 22 weeks. Several committee members requested additional data before final approval, and a public comment period will follow.",REAL
"Officials confirmed on Tuesday that the central bank's interest rate decision will move forward after a review by the Congressional Budget Office, according to a statement released this week. The measure passed with a vote of 203 to 76, and is expected to take effect over the next 5 months. Analysts at several independent research firms said the impact would likely be gradual, citing prior similar measures.",REAL
"Lawmakers debated a new labor law for several hours on Monday before reaching a preliminary agreement. Reuters said the next formal vote is scheduled within 17 weeks. Several committee members requested additional data before final approval, and a public comment period will follow.",REAL
"According to Reuters, the defense budget has been under review since early this year, with a formal decision expected by the end of the 20-month evaluation period. The agency said it would publish its full findings once the review concludes, in line with standard procedure.",REAL
SHOCKING new evidence about the national vaccine rollout that NO ONE is talking about! A source close to the situation says this is just the tip of the iceberg. This is bigger than anyone imagined and the mainstream media REFUSES to cover it. Wake up and share NOW!,FAKE
SHOCKING new evidence about the national vaccine rollout that NO ONE is talking about! A source close to the situation says this is just the tip of the iceberg. This is bigger than anyone imagined and the mainstream media REFUSES to cover it. Wake up and share NOW!,FAKE
"Officials confirmed on Thursday that the national vaccine rollout will move forward after a review by the Congressional Budget Office, according to a statement released this week. The measure passed with a vote of 16 to 24, and is expected to take effect over the next 11 months. Analysts at several independent research firms said the impact would likely be gradual, citing prior similar measures.",REAL
A report published by Reuters on the space program's next mission shows a change of 10.7% compared to last year. The data was compiled from 393 separate regional offices and reviewed by independent economists before release. Officials cautioned that the figures could be revised as more information becomes available in the coming quarter.,REAL
"Lawmakers debated the new healthcare bill for several hours on Tuesday before reaching a preliminary agreement. the Bureau of Labor Statistics said the next formal vote is scheduled within 13 weeks. Several committee members requested additional data before final approval, and a public comment period will follow.",REAL
"Lawmakers debated the presidential election for several hours on Wednesday before reaching a preliminary agreement. the Congressional Budget Office said the next formal vote is scheduled within 13 weeks. Several committee members requested additional data before final approval, and a public comment period will follow.",REAL
"According to the Congressional Budget Office, the presidential election has been under review since early this year, with a formal decision expected by the end of the 24-month evaluation period. The agency said it would publish its full findings once the review concludes, in line with standard procedure.",REAL
"According to the National Weather Service, the economy has been under review since early this year, with a formal decision expected by the end of the 23-month evaluation period. The agency said it would publish its full findings once the review concludes, in line with standard procedure.",REAL
SHOCKING new evidence about immigration reform that NO ONE is talking about! A source close to the situation says this is just the tip of the iceberg. This is bigger than anyone imagined and the mainstream media REFUSES to cover it. Wake up and share NOW!,FAKE
A report published by a spokesperson for the White House on the defense budget shows a change of 7.2% compared to last year. The data was compiled from 68 separate regional offices and reviewed by independent economists before release. Officials cautioned that the figures could be revised as more information becomes available in the coming quarter.,REAL
"According to the Associated Press, renewable energy investment has been under review since early this year, with a formal decision expected by the end of the 18-month evaluation period. The agency said it would publish its full findings once the review concludes, in line with standard procedure.",REAL
"According to a spokesperson for the White House, the upcoming census has been under review since early this year, with a formal decision expected by the end of the 1-month evaluation period. The agency said it would publish its full findings once the review concludes, in line with standard procedure.",REAL
"Officials confirmed on Tuesday that a new trade agreement will move forward after a review by a Treasury Department spokesperson, according to a statement released this week. The measure passed with a vote of 374 to 16, and is expected to take effect over the next 11 months. Analysts at several independent research firms said the impact would likely be gradual, citing prior similar measures.",REAL
A report published by a Treasury Department spokesperson on the tech industry shows a change of 10.0% compared to last year. The data was compiled from 259 separate regional offices and reviewed by independent economists before release. Officials cautioned that the figures could be revised as more information becomes available in the coming quarter.,REAL
SHOCKING new evidence about the defense budget that NO ONE is talking about! A source close to the situation says this is just the tip of the iceberg. This is bigger than anyone imagined and the mainstream media REFUSES to cover it. Wake up and share NOW!,FAKE
YOU WON'T BELIEVE what they don't want you to know about the national vaccine rollout!!! Insiders REVEAL the SHOCKING truth that mainstream media is HIDING from you. Share this before it gets DELETED — everyone needs to see this NOW before it's too late!,FAKE
SHOCKING new evidence about the housing market that NO ONE is talking about! A source close to the situation says this is just the tip of the iceberg. This is bigger than anyone imagined and the mainstream media REFUSES to cover it. Wake up and share NOW!,FAKE
"Officials confirmed on Tuesday that the presidential election will move forward after a review by the National Weather Service, according to a statement released this week. The measure passed with a vote of 224 to 170, and is expected to take effect over the next 19 months. Analysts at several independent research firms said the impact would likely be gradual, citing prior similar measures.",REAL
"According to a court filing, the defense budget has been under review since early this year, with a formal decision expected by the end of the 24-month evaluation period. The agency said it would publish its full findings once the review concludes, in line with standard procedure.",REAL
A report published by the National Weather Service on a major merger between two airlines shows a change of 4.3% compared to last year. The data was compiled from 86 separate regional offices and reviewed by independent economists before release. Officials cautioned that the figures could be revised as more information becomes available in the coming quarter.,REAL
Doctors HATE this one simple fact about a public transportation overhaul that could change your life forever! The government has been covering this up for decades and NOW the truth is finally coming out. Forward this to everyone you know before they take it down!,FAKE
Doctors HATE this one simple fact about the upcoming census that could change your life forever! The government has been covering this up for decades and NOW the truth is finally coming out. Forward this to everyone you know before they take it down!,FAKE
"According to a spokesperson for the White House, a major merger between two airlines has been under review since early this year, with a formal decision expected by the end of the 4-month evaluation period. The agency said it would publish its full findings once the review concludes, in line with standard procedure.",REAL
"According to the Federal Reserve, the housing market has been under review since early this year, with a formal decision expected by the end of the 22-month evaluation period. The agency said it would publish its full findings once the review concludes, in line with standard procedure.",REAL
"Officials confirmed on Tuesday that the education budget will move forward after a review by Reuters, according to a statement released this week. The measure passed with a vote of 90 to 26, and is expected to take effect over the next 10 months. Analysts at several independent research firms said the impact would likely be gradual, citing prior similar measures.",REAL
SHOCKING new evidence about the central bank's interest rate decision that NO ONE is talking about! A source close to the situation says this is just the tip of the iceberg. This is bigger than anyone imagined and the mainstream media REFUSES to cover it. Wake up and share NOW!,FAKE
SHOCKING new evidence about the new healthcare bill that NO ONE is talking about! A source close to the situation says this is just the tip of the iceberg. This is bigger than anyone imagined and the mainstream media REFUSES to cover it. Wake up and share NOW!,FAKE
"According to the Department of Health, the tech industry has been under review since early this year, with a formal decision expected by the end of the 11-month evaluation period. The agency said it would publish its full findings once the review concludes, in line with standard procedure.",REAL
A report published by the Bureau of Labor Statistics on the new healthcare bill shows a change of 1.7% compared to last year. The data was compiled from 56 separate regional offices and reviewed by independent economists before release. Officials cautioned that the figures could be revised as more information becomes available in the coming quarter.,REAL
"Lawmakers debated the upcoming census for several hours on Tuesday before reaching a preliminary agreement. the Congressional Budget Office said the next formal vote is scheduled within 4 weeks. Several committee members requested additional data before final approval, and a public comment period will follow.",REAL
"Lawmakers debated renewable energy investment for several hours on Thursday before reaching a preliminary agreement. a spokesperson for the White House said the next formal vote is scheduled within 7 weeks. Several committee members requested additional data before final approval, and a public comment period will follow.",REAL
Doctors HATE this one simple fact about the upcoming census that could change your life forever! The government has been covering this up for decades and NOW the truth is finally coming out. Forward this to everyone you know before they take it down!,FAKE
"Officials confirmed on Tuesday that the upcoming census will move forward after a review by the Associated Press, according to a statement released this week. The measure passed with a vote of 268 to 107, and is expected to take effect over the next 16 months. Analysts at several independent research firms said the impact would likely be gradual, citing prior similar measures.",REAL
A report published by the Associated Press on the new healthcare bill shows a change of 6.2% compared to last year. The data was compiled from 213 separate regional offices and reviewed by independent economists before release. Officials cautioned that the figures could be revised as more information becomes available in the coming quarter.,REAL
"According to the National Weather Service, a new trade agreement has been under review since early this year, with a formal decision expected by the end of the 17-month evaluation period. The agency said it would publish its full findings once the review concludes, in line with standard procedure.",REAL
"According to the Federal Reserve, the presidential election has been under review since early this year, with a formal decision expected by the end of the 9-month evaluation period. The agency said it would publish its full findings once the review concludes, in line with standard procedure.",REAL
"Lawmakers debated renewable energy investment for several hours on Wednesday before reaching a preliminary agreement. a court filing said the next formal vote is scheduled within 22 weeks. Several committee members requested additional data before final approval, and a public comment period will follow.",REAL
"According to Reuters, the new healthcare bill has been under review since early this year, with a formal decision expected by the end of the 1-month evaluation period. The agency said it would publish its full findings once the review concludes, in line with standard procedure.",REAL
SHOCKING new evidence about climate policy that NO ONE is talking about! A source close to the situation says this is just the tip of the iceberg. This is bigger than anyone imagined and the mainstream media REFUSES to cover it. Wake up and share NOW!,FAKE
"According to the Federal Reserve, a new labor law has been under review since early this year, with a formal decision expected by the end of the 6-month evaluation period. The agency said it would publish its full findings once the review concludes, in line with standard procedure.",REAL
A report published by the Congressional Budget Office on a new labor law shows a change of 9.3% compared to last year. The data was compiled from 282 separate regional offices and reviewed by independent economists before release. Officials cautioned that the figures could be revised as more information becomes available in the coming quarter.,REAL
"According to the Federal Reserve, the central bank's interest rate decision has been under review since early this year, with a formal decision expected by the end of the 10-month evaluation period. The agency said it would publish its full findings once the review concludes, in line with standard procedure.",REAL
Doctors HATE this one simple fact about the presidential election that could change your life forever! The government has been covering this up for decades and NOW the truth is finally coming out. Forward this to everyone you know before they take it down!,FAKE
"According to the Congressional Budget Office, the national vaccine rollout has been under review since early this year, with a formal decision expected by the end of the 20-month evaluation period. The agency said it would publish its full findings once the review concludes, in line with standard procedure.",REAL
A report published by a spokesperson for the White House on a public transportation overhaul shows a change of 3.1% compared to last year. The data was compiled from 201 separate regional offices and reviewed by independent economists before release. Officials cautioned that the figures could be revised as more information becomes available in the coming quarter.,REAL
YOU WON'T BELIEVE what they don't want you to know about climate policy!!! Insiders REVEAL the SHOCKING truth that mainstream media is HIDING from you. Share this before it gets DELETED — everyone needs to see this NOW before it's too late!,FAKE
"Lawmakers debated a new labor law for several hours on Monday before reaching a preliminary agreement. a Treasury Department spokesperson said the next formal vote is scheduled within 23 weeks. Several committee members requested additional data before final approval, and a public comment period will follow.",REAL
A report published by the Congressional Budget Office on the presidential election shows a change of 10.5% compared to last year. The data was compiled from 53 separate regional offices and reviewed by independent economists before release. Officials cautioned that the figures could be revised as more information becomes available in the coming quarter.,REAL
Doctors HATE this one simple fact about the upcoming census that could change your life forever! The government has been covering this up for decades and NOW the truth is finally coming out. Forward this to everyone you know before they take it down!,FAKE
"Lawmakers debated a new labor law for several hours on Thursday before reaching a preliminary agreement. the Congressional Budget Office said the next formal vote is scheduled within 5 weeks. Several committee members requested additional data before final approval, and a public comment period will follow.",REAL
Doctors HATE this one simple fact about a public transportation overhaul that could change your life forever! The government has been covering this up for decades and NOW the truth is finally coming out. Forward this to everyone you know before they take it down!,FAKE
SHOCKING new evidence about the defense budget that NO ONE is talking about! A source close to the situation says this is just the tip of the iceberg. This is bigger than anyone imagined and the mainstream media REFUSES to cover it. Wake up and share NOW!,FAKE
"Lawmakers debated the central bank's interest rate decision for several hours on Friday before reaching a preliminary agreement. the National Weather Service said the next formal vote is scheduled within 9 weeks. Several committee members requested additional data before final approval, and a public comment period will follow.",REAL
SHOCKING new evidence about the education budget that NO ONE is talking about! A source close to the situation says this is just the tip of the iceberg. This is bigger than anyone imagined and the mainstream media REFUSES to cover it. Wake up and share NOW!,FAKE
"According to a court filing, the tech industry has been under review since early this year, with a formal decision expected by the end of the 2-month evaluation period. The agency said it would publish its full findings once the review concludes, in line with standard procedure.",REAL
YOU WON'T BELIEVE what they don't want you to know about the tech industry!!! Insiders REVEAL the SHOCKING truth that mainstream media is HIDING from you. Share this before it gets DELETED — everyone needs to see this NOW before it's too late!,FAKE
"According to Reuters, the housing market has been under review since early this year, with a formal decision expected by the end of the 5-month evaluation period. The agency said it would publish its full findings once the review concludes, in line with standard procedure.",REAL
"According to the Congressional Budget Office, the tech industry has been under review since early this year, with a formal decision expected by the end of the 19-month evaluation period. The agency said it would publish its full findings once the review concludes, in line with standard procedure.",REAL
"BREAKING: Secret documents EXPOSE the real agenda behind climate policy. A whistleblower who wishes to remain anonymous says this changes EVERYTHING. Wake up, people — they have been LYING to us for years and this PROVES it beyond any doubt!",FAKE
A report published by the Federal Reserve on climate policy shows a change of 1.9% compared to last year. The data was compiled from 370 separate regional offices and reviewed by independent economists before release. Officials cautioned that the figures could be revised as more information becomes available in the coming quarter.,REAL
SHOCKING new evidence about the upcoming census that NO ONE is talking about! A source close to the situation says this is just the tip of the iceberg. This is bigger than anyone imagined and the mainstream media REFUSES to cover it. Wake up and share NOW!,FAKE
A report published by the Department of Health on the state of the judiciary shows a change of 9.8% compared to last year. The data was compiled from 346 separate regional offices and reviewed by independent economists before release. Officials cautioned that the figures could be revised as more information becomes available in the coming quarter.,REAL
"According to a court filing, the agriculture subsidy program has been under review since early this year, with a formal decision expected by the end of the 13-month evaluation period. The agency said it would publish its full findings once the review concludes, in line with standard procedure.",REAL
"Lawmakers debated a new trade agreement for several hours on Monday before reaching a preliminary agreement. the National Weather Service said the next formal vote is scheduled within 2 weeks. Several committee members requested additional data before final approval, and a public comment period will follow.",REAL
"Officials confirmed on Monday that the tech industry will move forward after a review by a spokesperson for the White House, according to a statement released this week. The measure passed with a vote of 299 to 52, and is expected to take effect over the next 11 months. Analysts at several independent research firms said the impact would likely be gradual, citing prior similar measures.",REAL
Doctors HATE this one simple fact about a new trade agreement that could change your life forever! The government has been covering this up for decades and NOW the truth is finally coming out. Forward this to everyone you know before they take it down!,FAKE
"Officials confirmed on Thursday that climate policy will move forward after a review by the Bureau of Labor Statistics, according to a statement released this week. The measure passed with a vote of 317 to 213, and is expected to take effect over the next 14 months. Analysts at several independent research firms said the impact would likely be gradual, citing prior similar measures.",REAL
A report published by the Congressional Budget Office on the defense budget shows a change of 10.5% compared to last year. The data was compiled from 163 separate regional offices and reviewed by independent economists before release. Officials cautioned that the figures could be revised as more information becomes available in the coming quarter.,REAL
"BREAKING: Secret documents EXPOSE the real agenda behind the state of the judiciary. A whistleblower who wishes to remain anonymous says this changes EVERYTHING. Wake up, people — they have been LYING to us for years and this PROVES it beyond any doubt!",FAKE
SHOCKING new evidence about the agriculture subsidy program that NO ONE is talking about! A source close to the situation says this is just the tip of the iceberg. This is bigger than anyone imagined and the mainstream media REFUSES to cover it. Wake up and share NOW!,FAKE
"BREAKING: Secret documents EXPOSE the real agenda behind the housing market. A whistleblower who wishes to remain anonymous says this changes EVERYTHING. Wake up, people — they have been LYING to us for years and this PROVES it beyond any doubt!",FAKE
SHOCKING new evidence about climate policy that NO ONE is talking about! A source close to the situation says this is just the tip of the iceberg. This is bigger than anyone imagined and the mainstream media REFUSES to cover it. Wake up and share NOW!,FAKE
YOU WON'T BELIEVE what they don't want you to know about the education budget!!! Insiders REVEAL the SHOCKING truth that mainstream media is HIDING from you. Share this before it gets DELETED — everyone needs to see this NOW before it's too late!,FAKE
Doctors HATE this one simple fact about immigration reform that could change your life forever! The government has been covering this up for decades and NOW the truth is finally coming out. Forward this to everyone you know before they take it down!,FAKE
"Officials confirmed on Tuesday that the education budget will move forward after a review by a court filing, according to a statement released this week. The measure passed with a vote of 157 to 44, and is expected to take effect over the next 8 months. Analysts at several independent research firms said the impact would likely be gradual, citing prior similar measures.",REAL
SHOCKING new evidence about the state of the judiciary that NO ONE is talking about! A source close to the situation says this is just the tip of the iceberg. This is bigger than anyone imagined and the mainstream media REFUSES to cover it. Wake up and share NOW!,FAKE
YOU WON'T BELIEVE what they don't want you to know about immigration reform!!! Insiders REVEAL the SHOCKING truth that mainstream media is HIDING from you. Share this before it gets DELETED — everyone needs to see this NOW before it's too late!,FAKE
"BREAKING: Secret documents EXPOSE the real agenda behind the economy. A whistleblower who wishes to remain anonymous says this changes EVERYTHING. Wake up, people — they have been LYING to us for years and this PROVES it beyond any doubt!",FAKE
A report published by the Associated Press on climate policy shows a change of 8.4% compared to last year. The data was compiled from 46 separate regional offices and reviewed by independent economists before release. Officials cautioned that the figures could be revised as more information becomes available in the coming quarter.,REAL
"Lawmakers debated a public transportation overhaul for several hours on Wednesday before reaching a preliminary agreement. the Associated Press said the next formal vote is scheduled within 8 weeks. Several committee members requested additional data before final approval, and a public comment period will follow.",REAL
SHOCKING new evidence about a new trade agreement that NO ONE is talking about! A source close to the situation says this is just the tip of the iceberg. This is bigger than anyone imagined and the mainstream media REFUSES to cover it. Wake up and share NOW!,FAKE
Doctors HATE this one simple fact about the agriculture subsidy program that could change your life forever! The government has been covering this up for decades and NOW the truth is finally coming out. Forward this to everyone you know before they take it down!,FAKE
"Lawmakers debated the national vaccine rollout for several hours on Wednesday before reaching a preliminary agreement. Reuters said the next formal vote is scheduled within 17 weeks. Several committee members requested additional data before final approval, and a public comment period will follow.",REAL
"According to the Federal Reserve, the new healthcare bill has been under review since early this year, with a formal decision expected by the end of the 24-month evaluation period. The agency said it would publish its full findings once the review concludes, in line with standard procedure.",REAL
"BREAKING: Secret documents EXPOSE the real agenda behind a new trade agreement. A whistleblower who wishes to remain anonymous says this changes EVERYTHING. Wake up, people — they have been LYING to us for years and this PROVES it beyond any doubt!",FAKE
"BREAKING: Secret documents EXPOSE the real agenda behind a public transportation overhaul. A whistleblower who wishes to remain anonymous says this changes EVERYTHING. Wake up, people — they have been LYING to us for years and this PROVES it beyond any doubt!",FAKE
SHOCKING new evidence about the presidential election that NO ONE is talking about! A source close to the situation says this is just the tip of the iceberg. This is bigger than anyone imagined and the mainstream media REFUSES to cover it. Wake up and share NOW!,FAKE
"Lawmakers debated the space program's next mission for several hours on Tuesday before reaching a preliminary agreement. Reuters said the next formal vote is scheduled within 18 weeks. Several committee members requested additional data before final approval, and a public comment period will follow.",REAL
"Lawmakers debated immigration reform for several hours on Thursday before reaching a preliminary agreement. the Associated Press said the next formal vote is scheduled within 14 weeks. Several committee members requested additional data before final approval, and a public comment period will follow.",REAL
"Officials confirmed on Tuesday that the tech industry will move forward after a review by a spokesperson for the White House, according to a statement released this week. The measure passed with a vote of 55 to 106, and is expected to take effect over the next 18 months. Analysts at several independent research firms said the impact would likely be gradual, citing prior similar measures.",REAL
"Lawmakers debated the central bank's interest rate decision for several hours on Friday before reaching a preliminary agreement. a court filing said the next formal vote is scheduled within 10 weeks. Several committee members requested additional data before final approval, and a public comment period will follow.",REAL
YOU WON'T BELIEVE what they don't want you to know about the housing market!!! Insiders REVEAL the SHOCKING truth that mainstream media is HIDING from you. Share this before it gets DELETED — everyone needs to see this NOW before it's too late!,FAKE
A report published by Reuters on the national vaccine rollout shows a change of 8.1% compared to last year. The data was compiled from 141 separate regional offices and reviewed by independent economists before release. Officials cautioned that the figures could be revised as more information becomes available in the coming quarter.,REAL
A report published by a spokesperson for the White House on the tech industry shows a change of 1.9% compared to last year. The data was compiled from 174 separate regional offices and reviewed by independent economists before release. Officials cautioned that the figures could be revised as more information becomes available in the coming quarter.,REAL
"BREAKING: Secret documents EXPOSE the real agenda behind climate policy. A whistleblower who wishes to remain anonymous says this changes EVERYTHING. Wake up, people — they have been LYING to us for years and this PROVES it beyond any doubt!",FAKE
SHOCKING new evidence about immigration reform that NO ONE is talking about! A source close to the situation says this is just the tip of the iceberg. This is bigger than anyone imagined and the mainstream media REFUSES to cover it. Wake up and share NOW!,FAKE
A report published by a court filing on a new trade agreement shows a change of 4.3% compared to last year. The data was compiled from 357 separate regional offices and reviewed by independent economists before release. Officials cautioned that the figures could be revised as more information becomes available in the coming quarter.,REAL
"Officials confirmed on Tuesday that the space program's next mission will move forward after a review by the Department of Health, according to a statement released this week. The measure passed with a vote of 283 to 164, and is expected to take effect over the next 9 months. Analysts at several independent research firms said the impact would likely be gradual, citing prior similar measures.",REAL
"Officials confirmed on Friday that the space program's next mission will move forward after a review by Reuters, according to a statement released this week. The measure passed with a vote of 48 to 156, and is expected to take effect over the next 17 months. Analysts at several independent research firms said the impact would likely be gradual, citing prior similar measures.",REAL
YOU WON'T BELIEVE what they don't want you to know about a new trade agreement!!! Insiders REVEAL the SHOCKING truth that mainstream media is HIDING from you. Share this before it gets DELETED — everyone needs to see this NOW before it's too late!,FAKE
SHOCKING new evidence about a new trade agreement that NO ONE is talking about! A source close to the situation says this is just the tip of the iceberg. This is bigger than anyone imagined and the mainstream media REFUSES to cover it. Wake up and share NOW!,FAKE
"Lawmakers debated immigration reform for several hours on Friday before reaching a preliminary agreement. a Treasury Department spokesperson said the next formal vote is scheduled within 24 weeks. Several committee members requested additional data before final approval, and a public comment period will follow.",REAL
Doctors HATE this one simple fact about the tech industry that could change your life forever! The government has been covering this up for decades and NOW the truth is finally coming out. Forward this to everyone you know before they take it down!,FAKE
A report published by a court filing on the presidential election shows a change of 8.4% compared to last year. The data was compiled from 292 separate regional offices and reviewed by independent economists before release. Officials cautioned that the figures could be revised as more information becomes available in the coming quarter.,REAL
YOU WON'T BELIEVE what they don't want you to know about the national vaccine rollout!!! Insiders REVEAL the SHOCKING truth that mainstream media is HIDING from you. Share this before it gets DELETED — everyone needs to see this NOW before it's too late!,FAKE
A report published by a spokesperson for the White House on the new healthcare bill shows a change of 8.7% compared to last year. The data was compiled from 269 separate regional offices and reviewed by independent economists before release. Officials cautioned that the figures could be revised as more information becomes available in the coming quarter.,REAL
SHOCKING new evidence about the presidential election that NO ONE is talking about! A source close to the situation says this is just the tip of the iceberg. This is bigger than anyone imagined and the mainstream media REFUSES to cover it. Wake up and share NOW!,FAKE
A report published by a Treasury Department spokesperson on the new healthcare bill shows a change of 0.7% compared to last year. The data was compiled from 53 separate regional offices and reviewed by independent economists before release. Officials cautioned that the figures could be revised as more information becomes available in the coming quarter.,REAL
"According to a Treasury Department spokesperson, the housing market has been under review since early this year, with a formal decision expected by the end of the 6-month evaluation period. The agency said it would publish its full findings once the review concludes, in line with standard procedure.",REAL
"According to the National Weather Service, a new labor law has been under review since early this year, with a formal decision expected by the end of the 14-month evaluation period. The agency said it would publish its full findings once the review concludes, in line with standard procedure.",REAL
"Officials confirmed on Wednesday that the central bank's interest rate decision will move forward after a review by the Associated Press, according to a statement released this week. The measure passed with a vote of 341 to 267, and is expected to take effect over the next 9 months. Analysts at several independent research firms said the impact would likely be gradual, citing prior similar measures.",REAL
Doctors HATE this one simple fact about the central bank's interest rate decision that could change your life forever! The government has been covering this up for decades and NOW the truth is finally coming out. Forward this to everyone you know before they take it down!,FAKE
Doctors HATE this one simple fact about the presidential election that could change your life forever! The government has been covering this up for decades and NOW the truth is finally coming out. Forward this to everyone you know before they take it down!,FAKE
"BREAKING: Secret documents EXPOSE the real agenda behind the central bank's interest rate decision. A whistleblower who wishes to remain anonymous says this changes EVERYTHING. Wake up, people — they have been LYING to us for years and this PROVES it beyond any doubt!",FAKE
SHOCKING new evidence about the national vaccine rollout that NO ONE is talking about! A source close to the situation says this is just the tip of the iceberg. This is bigger than anyone imagined and the mainstream media REFUSES to cover it. Wake up and share NOW!,FAKE
"Lawmakers debated renewable energy investment for several hours on Thursday before reaching a preliminary agreement. the National Weather Service said the next formal vote is scheduled within 13 weeks. Several committee members requested additional data before final approval, and a public comment period will follow.",REAL
SHOCKING new evidence about the tech industry that NO ONE is talking about! A source close to the situation says this is just the tip of the iceberg. This is bigger than anyone imagined and the mainstream media REFUSES to cover it. Wake up and share NOW!,FAKE
A report published by Reuters on the state of the judiciary shows a change of 1.3% compared to last year. The data was compiled from 114 separate regional offices and reviewed by independent economists before release. Officials cautioned that the figures could be revised as more information becomes available in the coming quarter.,REAL
A report published by a spokesperson for the White House on the space program's next mission shows a change of 7.4% compared to last year. The data was compiled from 384 separate regional offices and reviewed by independent economists before release. Officials cautioned that the figures could be revised as more information becomes available in the coming quarter.,REAL
SHOCKING new evidence about the presidential election that NO ONE is talking about! A source close to the situation says this is just the tip of the iceberg. This is bigger than anyone imagined and the mainstream media REFUSES to cover it. Wake up and share NOW!,FAKE
A report published by a spokesperson for the White House on the defense budget shows a change of 7.3% compared to last year. The data was compiled from 2 separate regional offices and reviewed by independent economists before release. Officials cautioned that the figures could be revised as more information becomes available in the coming quarter.,REAL
"Officials confirmed on Monday that a new trade agreement will move forward after a review by the Associated Press, according to a statement released this week. The measure passed with a vote of 348 to 85, and is expected to take effect over the next 24 months. Analysts at several independent research firms said the impact would likely be gradual, citing prior similar measures.",REAL
"According to the Bureau of Labor Statistics, the new healthcare bill has been under review since early this year, with a formal decision expected by the end of the 2-month evaluation period. The agency said it would publish its full findings once the review concludes, in line with standard procedure.",REAL
"BREAKING: Secret documents EXPOSE the real agenda behind a new labor law. A whistleblower who wishes to remain anonymous says this changes EVERYTHING. Wake up, people — they have been LYING to us for years and this PROVES it beyond any doubt!",FAKE
"Officials confirmed on Monday that the agriculture subsidy program will move forward after a review by the Bureau of Labor Statistics, according to a statement released this week. The measure passed with a vote of 302 to 103, and is expected to take effect over the next 6 months. Analysts at several independent research firms said the impact would likely be gradual, citing prior similar measures.",REAL
"BREAKING: Secret documents EXPOSE the real agenda behind climate policy. A whistleblower who wishes to remain anonymous says this changes EVERYTHING. Wake up, people — they have been LYING to us for years and this PROVES it beyond any doubt!",FAKE
"Officials confirmed on Thursday that climate policy will move forward after a review by the Congressional Budget Office, according to a statement released this week. The measure passed with a vote of 24 to 34, and is expected to take effect over the next 10 months. Analysts at several independent research firms said the impact would likely be gradual, citing prior similar measures.",REAL
"Lawmakers debated a new trade agreement for several hours on Monday before reaching a preliminary agreement. the Federal Reserve said the next formal vote is scheduled within 17 weeks. Several committee members requested additional data before final approval, and a public comment period will follow.",REAL
SHOCKING new evidence about the upcoming census that NO ONE is talking about! A source close to the situation says this is just the tip of the iceberg. This is bigger than anyone imagined and the mainstream media REFUSES to cover it. Wake up and share NOW!,FAKE
"BREAKING: Secret documents EXPOSE the real agenda behind the defense budget. A whistleblower who wishes to remain anonymous says this changes EVERYTHING. Wake up, people — they have been LYING to us for years and this PROVES it beyond any doubt!",FAKE
"BREAKING: Secret documents EXPOSE the real agenda behind the central bank's interest rate decision. A whistleblower who wishes to remain anonymous says this changes EVERYTHING. Wake up, people — they have been LYING to us for years and this PROVES it beyond any doubt!",FAKE
"Lawmakers debated the agriculture subsidy program for several hours on Tuesday before reaching a preliminary agreement. a court filing said the next formal vote is scheduled within 24 weeks. Several committee members requested additional data before final approval, and a public comment period will follow.",REAL
"According to the National Weather Service, the national vaccine rollout has been under review since early this year, with a formal decision expected by the end of the 12-month evaluation period. The agency said it would publish its full findings once the review concludes, in line with standard procedure.",REAL
"Officials confirmed on Thursday that a public transportation overhaul will move forward after a review by a court filing, according to a statement released this week. The measure passed with a vote of 269 to 162, and is expected to take effect over the next 9 months. Analysts at several independent research firms said the impact would likely be gradual, citing prior similar measures.",REAL
"According to a court filing, the economy has been under review since early this year, with a formal decision expected by the end of the 16-month evaluation period. The agency said it would publish its full findings once the review concludes, in line with standard procedure.",REAL
A report published by the Associated Press on a new labor law shows a change of 6.6% compared to last year. The data was compiled from 318 separate regional offices and reviewed by independent economists before release. Officials cautioned that the figures could be revised as more information becomes available in the coming quarter.,REAL
"Officials confirmed on Tuesday that the national vaccine rollout will move forward after a review by a spokesperson for the White House, according to a statement released this week. The measure passed with a vote of 54 to 49, and is expected to take effect over the next 3 months. Analysts at several independent research firms said the impact would likely be gradual, citing prior similar measures.",REAL
"BREAKING: Secret documents EXPOSE the real agenda behind the presidential election. A whistleblower who wishes to remain anonymous says this changes EVERYTHING. Wake up, people — they have been LYING to us for years and this PROVES it beyond any doubt!",FAKE
"According to a court filing, renewable energy investment has been under review since early this year, with a formal decision expected by the end of the 21-month evaluation period. The agency said it would publish its full findings once the review concludes, in line with standard procedure.",REAL
A report published by the Congressional Budget Office on a major merger between two airlines shows a change of 1.5% compared to last year. The data was compiled from 175 separate regional offices and reviewed by independent economists before release. Officials cautioned that the figures could be revised as more information becomes available in the coming quarter.,REAL
"According to a court filing, the defense budget has been under review since early this year, with a formal decision expected by the end of the 4-month evaluation period. The agency said it would publish its full findings once the review concludes, in line with standard procedure.",REAL
"Officials confirmed on Tuesday that the central bank's interest rate decision will move forward after a review by the Department of Health, according to a statement released this week. The measure passed with a vote of 144 to 80, and is expected to take effect over the next 7 months. Analysts at several independent research firms said the impact would likely be gradual, citing prior similar measures.",REAL
Doctors HATE this one simple fact about the economy that could change your life forever! The government has been covering this up for decades and NOW the truth is finally coming out. Forward this to everyone you know before they take it down!,FAKE
A report published by the National Weather Service on the upcoming census shows a change of 10.8% compared to last year. The data was compiled from 295 separate regional offices and reviewed by independent economists before release. Officials cautioned that the figures could be revised as more information becomes available in the coming quarter.,REAL
YOU WON'T BELIEVE what they don't want you to know about a public transportation overhaul!!! Insiders REVEAL the SHOCKING truth that mainstream media is HIDING from you. Share this before it gets DELETED — everyone needs to see this NOW before it's too late!,FAKE
"BREAKING: Secret documents EXPOSE the real agenda behind a new labor law. A whistleblower who wishes to remain anonymous says this changes EVERYTHING. Wake up, people — they have been LYING to us for years and this PROVES it beyond any doubt!",FAKE
"BREAKING: Secret documents EXPOSE the real agenda behind a major merger between two airlines. A whistleblower who wishes to remain anonymous says this changes EVERYTHING. Wake up, people — they have been LYING to us for years and this PROVES it beyond any doubt!",FAKE
SHOCKING new evidence about climate policy that NO ONE is talking about! A source close to the situation says this is just the tip of the iceberg. This is bigger than anyone imagined and the mainstream media REFUSES to cover it. Wake up and share NOW!,FAKE
A report published by a court filing on the state of the judiciary shows a change of 5.8% compared to last year. The data was compiled from 389 separate regional offices and reviewed by independent economists before release. Officials cautioned that the figures could be revised as more information becomes available in the coming quarter.,REAL
A report published by a Treasury Department spokesperson on the new healthcare bill shows a change of 11.4% compared to last year. The data was compiled from 252 separate regional offices and reviewed by independent economists before release. Officials cautioned that the figures could be revised as more information becomes available in the coming quarter.,REAL
Doctors HATE this one simple fact about a new trade agreement that could change your life forever! The government has been covering this up for decades and NOW the truth is finally coming out. Forward this to everyone you know before they take it down!,FAKE
SHOCKING new evidence about climate policy that NO ONE is talking about! A source close to the situation says this is just the tip of the iceberg. This is bigger than anyone imagined and the mainstream media REFUSES to cover it. Wake up and share NOW!,FAKE
"BREAKING: Secret documents EXPOSE the real agenda behind the education budget. A whistleblower who wishes to remain anonymous says this changes EVERYTHING. Wake up, people — they have been LYING to us for years and this PROVES it beyond any doubt!",FAKE
A report published by the Bureau of Labor Statistics on a public transportation overhaul shows a change of 7.5% compared to last year. The data was compiled from 37 separate regional offices and reviewed by independent economists before release. Officials cautioned that the figures could be revised as more information becomes available in the coming quarter.,REAL
Doctors HATE this one simple fact about a new labor law that could change your life forever! The government has been covering this up for decades and NOW the truth is finally coming out. Forward this to everyone you know before they take it down!,FAKE
"According to a court filing, climate policy has been under review since early this year, with a formal decision expected by the end of the 22-month evaluation period. The agency said it would publish its full findings once the review concludes, in line with standard procedure.",REAL
A report published by a Treasury Department spokesperson on a public transportation overhaul shows a change of 9.7% compared to last year. The data was compiled from 85 separate regional offices and reviewed by independent economists before release. Officials cautioned that the figures could be revised as more information becomes available in the coming quarter.,REAL
YOU WON'T BELIEVE what they don't want you to know about renewable energy investment!!! Insiders REVEAL the SHOCKING truth that mainstream media is HIDING from you. Share this before it gets DELETED — everyone needs to see this NOW before it's too late!,FAKE
A report published by the Associated Press on renewable energy investment shows a change of 6.9% compared to last year. The data was compiled from 278 separate regional offices and reviewed by independent economists before release. Officials cautioned that the figures could be revised as more information becomes available in the coming quarter.,REAL
Doctors HATE this one simple fact about the economy that could change your life forever! The government has been covering this up for decades and NOW the truth is finally coming out. Forward this to everyone you know before they take it down!,FAKE
YOU WON'T BELIEVE what they don't want you to know about a new trade agreement!!! Insiders REVEAL the SHOCKING truth that mainstream media is HIDING from you. Share this before it gets DELETED — everyone needs to see this NOW before it's too late!,FAKE
"According to a spokesperson for the White House, the defense budget has been under review since early this year, with a formal decision expected by the end of the 16-month evaluation period. The agency said it would publish its full findings once the review concludes, in line with standard procedure.",REAL
"Officials confirmed on Monday that the state of the judiciary will move forward after a review by a Treasury Department spokesperson, according to a statement released this week. The measure passed with a vote of 361 to 275, and is expected to take effect over the next 4 months. Analysts at several independent research firms said the impact would likely be gradual, citing prior similar measures.",REAL
YOU WON'T BELIEVE what they don't want you to know about the defense budget!!! Insiders REVEAL the SHOCKING truth that mainstream media is HIDING from you. Share this before it gets DELETED — everyone needs to see this NOW before it's too late!,FAKE
"According to the Associated Press, the central bank's interest rate decision has been under review since early this year, with a formal decision expected by the end of the 2-month evaluation period. The agency said it would publish its full findings once the review concludes, in line with standard procedure.",REAL
A report published by the Department of Health on a new trade agreement shows a change of 2.7% compared to last year. The data was compiled from 113 separate regional offices and reviewed by independent economists before release. Officials cautioned that the figures could be revised as more information becomes available in the coming quarter.,REAL
"BREAKING: Secret documents EXPOSE the real agenda behind climate policy. A whistleblower who wishes to remain anonymous says this changes EVERYTHING. Wake up, people — they have been LYING to us for years and this PROVES it beyond any doubt!",FAKE
YOU WON'T BELIEVE what they don't want you to know about a public transportation overhaul!!! Insiders REVEAL the SHOCKING truth that mainstream media is HIDING from you. Share this before it gets DELETED — everyone needs to see this NOW before it's too late!,FAKE
YOU WON'T BELIEVE what they don't want you to know about a new labor law!!! Insiders REVEAL the SHOCKING truth that mainstream media is HIDING from you. Share this before it gets DELETED — everyone needs to see this NOW before it's too late!,FAKE
"Lawmakers debated the presidential election for several hours on Tuesday before reaching a preliminary agreement. Reuters said the next formal vote is scheduled within 8 weeks. Several committee members requested additional data before final approval, and a public comment period will follow.",REAL
A report published by the Bureau of Labor Statistics on a new trade agreement shows a change of 6.2% compared to last year. The data was compiled from 278 separate regional offices and reviewed by independent economists before release. Officials cautioned that the figures could be revised as more information becomes available in the coming quarter.,REAL
Doctors HATE this one simple fact about the tech industry that could change your life forever! The government has been covering this up for decades and NOW the truth is finally coming out. Forward this to everyone you know before they take it down!,FAKE
"According to a court filing, the presidential election has been under review since early this year, with a formal decision expected by the end of the 13-month evaluation period. The agency said it would publish its full findings once the review concludes, in line with standard procedure.",REAL
YOU WON'T BELIEVE what they don't want you to know about the economy!!! Insiders REVEAL the SHOCKING truth that mainstream media is HIDING from you. Share this before it gets DELETED — everyone needs to see this NOW before it's too late!,FAKE
Doctors HATE this one simple fact about the central bank's interest rate decision that could change your life forever! The government has been covering this up for decades and NOW the truth is finally coming out. Forward this to everyone you know before they take it down!,FAKE
Doctors HATE this one simple fact about a new trade agreement that could change your life forever! The government has been covering this up for decades and NOW the truth is finally coming out. Forward this to everyone you know before they take it down!,FAKE
Doctors HATE this one simple fact about the central bank's interest rate decision that could change your life forever! The government has been covering this up for decades and NOW the truth is finally coming out. Forward this to everyone you know before they take it down!,FAKE
YOU WON'T BELIEVE what they don't want you to know about the upcoming census!!! Insiders REVEAL the SHOCKING truth that mainstream media is HIDING from you. Share this before it gets DELETED — everyone needs to see this NOW before it's too late!,FAKE
"Lawmakers debated immigration reform for several hours on Friday before reaching a preliminary agreement. a Treasury Department spokesperson said the next formal vote is scheduled within 15 weeks. Several committee members requested additional data before final approval, and a public comment period will follow.",REAL
Doctors HATE this one simple fact about a major merger between two airlines that could change your life forever! The government has been covering this up for decades and NOW the truth is finally coming out. Forward this to everyone you know before they take it down!,FAKE
"According to a Treasury Department spokesperson, a new trade agreement has been under review since early this year, with a formal decision expected by the end of the 23-month evaluation period. The agency said it would publish its full findings once the review concludes, in line with standard procedure.",REAL
YOU WON'T BELIEVE what they don't want you to know about the economy!!! Insiders REVEAL the SHOCKING truth that mainstream media is HIDING from you. Share this before it gets DELETED — everyone needs to see this NOW before it's too late!,FAKE
"According to the Associated Press, the central bank's interest rate decision has been under review since early this year, with a formal decision expected by the end of the 11-month evaluation period. The agency said it would publish its full findings once the review concludes, in line with standard procedure.",REAL
"Lawmakers debated the state of the judiciary for several hours on Monday before reaching a preliminary agreement. the Federal Reserve said the next formal vote is scheduled within 23 weeks. Several committee members requested additional data before final approval, and a public comment period will follow.",REAL
"Lawmakers debated the national vaccine rollout for several hours on Thursday before reaching a preliminary agreement. the National Weather Service said the next formal vote is scheduled within 4 weeks. Several committee members requested additional data before final approval, and a public comment period will follow.",REAL
Doctors HATE this one simple fact about the central bank's interest rate decision that could change your life forever! The government has been covering this up for decades and NOW the truth is finally coming out. Forward this to everyone you know before they take it down!,FAKE
A report published by the Bureau of Labor Statistics on immigration reform shows a change of 0.7% compared to last year. The data was compiled from 139 separate regional offices and reviewed by independent economists before release. Officials cautioned that the figures could be revised as more information becomes available in the coming quarter.,REAL
"According to Reuters, the education budget has been under review since early this year, with a formal decision expected by the end of the 10-month evaluation period. The agency said it would publish its full findings once the review concludes, in line with standard procedure.",REAL
"Officials confirmed on Wednesday that the state of the judiciary will move forward after a review by a Treasury Department spokesperson, according to a statement released this week. The measure passed with a vote of 192 to 230, and is expected to take effect over the next 18 months. Analysts at several independent research firms said the impact would likely be gradual, citing prior similar measures.",REAL
"Officials confirmed on Wednesday that the agriculture subsidy program will move forward after a review by the Congressional Budget Office, according to a statement released this week. The measure passed with a vote of 34 to 209, and is expected to take effect over the next 12 months. Analysts at several independent research firms said the impact would likely be gradual, citing prior similar measures.",REAL
"According to the Bureau of Labor Statistics, the space program's next mission has been under review since early this year, with a formal decision expected by the end of the 7-month evaluation period. The agency said it would publish its full findings once the review concludes, in line with standard procedure.",REAL
"Lawmakers debated a public transportation overhaul for several hours on Monday before reaching a preliminary agreement. the Federal Reserve said the next formal vote is scheduled within 22 weeks. Several committee members requested additional data before final approval, and a public comment period will follow.",REAL
"BREAKING: Secret documents EXPOSE the real agenda behind a public transportation overhaul. A whistleblower who wishes to remain anonymous says this changes EVERYTHING. Wake up, people — they have been LYING to us for years and this PROVES it beyond any doubt!",FAKE
"Lawmakers debated the space program's next mission for several hours on Friday before reaching a preliminary agreement. Reuters said the next formal vote is scheduled within 22 weeks. Several committee members requested additional data before final approval, and a public comment period will follow.",REAL
A report published by a Treasury Department spokesperson on the defense budget shows a change of 4.2% compared to last year. The data was compiled from 253 separate regional offices and reviewed by independent economists before release. Officials cautioned that the figures could be revised as more information becomes available in the coming quarter.,REAL
"According to a court filing, the state of the judiciary has been under review since early this year, with a formal decision expected by the end of the 4-month evaluation period. The agency said it would publish its full findings once the review concludes, in line with standard procedure.",REAL
"Lawmakers debated the upcoming census for several hours on Wednesday before reaching a preliminary agreement. the Congressional Budget Office said the next formal vote is scheduled within 8 weeks. Several committee members requested additional data before final approval, and a public comment period will follow.",REAL
A report published by a Treasury Department spokesperson on the agriculture subsidy program shows a change of 10.4% compared to last year. The data was compiled from 280 separate regional offices and reviewed by independent economists before release. Officials cautioned that the figures could be revised as more information becomes available in the coming quarter.,REAL
YOU WON'T BELIEVE what they don't want you to know about a new trade agreement!!! Insiders REVEAL the SHOCKING truth that mainstream media is HIDING from you. Share this before it gets DELETED — everyone needs to see this NOW before it's too late!,FAKE
"BREAKING: Secret documents EXPOSE the real agenda behind a new labor law. A whistleblower who wishes to remain anonymous says this changes EVERYTHING. Wake up, people — they have been LYING to us for years and this PROVES it beyond any doubt!",FAKE
Doctors HATE this one simple fact about the state of the judiciary that could change your life forever! The government has been covering this up for decades and NOW the truth is finally coming out. Forward this to everyone you know before they take it down!,FAKE
Doctors HATE this one simple fact about the new healthcare bill that could change your life forever! The government has been covering this up for decades and NOW the truth is finally coming out. Forward this to everyone you know before they take it down!,FAKE
SHOCKING new evidence about immigration reform that NO ONE is talking about! A source close to the situation says this is just the tip of the iceberg. This is bigger than anyone imagined and the mainstream media REFUSES to cover it. Wake up and share NOW!,FAKE
"According to the Associated Press, the upcoming census has been under review since early this year, with a formal decision expected by the end of the 1-month evaluation period. The agency said it would publish its full findings once the review concludes, in line with standard procedure.",REAL
"According to a court filing, the presidential election has been under review since early this year, with a formal decision expected by the end of the 3-month evaluation period. The agency said it would publish its full findings once the review concludes, in line with standard procedure.",REAL
"Lawmakers debated a public transportation overhaul for several hours on Thursday before reaching a preliminary agreement. the Federal Reserve said the next formal vote is scheduled within 15 weeks. Several committee members requested additional data before final approval, and a public comment period will follow.",REAL
Doctors HATE this one simple fact about the presidential election that could change your life forever! The government has been covering this up for decades and NOW the truth is finally coming out. Forward this to everyone you know before they take it down!,FAKE
"According to a spokesperson for the White House, the presidential election has been under review since early this year, with a formal decision expected by the end of the 14-month evaluation period. The agency said it would publish its full findings once the review concludes, in line with standard procedure.",REAL
"Officials confirmed on Tuesday that the state of the judiciary will move forward after a review by the Congressional Budget Office, according to a statement released this week. The measure passed with a vote of 235 to 86, and is expected to take effect over the next 20 months. Analysts at several independent research firms said the impact would likely be gradual, citing prior similar measures.",REAL
"According to the Congressional Budget Office, immigration reform has been under review since early this year, with a formal decision expected by the end of the 15-month evaluation period. The agency said it would publish its full findings once the review concludes, in line with standard procedure.",REAL
YOU WON'T BELIEVE what they don't want you to know about renewable energy investment!!! Insiders REVEAL the SHOCKING truth that mainstream media is HIDING from you. Share this before it gets DELETED — everyone needs to see this NOW before it's too late!,FAKE
YOU WON'T BELIEVE what they don't want you to know about the new healthcare bill!!! Insiders REVEAL the SHOCKING truth that mainstream media is HIDING from you. Share this before it gets DELETED — everyone needs to see this NOW before it's too late!,FAKE
"According to Reuters, the national vaccine rollout has been under review since early this year, with a formal decision expected by the end of the 10-month evaluation period. The agency said it would publish its full findings once the review concludes, in line with standard procedure.",REAL
"Lawmakers debated the presidential election for several hours on Friday before reaching a preliminary agreement. a Treasury Department spokesperson said the next formal vote is scheduled within 13 weeks. Several committee members requested additional data before final approval, and a public comment period will follow.",REAL
"BREAKING: Secret documents EXPOSE the real agenda behind a public transportation overhaul. A whistleblower who wishes to remain anonymous says this changes EVERYTHING. Wake up, people — they have been LYING to us for years and this PROVES it beyond any doubt!",FAKE
YOU WON'T BELIEVE what they don't want you to know about a public transportation overhaul!!! Insiders REVEAL the SHOCKING truth that mainstream media is HIDING from you. Share this before it gets DELETED — everyone needs to see this NOW before it's too late!,FAKE
"Lawmakers debated renewable energy investment for several hours on Monday before reaching a preliminary agreement. Reuters said the next formal vote is scheduled within 15 weeks. Several committee members requested additional data before final approval, and a public comment period will follow.",REAL
A report published by a court filing on the central bank's interest rate decision shows a change of 1.4% compared to last year. The data was compiled from 294 separate regional offices and reviewed by independent economists before release. Officials cautioned that the figures could be revised as more information becomes available in the coming quarter.,REAL
SHOCKING new evidence about the presidential election that NO ONE is talking about! A source close to the situation says this is just the tip of the iceberg. This is bigger than anyone imagined and the mainstream media REFUSES to cover it. Wake up and share NOW!,FAKE
"Lawmakers debated the defense budget for several hours on Wednesday before reaching a preliminary agreement. Reuters said the next formal vote is scheduled within 21 weeks. Several committee members requested additional data before final approval, and a public comment period will follow.",REAL
YOU WON'T BELIEVE what they don't want you to know about the economy!!! Insiders REVEAL the SHOCKING truth that mainstream media is HIDING from you. Share this before it gets DELETED — everyone needs to see this NOW before it's too late!,FAKE
Doctors HATE this one simple fact about the agriculture subsidy program that could change your life forever! The government has been covering this up for decades and NOW the truth is finally coming out. Forward this to everyone you know before they take it down!,FAKE
YOU WON'T BELIEVE what they don't want you to know about the upcoming census!!! Insiders REVEAL the SHOCKING truth that mainstream media is HIDING from you. Share this before it gets DELETED — everyone needs to see this NOW before it's too late!,FAKE
A report published by Reuters on a new trade agreement shows a change of 7.6% compared to last year. The data was compiled from 303 separate regional offices and reviewed by independent economists before release. Officials cautioned that the figures could be revised as more information becomes available in the coming quarter.,REAL
"BREAKING: Secret documents EXPOSE the real agenda behind renewable energy investment. A whistleblower who wishes to remain anonymous says this changes EVERYTHING. Wake up, people — they have been LYING to us for years and this PROVES it beyond any doubt!",FAKE
"Officials confirmed on Thursday that a major merger between two airlines will move forward after a review by Reuters, according to a statement released this week. The measure passed with a vote of 327 to 199, and is expected to take effect over the next 12 months. Analysts at several independent research firms said the impact would likely be gradual, citing prior similar measures.",REAL
A report published by a spokesperson for the White House on the new healthcare bill shows a change of 8.7% compared to last year. The data was compiled from 2 separate regional offices and reviewed by independent economists before release. Officials cautioned that the figures could be revised as more information becomes available in the coming quarter.,REAL
"According to a Treasury Department spokesperson, a public transportation overhaul has been under review since early this year, with a formal decision expected by the end of the 6-month evaluation period. The agency said it would publish its full findings once the review concludes, in line with standard procedure.",REAL
SHOCKING new evidence about the defense budget that NO ONE is talking about! A source close to the situation says this is just the tip of the iceberg. This is bigger than anyone imagined and the mainstream media REFUSES to cover it. Wake up and share NOW!,FAKE
"According to a Treasury Department spokesperson, the national vaccine rollout has been under review since early this year, with a formal decision expected by the end of the 24-month evaluation period. The agency said it would publish its full findings once the review concludes, in line with standard procedure.",REAL
"BREAKING: Secret documents EXPOSE the real agenda behind the tech industry. A whistleblower who wishes to remain anonymous says this changes EVERYTHING. Wake up, people — they have been LYING to us for years and this PROVES it beyond any doubt!",FAKE
Doctors HATE this one simple fact about the housing market that could change your life forever! The government has been covering this up for decades and NOW the truth is finally coming out. Forward this to everyone you know before they take it down!,FAKE
"Officials confirmed on Wednesday that a public transportation overhaul will move forward after a review by a spokesperson for the White House, according to a statement released this week. The measure passed with a vote of 238 to 124, and is expected to take effect over the next 24 months. Analysts at several independent research firms said the impact would likely be gradual, citing prior similar measures.",REAL
A report published by the Associated Press on the agriculture subsidy program shows a change of 7.4% compared to last year. The data was compiled from 235 separate regional offices and reviewed by independent economists before release. Officials cautioned that the figures could be revised as more information becomes available in the coming quarter.,REAL
SHOCKING new evidence about the state of the judiciary that NO ONE is talking about! A source close to the situation says this is just the tip of the iceberg. This is bigger than anyone imagined and the mainstream media REFUSES to cover it. Wake up and share NOW!,FAKE
"Officials confirmed on Thursday that climate policy will move forward after a review by the Department of Health, according to a statement released this week. The measure passed with a vote of 286 to 37, and is expected to take effect over the next 10 months. Analysts at several independent research firms said the impact would likely be gradual, citing prior similar measures.",REAL
"Officials confirmed on Tuesday that the upcoming census will move forward after a review by a Treasury Department spokesperson, according to a statement released this week. The measure passed with a vote of 53 to 110, and is expected to take effect over the next 17 months. Analysts at several independent research firms said the impact would likely be gradual, citing prior similar measures.",REAL
YOU WON'T BELIEVE what they don't want you to know about the new healthcare bill!!! Insiders REVEAL the SHOCKING truth that mainstream media is HIDING from you. Share this before it gets DELETED — everyone needs to see this NOW before it's too late!,FAKE
"Lawmakers debated the national vaccine rollout for several hours on Thursday before reaching a preliminary agreement. Reuters said the next formal vote is scheduled within 8 weeks. Several committee members requested additional data before final approval, and a public comment period will follow.",REAL
YOU WON'T BELIEVE what they don't want you to know about the tech industry!!! Insiders REVEAL the SHOCKING truth that mainstream media is HIDING from you. Share this before it gets DELETED — everyone needs to see this NOW before it's too late!,FAKE
"BREAKING: Secret documents EXPOSE the real agenda behind a major merger between two airlines. A whistleblower who wishes to remain anonymous says this changes EVERYTHING. Wake up, people — they have been LYING to us for years and this PROVES it beyond any doubt!",FAKE
Doctors HATE this one simple fact about a major merger between two airlines that could change your life forever! The government has been covering this up for decades and NOW the truth is finally coming out. Forward this to everyone you know before they take it down!,FAKE
"According to the Bureau of Labor Statistics, climate policy has been under review since early this year, with a formal decision expected by the end of the 13-month evaluation period. The agency said it would publish its full findings once the review concludes, in line with standard procedure.",REAL
Doctors HATE this one simple fact about a new trade agreement that could change your life forever! The government has been covering this up for decades and NOW the truth is finally coming out. Forward this to everyone you know before they take it down!,FAKE
"BREAKING: Secret documents EXPOSE the real agenda behind the tech industry. A whistleblower who wishes to remain anonymous says this changes EVERYTHING. Wake up, people — they have been LYING to us for years and this PROVES it beyond any doubt!",FAKE
"Lawmakers debated the new healthcare bill for several hours on Friday before reaching a preliminary agreement. a court filing said the next formal vote is scheduled within 16 weeks. Several committee members requested additional data before final approval, and a public comment period will follow.",REAL
"Officials confirmed on Monday that the upcoming census will move forward after a review by a court filing, according to a statement released this week. The measure passed with a vote of 290 to 52, and is expected to take effect over the next 3 months. Analysts at several independent research firms said the impact would likely be gradual, citing prior similar measures.",REAL
Doctors HATE this one simple fact about renewable energy investment that could change your life forever! The government has been covering this up for decades and NOW the truth is finally coming out. Forward this to everyone you know before they take it down!,FAKE
Doctors HATE this one simple fact about a new trade agreement that could change your life forever! The government has been covering this up for decades and NOW the truth is finally coming out. Forward this to everyone you know before they take it down!,FAKE
SHOCKING new evidence about renewable energy investment that NO ONE is talking about! A source close to the situation says this is just the tip of the iceberg. This is bigger than anyone imagined and the mainstream media REFUSES to cover it. Wake up and share NOW!,FAKE
"BREAKING: Secret documents EXPOSE the real agenda behind the tech industry. A whistleblower who wishes to remain anonymous says this changes EVERYTHING. Wake up, people — they have been LYING to us for years and this PROVES it beyond any doubt!",FAKE
"According to the Federal Reserve, the central bank's interest rate decision has been under review since early this year, with a formal decision expected by the end of the 16-month evaluation period. The agency said it would publish its full findings once the review concludes, in line with standard procedure.",REAL
"Lawmakers debated a major merger between two airlines for several hours on Thursday before reaching a preliminary agreement. Reuters said the next formal vote is scheduled within 24 weeks. Several committee members requested additional data before final approval, and a public comment period will follow.",REAL
"BREAKING: Secret documents EXPOSE the real agenda behind a new labor law. A whistleblower who wishes to remain anonymous says this changes EVERYTHING. Wake up, people — they have been LYING to us for years and this PROVES it beyond any doubt!",FAKE
A report published by the Bureau of Labor Statistics on the presidential election shows a change of 11.0% compared to last year. The data was compiled from 183 separate regional offices and reviewed by independent economists before release. Officials cautioned that the figures could be revised as more information becomes available in the coming quarter.,REAL
"Lawmakers debated the agriculture subsidy program for several hours on Monday before reaching a preliminary agreement. Reuters said the next formal vote is scheduled within 13 weeks. Several committee members requested additional data before final approval, and a public comment period will follow.",REAL
Doctors HATE this one simple fact about a public transportation overhaul that could change your life forever! The government has been covering this up for decades and NOW the truth is finally coming out. Forward this to everyone you know before they take it down!,FAKE
"Officials confirmed on Monday that the presidential election will move forward after a review by a spokesperson for the White House, according to a statement released this week. The measure passed with a vote of 196 to 194, and is expected to take effect over the next 18 months. Analysts at several independent research firms said the impact would likely be gradual, citing prior similar measures.",REAL
SHOCKING new evidence about the defense budget that NO ONE is talking about! A source close to the situation says this is just the tip of the iceberg. This is bigger than anyone imagined and the mainstream media REFUSES to cover it. Wake up and share NOW!,FAKE
"According to the Federal Reserve, the space program's next mission has been under review since early this year, with a formal decision expected by the end of the 1-month evaluation period. The agency said it would publish its full findings once the review concludes, in line with standard procedure.",REAL
"According to the Bureau of Labor Statistics, a new trade agreement has been under review since early this year, with a formal decision expected by the end of the 9-month evaluation period. The agency said it would publish its full findings once the review concludes, in line with standard procedure.",REAL
SHOCKING new evidence about the space program's next mission that NO ONE is talking about! A source close to the situation says this is just the tip of the iceberg. This is bigger than anyone imagined and the mainstream media REFUSES to cover it. Wake up and share NOW!,FAKE
A report published by the National Weather Service on a new labor law shows a change of 2.9% compared to last year. The data was compiled from 2 separate regional offices and reviewed by independent economists before release. Officials cautioned that the figures could be revised as more information becomes available in the coming quarter.,REAL
SHOCKING new evidence about the economy that NO ONE is talking about! A source close to the situation says this is just the tip of the iceberg. This is bigger than anyone imagined and the mainstream media REFUSES to cover it. Wake up and share NOW!,FAKE
YOU WON'T BELIEVE what they don't want you to know about a new labor law!!! Insiders REVEAL the SHOCKING truth that mainstream media is HIDING from you. Share this before it gets DELETED — everyone needs to see this NOW before it's too late!,FAKE
A report published by Reuters on climate policy shows a change of 0.8% compared to last year. The data was compiled from 36 separate regional offices and reviewed by independent economists before release. Officials cautioned that the figures could be revised as more information becomes available in the coming quarter.,REAL
Doctors HATE this one simple fact about the education budget that could change your life forever! The government has been covering this up for decades and NOW the truth is finally coming out. Forward this to everyone you know before they take it down!,FAKE
"BREAKING: Secret documents EXPOSE the real agenda behind the education budget. A whistleblower who wishes to remain anonymous says this changes EVERYTHING. Wake up, people — they have been LYING to us for years and this PROVES it beyond any doubt!",FAKE
SHOCKING new evidence about the tech industry that NO ONE is talking about! A source close to the situation says this is just the tip of the iceberg. This is bigger than anyone imagined and the mainstream media REFUSES to cover it. Wake up and share NOW!,FAKE
Doctors HATE this one simple fact about the defense budget that could change your life forever! The government has been covering this up for decades and NOW the truth is finally coming out. Forward this to everyone you know before they take it down!,FAKE
"According to a court filing, the central bank's interest rate decision has been under review since early this year, with a formal decision expected by the end of the 8-month evaluation period. The agency said it would publish its full findings once the review concludes, in line with standard procedure.",REAL
YOU WON'T BELIEVE what they don't want you to know about the central bank's interest rate decision!!! Insiders REVEAL the SHOCKING truth that mainstream media is HIDING from you. Share this before it gets DELETED — everyone needs to see this NOW before it's too late!,FAKE
"According to the Department of Health, renewable energy investment has been under review since early this year, with a formal decision expected by the end of the 2-month evaluation period. The agency said it would publish its full findings once the review concludes, in line with standard procedure.",REAL
"Officials confirmed on Monday that the presidential election will move forward after a review by the Associated Press, according to a statement released this week. The measure passed with a vote of 294 to 129, and is expected to take effect over the next 15 months. Analysts at several independent research firms said the impact would likely be gradual, citing prior similar measures.",REAL
"Officials confirmed on Tuesday that a new labor law will move forward after a review by the Congressional Budget Office, according to a statement released this week. The measure passed with a vote of 192 to 249, and is expected to take effect over the next 14 months. Analysts at several independent research firms said the impact would likely be gradual, citing prior similar measures.",REAL
SHOCKING new evidence about the economy that NO ONE is talking about! A source close to the situation says this is just the tip of the iceberg. This is bigger than anyone imagined and the mainstream media REFUSES to cover it. Wake up and share NOW!,FAKE
"According to the Bureau of Labor Statistics, immigration reform has been under review since early this year, with a formal decision expected by the end of the 15-month evaluation period. The agency said it would publish its full findings once the review concludes, in line with standard procedure.",REAL
"According to the Bureau of Labor Statistics, the presidential election has been under review since early this year, with a formal decision expected by the end of the 14-month evaluation period. The agency said it would publish its full findings once the review concludes, in line with standard procedure.",REAL
"Lawmakers debated the economy for several hours on Wednesday before reaching a preliminary agreement. the Department of Health said the next formal vote is scheduled within 9 weeks. Several committee members requested additional data before final approval, and a public comment period will follow.",REAL
A report published by the Department of Health on the national vaccine rollout shows a change of 3.3% compared to last year. The data was compiled from 288 separate regional offices and reviewed by independent economists before release. Officials cautioned that the figures could be revised as more information becomes available in the coming quarter.,REAL
A report published by the Federal Reserve on climate policy shows a change of 3.1% compared to last year. The data was compiled from 392 separate regional offices and reviewed by independent economists before release. Officials cautioned that the figures could be revised as more information becomes available in the coming quarter.,REAL
YOU WON'T BELIEVE what they don't want you to know about renewable energy investment!!! Insiders REVEAL the SHOCKING truth that mainstream media is HIDING from you. Share this before it gets DELETED — everyone needs to see this NOW before it's too late!,FAKE
SHOCKING new evidence about the national vaccine rollout that NO ONE is talking about! A source close to the situation says this is just the tip of the iceberg. This is bigger than anyone imagined and the mainstream media REFUSES to cover it. Wake up and share NOW!,FAKE
"Lawmakers debated the national vaccine rollout for several hours on Tuesday before reaching a preliminary agreement. a Treasury Department spokesperson said the next formal vote is scheduled within 4 weeks. Several committee members requested additional data before final approval, and a public comment period will follow.",REAL
"Officials confirmed on Friday that the economy will move forward after a review by the Department of Health, according to a statement released this week. The measure passed with a vote of 164 to 68, and is expected to take effect over the next 13 months. Analysts at several independent research firms said the impact would likely be gradual, citing prior similar measures.",REAL
SHOCKING new evidence about the tech industry that NO ONE is talking about! A source close to the situation says this is just the tip of the iceberg. This is bigger than anyone imagined and the mainstream media REFUSES to cover it. Wake up and share NOW!,FAKE
A report published by the Congressional Budget Office on immigration reform shows a change of 5.2% compared to last year. The data was compiled from 225 separate regional offices and reviewed by independent economists before release. Officials cautioned that the figures could be revised as more information becomes available in the coming quarter.,REAL
"BREAKING: Secret documents EXPOSE the real agenda behind the new healthcare bill. A whistleblower who wishes to remain anonymous says this changes EVERYTHING. Wake up, people — they have been LYING to us for years and this PROVES it beyond any doubt!",FAKE
Doctors HATE this one simple fact about the central bank's interest rate decision that could change your life forever! The government has been covering this up for decades and NOW the truth is finally coming out. Forward this to everyone you know before they take it down!,FAKE
Doctors HATE this one simple fact about a major merger between two airlines that could change your life forever! The government has been covering this up for decades and NOW the truth is finally coming out. Forward this to everyone you know before they take it down!,FAKE
Doctors HATE this one simple fact about renewable energy investment that could change your life forever! The government has been covering this up for decades and NOW the truth is finally coming out. Forward this to everyone you know before they take it down!,FAKE
"BREAKING: Secret documents EXPOSE the real agenda behind the housing market. A whistleblower who wishes to remain anonymous says this changes EVERYTHING. Wake up, people — they have been LYING to us for years and this PROVES it beyond any doubt!",FAKE
A report published by the Department of Health on the upcoming census shows a change of 11.7% compared to last year. The data was compiled from 81 separate regional offices and reviewed by independent economists before release. Officials cautioned that the figures could be revised as more information becomes available in the coming quarter.,REAL
A report published by the Federal Reserve on climate policy shows a change of 10.4% compared to last year. The data was compiled from 117 separate regional offices and reviewed by independent economists before release. Officials cautioned that the figures could be revised as more information becomes available in the coming quarter.,REAL
SHOCKING new evidence about the economy that NO ONE is talking about! A source close to the situation says this is just the tip of the iceberg. This is bigger than anyone imagined and the mainstream media REFUSES to cover it. Wake up and share NOW!,FAKE
YOU WON'T BELIEVE what they don't want you to know about the central bank's interest rate decision!!! Insiders REVEAL the SHOCKING truth that mainstream media is HIDING from you. Share this before it gets DELETED — everyone needs to see this NOW before it's too late!,FAKE
A report published by a court filing on the presidential election shows a change of 9.2% compared to last year. The data was compiled from 327 separate regional offices and reviewed by independent economists before release. Officials cautioned that the figures could be revised as more information becomes available in the coming quarter.,REAL
"BREAKING: Secret documents EXPOSE the real agenda behind the economy. A whistleblower who wishes to remain anonymous says this changes EVERYTHING. Wake up, people — they have been LYING to us for years and this PROVES it beyond any doubt!",FAKE
"Officials confirmed on Friday that immigration reform will move forward after a review by Reuters, according to a statement released this week. The measure passed with a vote of 198 to 247, and is expected to take effect over the next 4 months. Analysts at several independent research firms said the impact would likely be gradual, citing prior similar measures.",REAL
SHOCKING new evidence about a public transportation overhaul that NO ONE is talking about! A source close to the situation says this is just the tip of the iceberg. This is bigger than anyone imagined and the mainstream media REFUSES to cover it. Wake up and share NOW!,FAKE
"Officials confirmed on Wednesday that renewable energy investment will move forward after a review by a court filing, according to a statement released this week. The measure passed with a vote of 216 to 128, and is expected to take effect over the next 6 months. Analysts at several independent research firms said the impact would likely be gradual, citing prior similar measures.",REAL
SHOCKING new evidence about a new trade agreement that NO ONE is talking about! A source close to the situation says this is just the tip of the iceberg. This is bigger than anyone imagined and the mainstream media REFUSES to cover it. Wake up and share NOW!,FAKE
"BREAKING: Secret documents EXPOSE the real agenda behind renewable energy investment. A whistleblower who wishes to remain anonymous says this changes EVERYTHING. Wake up, people — they have been LYING to us for years and this PROVES it beyond any doubt!",FAKE
"Lawmakers debated the education budget for several hours on Friday before reaching a preliminary agreement. the Bureau of Labor Statistics said the next formal vote is scheduled within 22 weeks. Several committee members requested additional data before final approval, and a public comment period will follow.",REAL
"According to the Federal Reserve, the housing market has been under review since early this year, with a formal decision expected by the end of the 23-month evaluation period. The agency said it would publish its full findings once the review concludes, in line with standard procedure.",REAL
YOU WON'T BELIEVE what they don't want you to know about a public transportation overhaul!!! Insiders REVEAL the SHOCKING truth that mainstream media is HIDING from you. Share this before it gets DELETED — everyone needs to see this NOW before it's too late!,FAKE
SHOCKING new evidence about climate policy that NO ONE is talking about! A source close to the situation says this is just the tip of the iceberg. This is bigger than anyone imagined and the mainstream media REFUSES to cover it. Wake up and share NOW!,FAKE
SHOCKING new evidence about the national vaccine rollout that NO ONE is talking about! A source close to the situation says this is just the tip of the iceberg. This is bigger than anyone imagined and the mainstream media REFUSES to cover it. Wake up and share NOW!,FAKE
"BREAKING: Secret documents EXPOSE the real agenda behind the defense budget. A whistleblower who wishes to remain anonymous says this changes EVERYTHING. Wake up, people — they have been LYING to us for years and this PROVES it beyond any doubt!",FAKE
SHOCKING new evidence about the defense budget that NO ONE is talking about! A source close to the situation says this is just the tip of the iceberg. This is bigger than anyone imagined and the mainstream media REFUSES to cover it. Wake up and share NOW!,FAKE
YOU WON'T BELIEVE what they don't want you to know about the agriculture subsidy program!!! Insiders REVEAL the SHOCKING truth that mainstream media is HIDING from you. Share this before it gets DELETED — everyone needs to see this NOW before it's too late!,FAKE
SHOCKING new evidence about immigration reform that NO ONE is talking about! A source close to the situation says this is just the tip of the iceberg. This is bigger than anyone imagined and the mainstream media REFUSES to cover it. Wake up and share NOW!,FAKE
"According to Reuters, immigration reform has been under review since early this year, with a formal decision expected by the end of the 4-month evaluation period. The agency said it would publish its full findings once the review concludes, in line with standard procedure.",REAL
"BREAKING: Secret documents EXPOSE the real agenda behind climate policy. A whistleblower who wishes to remain anonymous says this changes EVERYTHING. Wake up, people — they have been LYING to us for years and this PROVES it beyond any doubt!",FAKE
"Lawmakers debated the central bank's interest rate decision for several hours on Wednesday before reaching a preliminary agreement. a spokesperson for the White House said the next formal vote is scheduled within 20 weeks. Several committee members requested additional data before final approval, and a public comment period will follow.",REAL
"Lawmakers debated the central bank's interest rate decision for several hours on Monday before reaching a preliminary agreement. the National Weather Service said the next formal vote is scheduled within 12 weeks. Several committee members requested additional data before final approval, and a public comment period will follow.",REAL
YOU WON'T BELIEVE what they don't want you to know about a new trade agreement!!! Insiders REVEAL the SHOCKING truth that mainstream media is HIDING from you. Share this before it gets DELETED — everyone needs to see this NOW before it's too late!,FAKE
SHOCKING new evidence about the space program's next mission that NO ONE is talking about! A source close to the situation says this is just the tip of the iceberg. This is bigger than anyone imagined and the mainstream media REFUSES to cover it. Wake up and share NOW!,FAKE
"Officials confirmed on Friday that a public transportation overhaul will move forward after a review by the Federal Reserve, according to a statement released this week. The measure passed with a vote of 130 to 255, and is expected to take effect over the next 3 months. Analysts at several independent research firms said the impact would likely be gradual, citing prior similar measures.",REAL
"Lawmakers debated the space program's next mission for several hours on Tuesday before reaching a preliminary agreement. the Congressional Budget Office said the next formal vote is scheduled within 16 weeks. Several committee members requested additional data before final approval, and a public comment period will follow.",REAL
YOU WON'T BELIEVE what they don't want you to know about the agriculture subsidy program!!! Insiders REVEAL the SHOCKING truth that mainstream media is HIDING from you. Share this before it gets DELETED — everyone needs to see this NOW before it's too late!,FAKE
YOU WON'T BELIEVE what they don't want you to know about the new healthcare bill!!! Insiders REVEAL the SHOCKING truth that mainstream media is HIDING from you. Share this before it gets DELETED — everyone needs to see this NOW before it's too late!,FAKE
"According to a Treasury Department spokesperson, the agriculture subsidy program has been under review since early this year, with a formal decision expected by the end of the 2-month evaluation period. The agency said it would publish its full findings once the review concludes, in line with standard procedure.",REAL
"BREAKING: Secret documents EXPOSE the real agenda behind the tech industry. A whistleblower who wishes to remain anonymous says this changes EVERYTHING. Wake up, people — they have been LYING to us for years and this PROVES it beyond any doubt!",FAKE
"Lawmakers debated the state of the judiciary for several hours on Wednesday before reaching a preliminary agreement. a spokesperson for the White House said the next formal vote is scheduled within 17 weeks. Several committee members requested additional data before final approval, and a public comment period will follow.",REAL
"According to a Treasury Department spokesperson, climate policy has been under review since early this year, with a formal decision expected by the end of the 13-month evaluation period. The agency said it would publish its full findings once the review concludes, in line with standard procedure.",REAL
"According to the National Weather Service, renewable energy investment has been under review since early this year, with a formal decision expected by the end of the 4-month evaluation period. The agency said it would publish its full findings once the review concludes, in line with standard procedure.",REAL
"According to the Federal Reserve, the economy has been under review since early this year, with a formal decision expected by the end of the 12-month evaluation period. The agency said it would publish its full findings once the review concludes, in line with standard procedure.",REAL
Doctors HATE this one simple fact about the space program's next mission that could change your life forever! The government has been covering this up for decades and NOW the truth is finally coming out. Forward this to everyone you know before they take it down!,FAKE
A report published by Reuters on a major merger between two airlines shows a change of 1.0% compared to last year. The data was compiled from 74 separate regional offices and reviewed by independent economists before release. Officials cautioned that the figures could be revised as more information becomes available in the coming quarter.,REAL
YOU WON'T BELIEVE what they don't want you to know about the economy!!! Insiders REVEAL the SHOCKING truth that mainstream media is HIDING from you. Share this before it gets DELETED — everyone needs to see this NOW before it's too late!,FAKE
Doctors HATE this one simple fact about the central bank's interest rate decision that could change your life forever! The government has been covering this up for decades and NOW the truth is finally coming out. Forward this to everyone you know before they take it down!,FAKE
YOU WON'T BELIEVE what they don't want you to know about immigration reform!!! Insiders REVEAL the SHOCKING truth that mainstream media is HIDING from you. Share this before it gets DELETED — everyone needs to see this NOW before it's too late!,FAKE
YOU WON'T BELIEVE what they don't want you to know about the tech industry!!! Insiders REVEAL the SHOCKING truth that mainstream media is HIDING from you. Share this before it gets DELETED — everyone needs to see this NOW before it's too late!,FAKE
SHOCKING new evidence about the space program's next mission that NO ONE is talking about! A source close to the situation says this is just the tip of the iceberg. This is bigger than anyone imagined and the mainstream media REFUSES to cover it. Wake up and share NOW!,FAKE
YOU WON'T BELIEVE what they don't want you to know about renewable energy investment!!! Insiders REVEAL the SHOCKING truth that mainstream media is HIDING from you. Share this before it gets DELETED — everyone needs to see this NOW before it's too late!,FAKE
"According to the Bureau of Labor Statistics, the tech industry has been under review since early this year, with a formal decision expected by the end of the 17-month evaluation period. The agency said it would publish its full findings once the review concludes, in line with standard procedure.",REAL
"BREAKING: Secret documents EXPOSE the real agenda behind a new trade agreement. A whistleblower who wishes to remain anonymous says this changes EVERYTHING. Wake up, people — they have been LYING to us for years and this PROVES it beyond any doubt!",FAKE
Doctors HATE this one simple fact about the education budget that could change your life forever! The government has been covering this up for decades and NOW the truth is finally coming out. Forward this to everyone you know before they take it down!,FAKE
A report published by the Bureau of Labor Statistics on the economy shows a change of 7.2% compared to last year. The data was compiled from 160 separate regional offices and reviewed by independent economists before release. Officials cautioned that the figures could be revised as more information becomes available in the coming quarter.,REAL
"BREAKING: Secret documents EXPOSE the real agenda behind the defense budget. A whistleblower who wishes to remain anonymous says this changes EVERYTHING. Wake up, people — they have been LYING to us for years and this PROVES it beyond any doubt!",FAKE
A report published by the Associated Press on climate policy shows a change of 3.3% compared to last year. The data was compiled from 130 separate regional offices and reviewed by independent economists before release. Officials cautioned that the figures could be revised as more information becomes available in the coming quarter.,REAL
A report published by the National Weather Service on the national vaccine rollout shows a change of 4.3% compared to last year. The data was compiled from 149 separate regional offices and reviewed by independent economists before release. Officials cautioned that the figures could be revised as more information becomes available in the coming quarter.,REAL
"According to the Associated Press, the state of the judiciary has been under review since early this year, with a formal decision expected by the end of the 9-month evaluation period. The agency said it would publish its full findings once the review concludes, in line with standard procedure.",REAL
"Officials confirmed on Wednesday that the national vaccine rollout will move forward after a review by a court filing, according to a statement released this week. The measure passed with a vote of 237 to 186, and is expected to take effect over the next 3 months. Analysts at several independent research firms said the impact would likely be gradual, citing prior similar measures.",REAL
"BREAKING: Secret documents EXPOSE the real agenda behind the defense budget. A whistleblower who wishes to remain anonymous says this changes EVERYTHING. Wake up, people — they have been LYING to us for years and this PROVES it beyond any doubt!",FAKE
SHOCKING new evidence about the housing market that NO ONE is talking about! A source close to the situation says this is just the tip of the iceberg. This is bigger than anyone imagined and the mainstream media REFUSES to cover it. Wake up and share NOW!,FAKE
Doctors HATE this one simple fact about the tech industry that could change your life forever! The government has been covering this up for decades and NOW the truth is finally coming out. Forward this to everyone you know before they take it down!,FAKE
"Officials confirmed on Friday that a major merger between two airlines will move forward after a review by the Congressional Budget Office, according to a statement released this week. The measure passed with a vote of 399 to 118, and is expected to take effect over the next 20 months. Analysts at several independent research firms said the impact would likely be gradual, citing prior similar measures.",REAL
YOU WON'T BELIEVE what they don't want you to know about the state of the judiciary!!! Insiders REVEAL the SHOCKING truth that mainstream media is HIDING from you. Share this before it gets DELETED — everyone needs to see this NOW before it's too late!,FAKE
A report published by a Treasury Department spokesperson on climate policy shows a change of 6.5% compared to last year. The data was compiled from 245 separate regional offices and reviewed by independent economists before release. Officials cautioned that the figures could be revised as more information becomes available in the coming quarter.,REAL
YOU WON'T BELIEVE what they don't want you to know about a new trade agreement!!! Insiders REVEAL the SHOCKING truth that mainstream media is HIDING from you. Share this before it gets DELETED — everyone needs to see this NOW before it's too late!,FAKE
A report published by the Bureau of Labor Statistics on the housing market shows a change of 2.9% compared to last year. The data was compiled from 286 separate regional offices and reviewed by independent economists before release. Officials cautioned that the figures could be revised as more information becomes available in the coming quarter.,REAL
YOU WON'T BELIEVE what they don't want you to know about the upcoming census!!! Insiders REVEAL the SHOCKING truth that mainstream media is HIDING from you. Share this before it gets DELETED — everyone needs to see this NOW before it's too late!,FAKE
A report published by the National Weather Service on the agriculture subsidy program shows a change of 5.9% compared to last year. The data was compiled from 258 separate regional offices and reviewed by independent economists before release. Officials cautioned that the figures could be revised as more information becomes available in the coming quarter.,REAL
"BREAKING: Secret documents EXPOSE the real agenda behind the education budget. A whistleblower who wishes to remain anonymous says this changes EVERYTHING. Wake up, people — they have been LYING to us for years and this PROVES it beyond any doubt!",FAKE
"BREAKING: Secret documents EXPOSE the real agenda behind the upcoming census. A whistleblower who wishes to remain anonymous says this changes EVERYTHING. Wake up, people — they have been LYING to us for years and this PROVES it beyond any doubt!",FAKE
"BREAKING: Secret documents EXPOSE the real agenda behind the education budget. A whistleblower who wishes to remain anonymous says this changes EVERYTHING. Wake up, people — they have been LYING to us for years and this PROVES it beyond any doubt!",FAKE
YOU WON'T BELIEVE what they don't want you to know about the education budget!!! Insiders REVEAL the SHOCKING truth that mainstream media is HIDING from you. Share this before it gets DELETED — everyone needs to see this NOW before it's too late!,FAKE
"Officials confirmed on Thursday that the space program's next mission will move forward after a review by the Associated Press, according to a statement released this week. The measure passed with a vote of 27 to 277, and is expected to take effect over the next 1 months. Analysts at several independent research firms said the impact would likely be gradual, citing prior similar measures.",REAL
"BREAKING: Secret documents EXPOSE the real agenda behind the economy. A whistleblower who wishes to remain anonymous says this changes EVERYTHING. Wake up, people — they have been LYING to us for years and this PROVES it beyond any doubt!",FAKE
"BREAKING: Secret documents EXPOSE the real agenda behind the education budget. A whistleblower who wishes to remain anonymous says this changes EVERYTHING. Wake up, people — they have been LYING to us for years and this PROVES it beyond any doubt!",FAKE
"BREAKING: Secret documents EXPOSE the real agenda behind the national vaccine rollout. A whistleblower who wishes to remain anonymous says this changes EVERYTHING. Wake up, people — they have been LYING to us for years and this PROVES it beyond any doubt!",FAKE
Doctors HATE this one simple fact about the state of the judiciary that could change your life forever! The government has been covering this up for decades and NOW the truth is finally coming out. Forward this to everyone you know before they take it down!,FAKE
A report published by the National Weather Service on renewable energy investment shows a change of 1.6% compared to last year. The data was compiled from 286 separate regional offices and reviewed by independent economists before release. Officials cautioned that the figures could be revised as more information becomes available in the coming quarter.,REAL
"Lawmakers debated the agriculture subsidy program for several hours on Friday before reaching a preliminary agreement. a spokesperson for the White House said the next formal vote is scheduled within 1 weeks. Several committee members requested additional data before final approval, and a public comment period will follow.",REAL
"According to the Bureau of Labor Statistics, the central bank's interest rate decision has been under review since early this year, with a formal decision expected by the end of the 18-month evaluation period. The agency said it would publish its full findings once the review concludes, in line with standard procedure.",REAL
A report published by the Department of Health on the housing market shows a change of 12.1% compared to last year. The data was compiled from 87 separate regional offices and reviewed by independent economists before release. Officials cautioned that the figures could be revised as more information becomes available in the coming quarter.,REAL
SHOCKING new evidence about the economy that NO ONE is talking about! A source close to the situation says this is just the tip of the iceberg. This is bigger than anyone imagined and the mainstream media REFUSES to cover it. Wake up and share NOW!,FAKE
"According to a court filing, a new labor law has been under review since early this year, with a formal decision expected by the end of the 6-month evaluation period. The agency said it would publish its full findings once the review concludes, in line with standard procedure.",REAL
"Lawmakers debated a major merger between two airlines for several hours on Thursday before reaching a preliminary agreement. a court filing said the next formal vote is scheduled within 5 weeks. Several committee members requested additional data before final approval, and a public comment period will follow.",REAL
"According to the Federal Reserve, the tech industry has been under review since early this year, with a formal decision expected by the end of the 19-month evaluation period. The agency said it would publish its full findings once the review concludes, in line with standard procedure.",REAL
"Lawmakers debated the agriculture subsidy program for several hours on Wednesday before reaching a preliminary agreement. the National Weather Service said the next formal vote is scheduled within 9 weeks. Several committee members requested additional data before final approval, and a public comment period will follow.",REAL
"Lawmakers debated a public transportation overhaul for several hours on Tuesday before reaching a preliminary agreement. Reuters said the next formal vote is scheduled within 15 weeks. Several committee members requested additional data before final approval, and a public comment period will follow.",REAL
A report published by the Congressional Budget Office on the space program's next mission shows a change of 12.0% compared to last year. The data was compiled from 186 separate regional offices and reviewed by independent economists before release. Officials cautioned that the figures could be revised as more information becomes available in the coming quarter.,REAL
SHOCKING new evidence about the housing market that NO ONE is talking about! A source close to the situation says this is just the tip of the iceberg. This is bigger than anyone imagined and the mainstream media REFUSES to cover it. Wake up and share NOW!,FAKE
SHOCKING new evidence about the national vaccine rollout that NO ONE is talking about! A source close to the situation says this is just the tip of the iceberg. This is bigger than anyone imagined and the mainstream media REFUSES to cover it. Wake up and share NOW!,FAKE
A report published by the Federal Reserve on renewable energy investment shows a change of 2.2% compared to last year. The data was compiled from 171 separate regional offices and reviewed by independent economists before release. Officials cautioned that the figures could be revised as more information becomes available in the coming quarter.,REAL
"Lawmakers debated a public transportation overhaul for several hours on Monday before reaching a preliminary agreement. the Associated Press said the next formal vote is scheduled within 17 weeks. Several committee members requested additional data before final approval, and a public comment period will follow.",REAL
"Officials confirmed on Wednesday that a public transportation overhaul will move forward after a review by a court filing, according to a statement released this week. The measure passed with a vote of 74 to 289, and is expected to take effect over the next 7 months. Analysts at several independent research firms said the impact would likely be gradual, citing prior similar measures.",REAL
YOU WON'T BELIEVE what they don't want you to know about immigration reform!!! Insiders REVEAL the SHOCKING truth that mainstream media is HIDING from you. Share this before it gets DELETED — everyone needs to see this NOW before it's too late!,FAKE
Doctors HATE this one simple fact about the central bank's interest rate decision that could change your life forever! The government has been covering this up for decades and NOW the truth is finally coming out. Forward this to everyone you know before they take it down!,FAKE
"BREAKING: Secret documents EXPOSE the real agenda behind the state of the judiciary. A whistleblower who wishes to remain anonymous says this changes EVERYTHING. Wake up, people — they have been LYING to us for years and this PROVES it beyond any doubt!",FAKE
"BREAKING: Secret documents EXPOSE the real agenda behind the new healthcare bill. A whistleblower who wishes to remain anonymous says this changes EVERYTHING. Wake up, people — they have been LYING to us for years and this PROVES it beyond any doubt!",FAKE
"Officials confirmed on Thursday that immigration reform will move forward after a review by a court filing, according to a statement released this week. The measure passed with a vote of 362 to 105, and is expected to take effect over the next 13 months. Analysts at several independent research firms said the impact would likely be gradual, citing prior similar measures.",REAL
"Officials confirmed on Friday that the state of the judiciary will move forward after a review by Reuters, according to a statement released this week. The measure passed with a vote of 52 to 224, and is expected to take effect over the next 8 months. Analysts at several independent research firms said the impact would likely be gradual, citing prior similar measures.",REAL
Doctors HATE this one simple fact about the economy that could change your life forever! The government has been covering this up for decades and NOW the truth is finally coming out. Forward this to everyone you know before they take it down!,FAKE
"Officials confirmed on Monday that the central bank's interest rate decision will move forward after a review by a Treasury Department spokesperson, according to a statement released this week. The measure passed with a vote of 238 to 94, and is expected to take effect over the next 2 months. Analysts at several independent research firms said the impact would likely be gradual, citing prior similar measures.",REAL
Doctors HATE this one simple fact about a new labor law that could change your life forever! The government has been covering this up for decades and NOW the truth is finally coming out. Forward this to everyone you know before they take it down!,FAKE
Doctors HATE this one simple fact about the new healthcare bill that could change your life forever! The government has been covering this up for decades and NOW the truth is finally coming out. Forward this to everyone you know before they take it down!,FAKE
"Officials confirmed on Wednesday that the space program's next mission will move forward after a review by a spokesperson for the White House, according to a statement released this week. The measure passed with a vote of 319 to 80, and is expected to take effect over the next 8 months. Analysts at several independent research firms said the impact would likely be gradual, citing prior similar measures.",REAL
SHOCKING new evidence about the presidential election that NO ONE is talking about! A source close to the situation says this is just the tip of the iceberg. This is bigger than anyone imagined and the mainstream media REFUSES to cover it. Wake up and share NOW!,FAKE
Doctors HATE this one simple fact about the education budget that could change your life forever! The government has been covering this up for decades and NOW the truth is finally coming out. Forward this to everyone you know before they take it down!,FAKE
"BREAKING: Secret documents EXPOSE the real agenda behind the tech industry. A whistleblower who wishes to remain anonymous says this changes EVERYTHING. Wake up, people — they have been LYING to us for years and this PROVES it beyond any doubt!",FAKE
SHOCKING new evidence about the national vaccine rollout that NO ONE is talking about! A source close to the situation says this is just the tip of the iceberg. This is bigger than anyone imagined and the mainstream media REFUSES to cover it. Wake up and share NOW!,FAKE
"BREAKING: Secret documents EXPOSE the real agenda behind renewable energy investment. A whistleblower who wishes to remain anonymous says this changes EVERYTHING. Wake up, people — they have been LYING to us for years and this PROVES it beyond any doubt!",FAKE
SHOCKING new evidence about renewable energy investment that NO ONE is talking about! A source close to the situation says this is just the tip of the iceberg. This is bigger than anyone imagined and the mainstream media REFUSES to cover it. Wake up and share NOW!,FAKE
"Lawmakers debated the national vaccine rollout for several hours on Wednesday before reaching a preliminary agreement. the Bureau of Labor Statistics said the next formal vote is scheduled within 7 weeks. Several committee members requested additional data before final approval, and a public comment period will follow.",REAL
"Lawmakers debated the education budget for several hours on Thursday before reaching a preliminary agreement. a spokesperson for the White House said the next formal vote is scheduled within 14 weeks. Several committee members requested additional data before final approval, and a public comment period will follow.",REAL
YOU WON'T BELIEVE what they don't want you to know about immigration reform!!! Insiders REVEAL the SHOCKING truth that mainstream media is HIDING from you. Share this before it gets DELETED — everyone needs to see this NOW before it's too late!,FAKE
"According to the Department of Health, the tech industry has been under review since early this year, with a formal decision expected by the end of the 22-month evaluation period. The agency said it would publish its full findings once the review concludes, in line with standard procedure.",REAL
"BREAKING: Secret documents EXPOSE the real agenda behind renewable energy investment. A whistleblower who wishes to remain anonymous says this changes EVERYTHING. Wake up, people — they have been LYING to us for years and this PROVES it beyond any doubt!",FAKE
"Officials confirmed on Monday that the housing market will move forward after a review by the Bureau of Labor Statistics, according to a statement released this week. The measure passed with a vote of 22 to 31, and is expected to take effect over the next 13 months. Analysts at several independent research firms said the impact would likely be gradual, citing prior similar measures.",REAL
Doctors HATE this one simple fact about renewable energy investment that could change your life forever! The government has been covering this up for decades and NOW the truth is finally coming out. Forward this to everyone you know before they take it down!,FAKE
"Lawmakers debated the state of the judiciary for several hours on Thursday before reaching a preliminary agreement. the Congressional Budget Office said the next formal vote is scheduled within 2 weeks. Several committee members requested additional data before final approval, and a public comment period will follow.",REAL
"Officials confirmed on Tuesday that a public transportation overhaul will move forward after a review by the National Weather Service, according to a statement released this week. The measure passed with a vote of 171 to 183, and is expected to take effect over the next 5 months. Analysts at several independent research firms said the impact would likely be gradual, citing prior similar measures.",REAL
A report published by a court filing on the defense budget shows a change of 2.1% compared to last year. The data was compiled from 170 separate regional offices and reviewed by independent economists before release. Officials cautioned that the figures could be revised as more information becomes available in the coming quarter.,REAL
"Lawmakers debated the national vaccine rollout for several hours on Friday before reaching a preliminary agreement. the Federal Reserve said the next formal vote is scheduled within 21 weeks. Several committee members requested additional data before final approval, and a public comment period will follow.",REAL
A report published by the Bureau of Labor Statistics on the tech industry shows a change of 3.0% compared to last year. The data was compiled from 378 separate regional offices and reviewed by independent economists before release. Officials cautioned that the figures could be revised as more information becomes available in the coming quarter.,REAL
"Officials confirmed on Monday that the state of the judiciary will move forward after a review by the Congressional Budget Office, according to a statement released this week. The measure passed with a vote of 41 to 47, and is expected to take effect over the next 20 months. Analysts at several independent research firms said the impact would likely be gradual, citing prior similar measures.",REAL
"Lawmakers debated the defense budget for several hours on Thursday before reaching a preliminary agreement. the Congressional Budget Office said the next formal vote is scheduled within 2 weeks. Several committee members requested additional data before final approval, and a public comment period will follow.",REAL
YOU WON'T BELIEVE what they don't want you to know about the housing market!!! Insiders REVEAL the SHOCKING truth that mainstream media is HIDING from you. Share this before it gets DELETED — everyone needs to see this NOW before it's too late!,FAKE
"BREAKING: Secret documents EXPOSE the real agenda behind a major merger between two airlines. A whistleblower who wishes to remain anonymous says this changes EVERYTHING. Wake up, people — they have been LYING to us for years and this PROVES it beyond any doubt!",FAKE
"According to the Bureau of Labor Statistics, a public transportation overhaul has been under review since early this year, with a formal decision expected by the end of the 18-month evaluation period. The agency said it would publish its full findings once the review concludes, in line with standard procedure.",REAL
SHOCKING new evidence about a major merger between two airlines that NO ONE is talking about! A source close to the situation says this is just the tip of the iceberg. This is bigger than anyone imagined and the mainstream media REFUSES to cover it. Wake up and share NOW!,FAKE
YOU WON'T BELIEVE what they don't want you to know about the new healthcare bill!!! Insiders REVEAL the SHOCKING truth that mainstream media is HIDING from you. Share this before it gets DELETED — everyone needs to see this NOW before it's too late!,FAKE
YOU WON'T BELIEVE what they don't want you to know about renewable energy investment!!! Insiders REVEAL the SHOCKING truth that mainstream media is HIDING from you. Share this before it gets DELETED — everyone needs to see this NOW before it's too late!,FAKE
"Lawmakers debated the education budget for several hours on Tuesday before reaching a preliminary agreement. the Federal Reserve said the next formal vote is scheduled within 2 weeks. Several committee members requested additional data before final approval, and a public comment period will follow.",REAL
"Officials confirmed on Thursday that the education budget will move forward after a review by the National Weather Service, according to a statement released this week. The measure passed with a vote of 343 to 272, and is expected to take effect over the next 18 months. Analysts at several independent research firms said the impact would likely be gradual, citing prior similar measures.",REAL
Doctors HATE this one simple fact about a major merger between two airlines that could change your life forever! The government has been covering this up for decades and NOW the truth is finally coming out. Forward this to everyone you know before they take it down!,FAKE
YOU WON'T BELIEVE what they don't want you to know about renewable energy investment!!! Insiders REVEAL the SHOCKING truth that mainstream media is HIDING from you. Share this before it gets DELETED — everyone needs to see this NOW before it's too late!,FAKE
A report published by the Department of Health on the agriculture subsidy program shows a change of 11.5% compared to last year. The data was compiled from 81 separate regional offices and reviewed by independent economists before release. Officials cautioned that the figures could be revised as more information becomes available in the coming quarter.,REAL
SHOCKING new evidence about the presidential election that NO ONE is talking about! A source close to the situation says this is just the tip of the iceberg. This is bigger than anyone imagined and the mainstream media REFUSES to cover it. Wake up and share NOW!,FAKE
SHOCKING new evidence about the economy that NO ONE is talking about! A source close to the situation says this is just the tip of the iceberg. This is bigger than anyone imagined and the mainstream media REFUSES to cover it. Wake up and share NOW!,FAKE
A report published by the Associated Press on the national vaccine rollout shows a change of 8.7% compared to last year. The data was compiled from 314 separate regional offices and reviewed by independent economists before release. Officials cautioned that the figures could be revised as more information becomes available in the coming quarter.,REAL
"Lawmakers debated the new healthcare bill for several hours on Tuesday before reaching a preliminary agreement. the Department of Health said the next formal vote is scheduled within 21 weeks. Several committee members requested additional data before final approval, and a public comment period will follow.",REAL
SHOCKING new evidence about the upcoming census that NO ONE is talking about! A source close to the situation says this is just the tip of the iceberg. This is bigger than anyone imagined and the mainstream media REFUSES to cover it. Wake up and share NOW!,FAKE
"BREAKING: Secret documents EXPOSE the real agenda behind the economy. A whistleblower who wishes to remain anonymous says this changes EVERYTHING. Wake up, people — they have been LYING to us for years and this PROVES it beyond any doubt!",FAKE
"BREAKING: Secret documents EXPOSE the real agenda behind a public transportation overhaul. A whistleblower who wishes to remain anonymous says this changes EVERYTHING. Wake up, people — they have been LYING to us for years and this PROVES it beyond any doubt!",FAKE
"Lawmakers debated the agriculture subsidy program for several hours on Friday before reaching a preliminary agreement. a court filing said the next formal vote is scheduled within 22 weeks. Several committee members requested additional data before final approval, and a public comment period will follow.",REAL
"Officials confirmed on Wednesday that a new labor law will move forward after a review by the Congressional Budget Office, according to a statement released this week. The measure passed with a vote of 343 to 210, and is expected to take effect over the next 11 months. Analysts at several independent research firms said the impact would likely be gradual, citing prior similar measures.",REAL
"According to the National Weather Service, a new labor law has been under review since early this year, with a formal decision expected by the end of the 5-month evaluation period. The agency said it would publish its full findings once the review concludes, in line with standard procedure.",REAL
"BREAKING: Secret documents EXPOSE the real agenda behind the upcoming census. A whistleblower who wishes to remain anonymous says this changes EVERYTHING. Wake up, people — they have been LYING to us for years and this PROVES it beyond any doubt!",FAKE
"Officials confirmed on Thursday that a new labor law will move forward after a review by the Bureau of Labor Statistics, according to a statement released this week. The measure passed with a vote of 316 to 23, and is expected to take effect over the next 24 months. Analysts at several independent research firms said the impact would likely be gradual, citing prior similar measures.",REAL
"According to the National Weather Service, climate policy has been under review since early this year, with a formal decision expected by the end of the 1-month evaluation period. The agency said it would publish its full findings once the review concludes, in line with standard procedure.",REAL
Doctors HATE this one simple fact about renewable energy investment that could change your life forever! The government has been covering this up for decades and NOW the truth is finally coming out. Forward this to everyone you know before they take it down!,FAKE
A report published by the Bureau of Labor Statistics on renewable energy investment shows a change of 8.5% compared to last year. The data was compiled from 263 separate regional offices and reviewed by independent economists before release. Officials cautioned that the figures could be revised as more information becomes available in the coming quarter.,REAL
"According to a Treasury Department spokesperson, the space program's next mission has been under review since early this year, with a formal decision expected by the end of the 3-month evaluation period. The agency said it would publish its full findings once the review concludes, in line with standard procedure.",REAL
YOU WON'T BELIEVE what they don't want you to know about the upcoming census!!! Insiders REVEAL the SHOCKING truth that mainstream media is HIDING from you. Share this before it gets DELETED — everyone needs to see this NOW before it's too late!,FAKE
"Lawmakers debated a new labor law for several hours on Wednesday before reaching a preliminary agreement. a spokesperson for the White House said the next formal vote is scheduled within 23 weeks. Several committee members requested additional data before final approval, and a public comment period will follow.",REAL
"Officials confirmed on Wednesday that a public transportation overhaul will move forward after a review by Reuters, according to a statement released this week. The measure passed with a vote of 392 to 90, and is expected to take effect over the next 16 months. Analysts at several independent research firms said the impact would likely be gradual, citing prior similar measures.",REAL
"Officials confirmed on Friday that the agriculture subsidy program will move forward after a review by the Department of Health, according to a statement released this week. The measure passed with a vote of 199 to 7, and is expected to take effect over the next 10 months. Analysts at several independent research firms said the impact would likely be gradual, citing prior similar measures.",REAL
"Officials confirmed on Monday that the defense budget will move forward after a review by Reuters, according to a statement released this week. The measure passed with a vote of 353 to 45, and is expected to take effect over the next 11 months. Analysts at several independent research firms said the impact would likely be gradual, citing prior similar measures.",REAL
"Officials confirmed on Monday that the central bank's interest rate decision will move forward after a review by the Associated Press, according to a statement released this week. The measure passed with a vote of 270 to 54, and is expected to take effect over the next 22 months. Analysts at several independent research firms said the impact would likely be gradual, citing prior similar measures.",REAL
"Lawmakers debated renewable energy investment for several hours on Wednesday before reaching a preliminary agreement. the Congressional Budget Office said the next formal vote is scheduled within 19 weeks. Several committee members requested additional data before final approval, and a public comment period will follow.",REAL
"Lawmakers debated the new healthcare bill for several hours on Friday before reaching a preliminary agreement. the National Weather Service said the next formal vote is scheduled within 23 weeks. Several committee members requested additional data before final approval, and a public comment period will follow.",REAL
YOU WON'T BELIEVE what they don't want you to know about climate policy!!! Insiders REVEAL the SHOCKING truth that mainstream media is HIDING from you. Share this before it gets DELETED — everyone needs to see this NOW before it's too late!,FAKE
"According to the Associated Press, climate policy has been under review since early this year, with a formal decision expected by the end of the 12-month evaluation period. The agency said it would publish its full findings once the review concludes, in line with standard procedure.",REAL
"BREAKING: Secret documents EXPOSE the real agenda behind immigration reform. A whistleblower who wishes to remain anonymous says this changes EVERYTHING. Wake up, people — they have been LYING to us for years and this PROVES it beyond any doubt!",FAKE
"Lawmakers debated the defense budget for several hours on Monday before reaching a preliminary agreement. Reuters said the next formal vote is scheduled within 23 weeks. Several committee members requested additional data before final approval, and a public comment period will follow.",REAL
"Lawmakers debated a public transportation overhaul for several hours on Tuesday before reaching a preliminary agreement. a Treasury Department spokesperson said the next formal vote is scheduled within 24 weeks. Several committee members requested additional data before final approval, and a public comment period will follow.",REAL
"BREAKING: Secret documents EXPOSE the real agenda behind the housing market. A whistleblower who wishes to remain anonymous says this changes EVERYTHING. Wake up, people — they have been LYING to us for years and this PROVES it beyond any doubt!",FAKE
SHOCKING new evidence about a new trade agreement that NO ONE is talking about! A source close to the situation says this is just the tip of the iceberg. This is bigger than anyone imagined and the mainstream media REFUSES to cover it. Wake up and share NOW!,FAKE
A report published by a court filing on the agriculture subsidy program shows a change of 4.0% compared to last year. The data was compiled from 317 separate regional offices and reviewed by independent economists before release. Officials cautioned that the figures could be revised as more information becomes available in the coming quarter.,REAL
"According to the Federal Reserve, the upcoming census has been under review since early this year, with a formal decision expected by the end of the 5-month evaluation period. The agency said it would publish its full findings once the review concludes, in line with standard procedure.",REAL
"BREAKING: Secret documents EXPOSE the real agenda behind the agriculture subsidy program. A whistleblower who wishes to remain anonymous says this changes EVERYTHING. Wake up, people — they have been LYING to us for years and this PROVES it beyond any doubt!",FAKE
"BREAKING: Secret documents EXPOSE the real agenda behind a major merger between two airlines. A whistleblower who wishes to remain anonymous says this changes EVERYTHING. Wake up, people — they have been LYING to us for years and this PROVES it beyond any doubt!",FAKE
"Lawmakers debated the education budget for several hours on Wednesday before reaching a preliminary agreement. the National Weather Service said the next formal vote is scheduled within 15 weeks. Several committee members requested additional data before final approval, and a public comment period will follow.",REAL
SHOCKING new evidence about a new trade agreement that NO ONE is talking about! A source close to the situation says this is just the tip of the iceberg. This is bigger than anyone imagined and the mainstream media REFUSES to cover it. Wake up and share NOW!,FAKE
"Lawmakers debated a new labor law for several hours on Monday before reaching a preliminary agreement. a spokesperson for the White House said the next formal vote is scheduled within 4 weeks. Several committee members requested additional data before final approval, and a public comment period will follow.",REAL
"BREAKING: Secret documents EXPOSE the real agenda behind the national vaccine rollout. A whistleblower who wishes to remain anonymous says this changes EVERYTHING. Wake up, people — they have been LYING to us for years and this PROVES it beyond any doubt!",FAKE
"Officials confirmed on Tuesday that climate policy will move forward after a review by the Associated Press, according to a statement released this week. The measure passed with a vote of 344 to 177, and is expected to take effect over the next 18 months. Analysts at several independent research firms said the impact would likely be gradual, citing prior similar measures.",REAL
"Officials confirmed on Friday that the housing market will move forward after a review by the Federal Reserve, according to a statement released this week. The measure passed with a vote of 296 to 129, and is expected to take effect over the next 23 months. Analysts at several independent research firms said the impact would likely be gradual, citing prior similar measures.",REAL
"BREAKING: Secret documents EXPOSE the real agenda behind the state of the judiciary. A whistleblower who wishes to remain anonymous says this changes EVERYTHING. Wake up, people — they have been LYING to us for years and this PROVES it beyond any doubt!",FAKE
"Lawmakers debated a new labor law for several hours on Monday before reaching a preliminary agreement. a court filing said the next formal vote is scheduled within 8 weeks. Several committee members requested additional data before final approval, and a public comment period will follow.",REAL
SHOCKING new evidence about the tech industry that NO ONE is talking about! A source close to the situation says this is just the tip of the iceberg. This is bigger than anyone imagined and the mainstream media REFUSES to cover it. Wake up and share NOW!,FAKE
"Officials confirmed on Monday that the education budget will move forward after a review by the Congressional Budget Office, according to a statement released this week. The measure passed with a vote of 298 to 179, and is expected to take effect over the next 12 months. Analysts at several independent research firms said the impact would likely be gradual, citing prior similar measures.",REAL
"According to a court filing, the tech industry has been under review since early this year, with a formal decision expected by the end of the 13-month evaluation period. The agency said it would publish its full findings once the review concludes, in line with standard procedure.",REAL
"Officials confirmed on Friday that a major merger between two airlines will move forward after a review by the Department of Health, according to a statement released this week. The measure passed with a vote of 59 to 298, and is expected to take effect over the next 16 months. Analysts at several independent research firms said the impact would likely be gradual, citing prior similar measures.",REAL
A report published by the Department of Health on renewable energy investment shows a change of 2.0% compared to last year. The data was compiled from 226 separate regional offices and reviewed by independent economists before release. Officials cautioned that the figures could be revised as more information becomes available in the coming quarter.,REAL
"BREAKING: Secret documents EXPOSE the real agenda behind the education budget. A whistleblower who wishes to remain anonymous says this changes EVERYTHING. Wake up, people — they have been LYING to us for years and this PROVES it beyond any doubt!",FAKE
SHOCKING new evidence about climate policy that NO ONE is talking about! A source close to the situation says this is just the tip of the iceberg. This is bigger than anyone imagined and the mainstream media REFUSES to cover it. Wake up and share NOW!,FAKE
"According to the National Weather Service, the upcoming census has been under review since early this year, with a formal decision expected by the end of the 10-month evaluation period. The agency said it would publish its full findings once the review concludes, in line with standard procedure.",REAL
A report published by the National Weather Service on a new labor law shows a change of 11.5% compared to last year. The data was compiled from 27 separate regional offices and reviewed by independent economists before release. Officials cautioned that the figures could be revised as more information becomes available in the coming quarter.,REAL
SHOCKING new evidence about a new trade agreement that NO ONE is talking about! A source close to the situation says this is just the tip of the iceberg. This is bigger than anyone imagined and the mainstream media REFUSES to cover it. Wake up and share NOW!,FAKE
"According to a court filing, the new healthcare bill has been under review since early this year, with a formal decision expected by the end of the 22-month evaluation period. The agency said it would publish its full findings once the review concludes, in line with standard procedure.",REAL
"Lawmakers debated the presidential election for several hours on Monday before reaching a preliminary agreement. a spokesperson for the White House said the next formal vote is scheduled within 24 weeks. Several committee members requested additional data before final approval, and a public comment period will follow.",REAL
Doctors HATE this one simple fact about the housing market that could change your life forever! The government has been covering this up for decades and NOW the truth is finally coming out. Forward this to everyone you know before they take it down!,FAKE
SHOCKING new evidence about the national vaccine rollout that NO ONE is talking about! A source close to the situation says this is just the tip of the iceberg. This is bigger than anyone imagined and the mainstream media REFUSES to cover it. Wake up and share NOW!,FAKE
"BREAKING: Secret documents EXPOSE the real agenda behind immigration reform. A whistleblower who wishes to remain anonymous says this changes EVERYTHING. Wake up, people — they have been LYING to us for years and this PROVES it beyond any doubt!",FAKE
"According to a court filing, a new labor law has been under review since early this year, with a formal decision expected by the end of the 2-month evaluation period. The agency said it would publish its full findings once the review concludes, in line with standard procedure.",REAL
"Lawmakers debated the upcoming census for several hours on Monday before reaching a preliminary agreement. the Congressional Budget Office said the next formal vote is scheduled within 6 weeks. Several committee members requested additional data before final approval, and a public comment period will follow.",REAL
YOU WON'T BELIEVE what they don't want you to know about climate policy!!! Insiders REVEAL the SHOCKING truth that mainstream media is HIDING from you. Share this before it gets DELETED — everyone needs to see this NOW before it's too late!,FAKE
"According to the Federal Reserve, the central bank's interest rate decision has been under review since early this year, with a formal decision expected by the end of the 6-month evaluation period. The agency said it would publish its full findings once the review concludes, in line with standard procedure.",REAL
SHOCKING new evidence about the central bank's interest rate decision that NO ONE is talking about! A source close to the situation says this is just the tip of the iceberg. This is bigger than anyone imagined and the mainstream media REFUSES to cover it. Wake up and share NOW!,FAKE
SHOCKING new evidence about the central bank's interest rate decision that NO ONE is talking about! A source close to the situation says this is just the tip of the iceberg. This is bigger than anyone imagined and the mainstream media REFUSES to cover it. Wake up and share NOW!,FAKE
"Lawmakers debated a public transportation overhaul for several hours on Monday before reaching a preliminary agreement. the Federal Reserve said the next formal vote is scheduled within 7 weeks. Several committee members requested additional data before final approval, and a public comment period will follow.",REAL
"BREAKING: Secret documents EXPOSE the real agenda behind the tech industry. A whistleblower who wishes to remain anonymous says this changes EVERYTHING. Wake up, people — they have been LYING to us for years and this PROVES it beyond any doubt!",FAKE
"According to the Federal Reserve, the space program's next mission has been under review since early this year, with a formal decision expected by the end of the 8-month evaluation period. The agency said it would publish its full findings once the review concludes, in line with standard procedure.",REAL
A report published by Reuters on the tech industry shows a change of 1.3% compared to last year. The data was compiled from 305 separate regional offices and reviewed by independent economists before release. Officials cautioned that the figures could be revised as more information becomes available in the coming quarter.,REAL
YOU WON'T BELIEVE what they don't want you to know about the economy!!! Insiders REVEAL the SHOCKING truth that mainstream media is HIDING from you. Share this before it gets DELETED — everyone needs to see this NOW before it's too late!,FAKE
A report published by the Bureau of Labor Statistics on a major merger between two airlines shows a change of 11.7% compared to last year. The data was compiled from 278 separate regional offices and reviewed by independent economists before release. Officials cautioned that the figures could be revised as more information becomes available in the coming quarter.,REAL
SHOCKING new evidence about a major merger between two airlines that NO ONE is talking about! A source close to the situation says this is just the tip of the iceberg. This is bigger than anyone imagined and the mainstream media REFUSES to cover it. Wake up and share NOW!,FAKE
A report published by a court filing on the central bank's interest rate decision shows a change of 10.8% compared to last year. The data was compiled from 236 separate regional offices and reviewed by independent economists before release. Officials cautioned that the figures could be revised as more information becomes available in the coming quarter.,REAL
"According to the Associated Press, the presidential election has been under review since early this year, with a formal decision expected by the end of the 3-month evaluation period. The agency said it would publish its full findings once the review concludes, in line with standard procedure.",REAL
A report published by the Federal Reserve on a new trade agreement shows a change of 3.0% compared to last year. The data was compiled from 228 separate regional offices and reviewed by independent economists before release. Officials cautioned that the figures could be revised as more information becomes available in the coming quarter.,REAL
"Lawmakers debated climate policy for several hours on Tuesday before reaching a preliminary agreement. the Associated Press said the next formal vote is scheduled within 21 weeks. Several committee members requested additional data before final approval, and a public comment period will follow.",REAL
YOU WON'T BELIEVE what they don't want you to know about the education budget!!! Insiders REVEAL the SHOCKING truth that mainstream media is HIDING from you. Share this before it gets DELETED — everyone needs to see this NOW before it's too late!,FAKE
A report published by a Treasury Department spokesperson on a major merger between two airlines shows a change of 6.7% compared to last year. The data was compiled from 339 separate regional offices and reviewed by independent economists before release. Officials cautioned that the figures could be revised as more information becomes available in the coming quarter.,REAL
"Officials confirmed on Wednesday that renewable energy investment will move forward after a review by the National Weather Service, according to a statement released this week. The measure passed with a vote of 291 to 125, and is expected to take effect over the next 23 months. Analysts at several independent research firms said the impact would likely be gradual, citing prior similar measures.",REAL
YOU WON'T BELIEVE what they don't want you to know about immigration reform!!! Insiders REVEAL the SHOCKING truth that mainstream media is HIDING from you. Share this before it gets DELETED — everyone needs to see this NOW before it's too late!,FAKE
"Lawmakers debated the state of the judiciary for several hours on Monday before reaching a preliminary agreement. the Bureau of Labor Statistics said the next formal vote is scheduled within 8 weeks. Several committee members requested additional data before final approval, and a public comment period will follow.",REAL
Doctors HATE this one simple fact about a new labor law that could change your life forever! The government has been covering this up for decades and NOW the truth is finally coming out. Forward this to everyone you know before they take it down!,FAKE
Doctors HATE this one simple fact about the tech industry that could change your life forever! The government has been covering this up for decades and NOW the truth is finally coming out. Forward this to everyone you know before they take it down!,FAKE
"Officials confirmed on Thursday that a new trade agreement will move forward after a review by a court filing, according to a statement released this week. The measure passed with a vote of 130 to 14, and is expected to take effect over the next 3 months. Analysts at several independent research firms said the impact would likely be gradual, citing prior similar measures.",REAL
"BREAKING: Secret documents EXPOSE the real agenda behind the upcoming census. A whistleblower who wishes to remain anonymous says this changes EVERYTHING. Wake up, people — they have been LYING to us for years and this PROVES it beyond any doubt!",FAKE
"Officials confirmed on Wednesday that the education budget will move forward after a review by the Associated Press, according to a statement released this week. The measure passed with a vote of 240 to 235, and is expected to take effect over the next 14 months. Analysts at several independent research firms said the impact would likely be gradual, citing prior similar measures.",REAL
"Lawmakers debated climate policy for several hours on Monday before reaching a preliminary agreement. the Congressional Budget Office said the next formal vote is scheduled within 9 weeks. Several committee members requested additional data before final approval, and a public comment period will follow.",REAL
YOU WON'T BELIEVE what they don't want you to know about the national vaccine rollout!!! Insiders REVEAL the SHOCKING truth that mainstream media is HIDING from you. Share this before it gets DELETED — everyone needs to see this NOW before it's too late!,FAKE
Doctors HATE this one simple fact about the state of the judiciary that could change your life forever! The government has been covering this up for decades and NOW the truth is finally coming out. Forward this to everyone you know before they take it down!,FAKE
YOU WON'T BELIEVE what they don't want you to know about a new trade agreement!!! Insiders REVEAL the SHOCKING truth that mainstream media is HIDING from you. Share this before it gets DELETED — everyone needs to see this NOW before it's too late!,FAKE
"Officials confirmed on Tuesday that the education budget will move forward after a review by the National Weather Service, according to a statement released this week. The measure passed with a vote of 167 to 128, and is expected to take effect over the next 1 months. Analysts at several independent research firms said the impact would likely be gradual, citing prior similar measures.",REAL
YOU WON'T BELIEVE what they don't want you to know about the housing market!!! Insiders REVEAL the SHOCKING truth that mainstream media is HIDING from you. Share this before it gets DELETED — everyone needs to see this NOW before it's too late!,FAKE
Doctors HATE this one simple fact about renewable energy investment that could change your life forever! The government has been covering this up for decades and NOW the truth is finally coming out. Forward this to everyone you know before they take it down!,FAKE
"According to a court filing, the national vaccine rollout has been under review since early this year, with a formal decision expected by the end of the 16-month evaluation period. The agency said it would publish its full findings once the review concludes, in line with standard procedure.",REAL
A report published by the National Weather Service on climate policy shows a change of 10.2% compared to last year. The data was compiled from 67 separate regional offices and reviewed by independent economists before release. Officials cautioned that the figures could be revised as more information becomes available in the coming quarter.,REAL
"BREAKING: Secret documents EXPOSE the real agenda behind the agriculture subsidy program. A whistleblower who wishes to remain anonymous says this changes EVERYTHING. Wake up, people — they have been LYING to us for years and this PROVES it beyond any doubt!",FAKE
Doctors HATE this one simple fact about the agriculture subsidy program that could change your life forever! The government has been covering this up for decades and NOW the truth is finally coming out. Forward this to everyone you know before they take it down!,FAKE
A report published by a Treasury Department spokesperson on climate policy shows a change of 2.0% compared to last year. The data was compiled from 277 separate regional offices and reviewed by independent economists before release. Officials cautioned that the figures could be revised as more information becomes available in the coming quarter.,REAL
YOU WON'T BELIEVE what they don't want you to know about the national vaccine rollout!!! Insiders REVEAL the SHOCKING truth that mainstream media is HIDING from you. Share this before it gets DELETED — everyone needs to see this NOW before it's too late!,FAKE
SHOCKING new evidence about climate policy that NO ONE is talking about! A source close to the situation says this is just the tip of the iceberg. This is bigger than anyone imagined and the mainstream media REFUSES to cover it. Wake up and share NOW!,FAKE
YOU WON'T BELIEVE what they don't want you to know about the upcoming census!!! Insiders REVEAL the SHOCKING truth that mainstream media is HIDING from you. Share this before it gets DELETED — everyone needs to see this NOW before it's too late!,FAKE
"Officials confirmed on Wednesday that the central bank's interest rate decision will move forward after a review by the Bureau of Labor Statistics, according to a statement released this week. The measure passed with a vote of 382 to 104, and is expected to take effect over the next 7 months. Analysts at several independent research firms said the impact would likely be gradual, citing prior similar measures.",REAL
A report published by a court filing on the state of the judiciary shows a change of 2.5% compared to last year. The data was compiled from 337 separate regional offices and reviewed by independent economists before release. Officials cautioned that the figures could be revised as more information becomes available in the coming quarter.,REAL
"According to the Congressional Budget Office, a new labor law has been under review since early this year, with a formal decision expected by the end of the 24-month evaluation period. The agency said it would publish its full findings once the review concludes, in line with standard procedure.",REAL
YOU WON'T BELIEVE what they don't want you to know about a major merger between two airlines!!! Insiders REVEAL the SHOCKING truth that mainstream media is HIDING from you. Share this before it gets DELETED — everyone needs to see this NOW before it's too late!,FAKE
SHOCKING new evidence about the agriculture subsidy program that NO ONE is talking about! A source close to the situation says this is just the tip of the iceberg. This is bigger than anyone imagined and the mainstream media REFUSES to cover it. Wake up and share NOW!,FAKE
"BREAKING: Secret documents EXPOSE the real agenda behind the upcoming census. A whistleblower who wishes to remain anonymous says this changes EVERYTHING. Wake up, people — they have been LYING to us for years and this PROVES it beyond any doubt!",FAKE
SHOCKING new evidence about a major merger between two airlines that NO ONE is talking about! A source close to the situation says this is just the tip of the iceberg. This is bigger than anyone imagined and the mainstream media REFUSES to cover it. Wake up and share NOW!,FAKE
"Officials confirmed on Friday that climate policy will move forward after a review by the National Weather Service, according to a statement released this week. The measure passed with a vote of 235 to 22, and is expected to take effect over the next 8 months. Analysts at several independent research firms said the impact would likely be gradual, citing prior similar measures.",REAL
A report published by the Associated Press on a new labor law shows a change of 1.3% compared to last year. The data was compiled from 97 separate regional offices and reviewed by independent economists before release. Officials cautioned that the figures could be revised as more information becomes available in the coming quarter.,REAL
A report published by a spokesperson for the White House on the economy shows a change of 4.7% compared to last year. The data was compiled from 14 separate regional offices and reviewed by independent economists before release. Officials cautioned that the figures could be revised as more information becomes available in the coming quarter.,REAL
"Officials confirmed on Thursday that the space program's next mission will move forward after a review by the Associated Press, according to a statement released this week. The measure passed with a vote of 195 to 41, and is expected to take effect over the next 18 months. Analysts at several independent research firms said the impact would likely be gradual, citing prior similar measures.",REAL
"BREAKING: Secret documents EXPOSE the real agenda behind a new trade agreement. A whistleblower who wishes to remain anonymous says this changes EVERYTHING. Wake up, people — they have been LYING to us for years and this PROVES it beyond any doubt!",FAKE
A report published by Reuters on a public transportation overhaul shows a change of 10.5% compared to last year. The data was compiled from 90 separate regional offices and reviewed by independent economists before release. Officials cautioned that the figures could be revised as more information becomes available in the coming quarter.,REAL
"BREAKING: Secret documents EXPOSE the real agenda behind immigration reform. A whistleblower who wishes to remain anonymous says this changes EVERYTHING. Wake up, people — they have been LYING to us for years and this PROVES it beyond any doubt!",FAKE
YOU WON'T BELIEVE what they don't want you to know about the defense budget!!! Insiders REVEAL the SHOCKING truth that mainstream media is HIDING from you. Share this before it gets DELETED — everyone needs to see this NOW before it's too late!,FAKE
YOU WON'T BELIEVE what they don't want you to know about the central bank's interest rate decision!!! Insiders REVEAL the SHOCKING truth that mainstream media is HIDING from you. Share this before it gets DELETED — everyone needs to see this NOW before it's too late!,FAKE
YOU WON'T BELIEVE what they don't want you to know about the defense budget!!! Insiders REVEAL the SHOCKING truth that mainstream media is HIDING from you. Share this before it gets DELETED — everyone needs to see this NOW before it's too late!,FAKE
"Officials confirmed on Friday that the national vaccine rollout will move forward after a review by a Treasury Department spokesperson, according to a statement released this week. The measure passed with a vote of 16 to 249, and is expected to take effect over the next 17 months. Analysts at several independent research firms said the impact would likely be gradual, citing prior similar measures.",REAL
YOU WON'T BELIEVE what they don't want you to know about the tech industry!!! Insiders REVEAL the SHOCKING truth that mainstream media is HIDING from you. Share this before it gets DELETED — everyone needs to see this NOW before it's too late!,FAKE
"BREAKING: Secret documents EXPOSE the real agenda behind the agriculture subsidy program. A whistleblower who wishes to remain anonymous says this changes EVERYTHING. Wake up, people — they have been LYING to us for years and this PROVES it beyond any doubt!",FAKE
Doctors HATE this one simple fact about renewable energy investment that could change your life forever! The government has been covering this up for decades and NOW the truth is finally coming out. Forward this to everyone you know before they take it down!,FAKE
"Officials confirmed on Monday that renewable energy investment will move forward after a review by the Federal Reserve, according to a statement released this week. The measure passed with a vote of 205 to 283, and is expected to take effect over the next 11 months. Analysts at several independent research firms said the impact would likely be gradual, citing prior similar measures.",REAL
SHOCKING new evidence about the tech industry that NO ONE is talking about! A source close to the situation says this is just the tip of the iceberg. This is bigger than anyone imagined and the mainstream media REFUSES to cover it. Wake up and share NOW!,FAKE
SHOCKING new evidence about the presidential election that NO ONE is talking about! A source close to the situation says this is just the tip of the iceberg. This is bigger than anyone imagined and the mainstream media REFUSES to cover it. Wake up and share NOW!,FAKE
YOU WON'T BELIEVE what they don't want you to know about a new trade agreement!!! Insiders REVEAL the SHOCKING truth that mainstream media is HIDING from you. Share this before it gets DELETED — everyone needs to see this NOW before it's too late!,FAKE
YOU WON'T BELIEVE what they don't want you to know about a new labor law!!! Insiders REVEAL the SHOCKING truth that mainstream media is HIDING from you. Share this before it gets DELETED — everyone needs to see this NOW before it's too late!,FAKE
"BREAKING: Secret documents EXPOSE the real agenda behind the presidential election. A whistleblower who wishes to remain anonymous says this changes EVERYTHING. Wake up, people — they have been LYING to us for years and this PROVES it beyond any doubt!",FAKE
"BREAKING: Secret documents EXPOSE the real agenda behind a new trade agreement. A whistleblower who wishes to remain anonymous says this changes EVERYTHING. Wake up, people — they have been LYING to us for years and this PROVES it beyond any doubt!",FAKE
YOU WON'T BELIEVE what they don't want you to know about the national vaccine rollout!!! Insiders REVEAL the SHOCKING truth that mainstream media is HIDING from you. Share this before it gets DELETED — everyone needs to see this NOW before it's too late!,FAKE
"According to a Treasury Department spokesperson, immigration reform has been under review since early this year, with a formal decision expected by the end of the 20-month evaluation period. The agency said it would publish its full findings once the review concludes, in line with standard procedure.",REAL
"Lawmakers debated immigration reform for several hours on Friday before reaching a preliminary agreement. a Treasury Department spokesperson said the next formal vote is scheduled within 20 weeks. Several committee members requested additional data before final approval, and a public comment period will follow.",REAL
"Officials confirmed on Thursday that the housing market will move forward after a review by the Bureau of Labor Statistics, according to a statement released this week. The measure passed with a vote of 391 to 87, and is expected to take effect over the next 19 months. Analysts at several independent research firms said the impact would likely be gradual, citing prior similar measures.",REAL
A report published by the Department of Health on the housing market shows a change of 7.4% compared to last year. The data was compiled from 156 separate regional offices and reviewed by independent economists before release. Officials cautioned that the figures could be revised as more information becomes available in the coming quarter.,REAL
"Lawmakers debated the housing market for several hours on Tuesday before reaching a preliminary agreement. Reuters said the next formal vote is scheduled within 18 weeks. Several committee members requested additional data before final approval, and a public comment period will follow.",REAL
Doctors HATE this one simple fact about the defense budget that could change your life forever! The government has been covering this up for decades and NOW the truth is finally coming out. Forward this to everyone you know before they take it down!,FAKE
"Officials confirmed on Tuesday that a new labor law will move forward after a review by the National Weather Service, according to a statement released this week. The measure passed with a vote of 349 to 275, and is expected to take effect over the next 5 months. Analysts at several independent research firms said the impact would likely be gradual, citing prior similar measures.",REAL
"Lawmakers debated the presidential election for several hours on Friday before reaching a preliminary agreement. the Department of Health said the next formal vote is scheduled within 24 weeks. Several committee members requested additional data before final approval, and a public comment period will follow.",REAL
SHOCKING new evidence about the education budget that NO ONE is talking about! A source close to the situation says this is just the tip of the iceberg. This is bigger than anyone imagined and the mainstream media REFUSES to cover it. Wake up and share NOW!,FAKE
"BREAKING: Secret documents EXPOSE the real agenda behind a major merger between two airlines. A whistleblower who wishes to remain anonymous says this changes EVERYTHING. Wake up, people — they have been LYING to us for years and this PROVES it beyond any doubt!",FAKE
A report published by the Bureau of Labor Statistics on the education budget shows a change of 8.9% compared to last year. The data was compiled from 340 separate regional offices and reviewed by independent economists before release. Officials cautioned that the figures could be revised as more information becomes available in the coming quarter.,REAL
"Officials confirmed on Wednesday that the tech industry will move forward after a review by a court filing, according to a statement released this week. The measure passed with a vote of 140 to 28, and is expected to take effect over the next 15 months. Analysts at several independent research firms said the impact would likely be gradual, citing prior similar measures.",REAL
"According to the Congressional Budget Office, the upcoming census has been under review since early this year, with a formal decision expected by the end of the 16-month evaluation period. The agency said it would publish its full findings once the review concludes, in line with standard procedure.",REAL
"BREAKING: Secret documents EXPOSE the real agenda behind the education budget. A whistleblower who wishes to remain anonymous says this changes EVERYTHING. Wake up, people — they have been LYING to us for years and this PROVES it beyond any doubt!",FAKE
SHOCKING new evidence about the presidential election that NO ONE is talking about! A source close to the situation says this is just the tip of the iceberg. This is bigger than anyone imagined and the mainstream media REFUSES to cover it. Wake up and share NOW!,FAKE
"According to the Associated Press, immigration reform has been under review since early this year, with a formal decision expected by the end of the 12-month evaluation period. The agency said it would publish its full findings once the review concludes, in line with standard procedure.",REAL
"Officials confirmed on Friday that a new labor law will move forward after a review by the Bureau of Labor Statistics, according to a statement released this week. The measure passed with a vote of 399 to 179, and is expected to take effect over the next 12 months. Analysts at several independent research firms said the impact would likely be gradual, citing prior similar measures.",REAL
A report published by the Congressional Budget Office on the economy shows a change of 6.9% compared to last year. The data was compiled from 239 separate regional offices and reviewed by independent economists before release. Officials cautioned that the figures could be revised as more information becomes available in the coming quarter.,REAL
"Officials confirmed on Friday that the economy will move forward after a review by a court filing, according to a statement released this week. The measure passed with a vote of 34 to 300, and is expected to take effect over the next 2 months. Analysts at several independent research firms said the impact would likely be gradual, citing prior similar measures.",REAL
"Officials confirmed on Thursday that a major merger between two airlines will move forward after a review by the Bureau of Labor Statistics, according to a statement released this week. The measure passed with a vote of 44 to 286, and is expected to take effect over the next 1 months. Analysts at several independent research firms said the impact would likely be gradual, citing prior similar measures.",REAL
YOU WON'T BELIEVE what they don't want you to know about the tech industry!!! Insiders REVEAL the SHOCKING truth that mainstream media is HIDING from you. Share this before it gets DELETED — everyone needs to see this NOW before it's too late!,FAKE
SHOCKING new evidence about the agriculture subsidy program that NO ONE is talking about! A source close to the situation says this is just the tip of the iceberg. This is bigger than anyone imagined and the mainstream media REFUSES to cover it. Wake up and share NOW!,FAKE
"Officials confirmed on Tuesday that renewable energy investment will move forward after a review by a court filing, according to a statement released this week. The measure passed with a vote of 185 to 295, and is expected to take effect over the next 10 months. Analysts at several independent research firms said the impact would likely be gradual, citing prior similar measures.",REAL
A report published by the Department of Health on a major merger between two airlines shows a change of 12.1% compared to last year. The data was compiled from 159 separate regional offices and reviewed by independent economists before release. Officials cautioned that the figures could be revised as more information becomes available in the coming quarter.,REAL
"Officials confirmed on Monday that the housing market will move forward after a review by the National Weather Service, according to a statement released this week. The measure passed with a vote of 36 to 186, and is expected to take effect over the next 19 months. Analysts at several independent research firms said the impact would likely be gradual, citing prior similar measures.",REAL
"BREAKING: Secret documents EXPOSE the real agenda behind the housing market. A whistleblower who wishes to remain anonymous says this changes EVERYTHING. Wake up, people — they have been LYING to us for years and this PROVES it beyond any doubt!",FAKE
A report published by a spokesperson for the White House on immigration reform shows a change of 7.2% compared to last year. The data was compiled from 155 separate regional offices and reviewed by independent economists before release. Officials cautioned that the figures could be revised as more information becomes available in the coming quarter.,REAL
SHOCKING new evidence about a major merger between two airlines that NO ONE is talking about! A source close to the situation says this is just the tip of the iceberg. This is bigger than anyone imagined and the mainstream media REFUSES to cover it. Wake up and share NOW!,FAKE
"According to the Federal Reserve, immigration reform has been under review since early this year, with a formal decision expected by the end of the 5-month evaluation period. The agency said it would publish its full findings once the review concludes, in line with standard procedure.",REAL
SHOCKING new evidence about the presidential election that NO ONE is talking about! A source close to the situation says this is just the tip of the iceberg. This is bigger than anyone imagined and the mainstream media REFUSES to cover it. Wake up and share NOW!,FAKE
YOU WON'T BELIEVE what they don't want you to know about the housing market!!! Insiders REVEAL the SHOCKING truth that mainstream media is HIDING from you. Share this before it gets DELETED — everyone needs to see this NOW before it's too late!,FAKE
"BREAKING: Secret documents EXPOSE the real agenda behind the tech industry. A whistleblower who wishes to remain anonymous says this changes EVERYTHING. Wake up, people — they have been LYING to us for years and this PROVES it beyond any doubt!",FAKE
A report published by a Treasury Department spokesperson on the national vaccine rollout shows a change of 7.7% compared to last year. The data was compiled from 55 separate regional offices and reviewed by independent economists before release. Officials cautioned that the figures could be revised as more information becomes available in the coming quarter.,REAL
SHOCKING new evidence about the state of the judiciary that NO ONE is talking about! A source close to the situation says this is just the tip of the iceberg. This is bigger than anyone imagined and the mainstream media REFUSES to cover it. Wake up and share NOW!,FAKE
YOU WON'T BELIEVE what they don't want you to know about immigration reform!!! Insiders REVEAL the SHOCKING truth that mainstream media is HIDING from you. Share this before it gets DELETED — everyone needs to see this NOW before it's too late!,FAKE
Doctors HATE this one simple fact about a public transportation overhaul that could change your life forever! The government has been covering this up for decades and NOW the truth is finally coming out. Forward this to everyone you know before they take it down!,FAKE
A report published by Reuters on climate policy shows a change of 10.0% compared to last year. The data was compiled from 124 separate regional offices and reviewed by independent economists before release. Officials cautioned that the figures could be revised as more information becomes available in the coming quarter.,REAL
A report published by the Federal Reserve on the agriculture subsidy program shows a change of 3.7% compared to last year. The data was compiled from 128 separate regional offices and reviewed by independent economists before release. Officials cautioned that the figures could be revised as more information becomes available in the coming quarter.,REAL
YOU WON'T BELIEVE what they don't want you to know about climate policy!!! Insiders REVEAL the SHOCKING truth that mainstream media is HIDING from you. Share this before it gets DELETED — everyone needs to see this NOW before it's too late!,FAKE
Doctors HATE this one simple fact about the presidential election that could change your life forever! The government has been covering this up for decades and NOW the truth is finally coming out. Forward this to everyone you know before they take it down!,FAKE
"BREAKING: Secret documents EXPOSE the real agenda behind the upcoming census. A whistleblower who wishes to remain anonymous says this changes EVERYTHING. Wake up, people — they have been LYING to us for years and this PROVES it beyond any doubt!",FAKE
"Lawmakers debated the upcoming census for several hours on Monday before reaching a preliminary agreement. the Department of Health said the next formal vote is scheduled within 24 weeks. Several committee members requested additional data before final approval, and a public comment period will follow.",REAL
"BREAKING: Secret documents EXPOSE the real agenda behind the space program's next mission. A whistleblower who wishes to remain anonymous says this changes EVERYTHING. Wake up, people — they have been LYING to us for years and this PROVES it beyond any doubt!",FAKE
SHOCKING new evidence about the economy that NO ONE is talking about! A source close to the situation says this is just the tip of the iceberg. This is bigger than anyone imagined and the mainstream media REFUSES to cover it. Wake up and share NOW!,FAKE
YOU WON'T BELIEVE what they don't want you to know about the defense budget!!! Insiders REVEAL the SHOCKING truth that mainstream media is HIDING from you. Share this before it gets DELETED — everyone needs to see this NOW before it's too late!,FAKE
"Lawmakers debated the state of the judiciary for several hours on Friday before reaching a preliminary agreement. the National Weather Service said the next formal vote is scheduled within 13 weeks. Several committee members requested additional data before final approval, and a public comment period will follow.",REAL
YOU WON'T BELIEVE what they don't want you to know about the space program's next mission!!! Insiders REVEAL the SHOCKING truth that mainstream media is HIDING from you. Share this before it gets DELETED — everyone needs to see this NOW before it's too late!,FAKE
YOU WON'T BELIEVE what they don't want you to know about the economy!!! Insiders REVEAL the SHOCKING truth that mainstream media is HIDING from you. Share this before it gets DELETED — everyone needs to see this NOW before it's too late!,FAKE
"Lawmakers debated the national vaccine rollout for several hours on Monday before reaching a preliminary agreement. the Department of Health said the next formal vote is scheduled within 17 weeks. Several committee members requested additional data before final approval, and a public comment period will follow.",REAL
A report published by the Department of Health on the tech industry shows a change of 11.7% compared to last year. The data was compiled from 157 separate regional offices and reviewed by independent economists before release. Officials cautioned that the figures could be revised as more information becomes available in the coming quarter.,REAL
SHOCKING new evidence about the space program's next mission that NO ONE is talking about! A source close to the situation says this is just the tip of the iceberg. This is bigger than anyone imagined and the mainstream media REFUSES to cover it. Wake up and share NOW!,FAKE
"Officials confirmed on Wednesday that the upcoming census will move forward after a review by the Bureau of Labor Statistics, according to a statement released this week. The measure passed with a vote of 386 to 238, and is expected to take effect over the next 19 months. Analysts at several independent research firms said the impact would likely be gradual, citing prior similar measures.",REAL
Doctors HATE this one simple fact about the agriculture subsidy program that could change your life forever! The government has been covering this up for decades and NOW the truth is finally coming out. Forward this to everyone you know before they take it down!,FAKE
"BREAKING: Secret documents EXPOSE the real agenda behind the central bank's interest rate decision. A whistleblower who wishes to remain anonymous says this changes EVERYTHING. Wake up, people — they have been LYING to us for years and this PROVES it beyond any doubt!",FAKE
"Lawmakers debated the defense budget for several hours on Tuesday before reaching a preliminary agreement. a court filing said the next formal vote is scheduled within 17 weeks. Several committee members requested additional data before final approval, and a public comment period will follow.",REAL
"According to a Treasury Department spokesperson, a public transportation overhaul has been under review since early this year, with a formal decision expected by the end of the 11-month evaluation period. The agency said it would publish its full findings once the review concludes, in line with standard procedure.",REAL
SHOCKING new evidence about the economy that NO ONE is talking about! A source close to the situation says this is just the tip of the iceberg. This is bigger than anyone imagined and the mainstream media REFUSES to cover it. Wake up and share NOW!,FAKE
"Lawmakers debated climate policy for several hours on Tuesday before reaching a preliminary agreement. Reuters said the next formal vote is scheduled within 12 weeks. Several committee members requested additional data before final approval, and a public comment period will follow.",REAL
A report published by the Bureau of Labor Statistics on the space program's next mission shows a change of 9.0% compared to last year. The data was compiled from 72 separate regional offices and reviewed by independent economists before release. Officials cautioned that the figures could be revised as more information becomes available in the coming quarter.,REAL
YOU WON'T BELIEVE what they don't want you to know about a major merger between two airlines!!! Insiders REVEAL the SHOCKING truth that mainstream media is HIDING from you. Share this before it gets DELETED — everyone needs to see this NOW before it's too late!,FAKE
"According to the Bureau of Labor Statistics, the state of the judiciary has been under review since early this year, with a formal decision expected by the end of the 12-month evaluation period. The agency said it would publish its full findings once the review concludes, in line with standard procedure.",REAL
Doctors HATE this one simple fact about a new trade agreement that could change your life forever! The government has been covering this up for decades and NOW the truth is finally coming out. Forward this to everyone you know before they take it down!,FAKE
Doctors HATE this one simple fact about the economy that could change your life forever! The government has been covering this up for decades and NOW the truth is finally coming out. Forward this to everyone you know before they take it down!,FAKE
A report published by the Congressional Budget Office on immigration reform shows a change of 5.6% compared to last year. The data was compiled from 339 separate regional offices and reviewed by independent economists before release. Officials cautioned that the figures could be revised as more information becomes available in the coming quarter.,REAL
Doctors HATE this one simple fact about immigration reform that could change your life forever! The government has been covering this up for decades and NOW the truth is finally coming out. Forward this to everyone you know before they take it down!,FAKE
"Lawmakers debated the upcoming census for several hours on Wednesday before reaching a preliminary agreement. the Associated Press said the next formal vote is scheduled within 17 weeks. Several committee members requested additional data before final approval, and a public comment period will follow.",REAL
"Lawmakers debated the space program's next mission for several hours on Tuesday before reaching a preliminary agreement. the Associated Press said the next formal vote is scheduled within 19 weeks. Several committee members requested additional data before final approval, and a public comment period will follow.",REAL
A report published by the National Weather Service on the presidential election shows a change of 6.2% compared to last year. The data was compiled from 61 separate regional offices and reviewed by independent economists before release. Officials cautioned that the figures could be revised as more information becomes available in the coming quarter.,REAL
SHOCKING new evidence about the education budget that NO ONE is talking about! A source close to the situation says this is just the tip of the iceberg. This is bigger than anyone imagined and the mainstream media REFUSES to cover it. Wake up and share NOW!,FAKE
Doctors HATE this one simple fact about immigration reform that could change your life forever! The government has been covering this up for decades and NOW the truth is finally coming out. Forward this to everyone you know before they take it down!,FAKE
"Lawmakers debated a public transportation overhaul for several hours on Tuesday before reaching a preliminary agreement. the Department of Health said the next formal vote is scheduled within 8 weeks. Several committee members requested additional data before final approval, and a public comment period will follow.",REAL
A report published by the Congressional Budget Office on the agriculture subsidy program shows a change of 8.9% compared to last year. The data was compiled from 188 separate regional offices and reviewed by independent economists before release. Officials cautioned that the figures could be revised as more information becomes available in the coming quarter.,REAL
SHOCKING new evidence about renewable energy investment that NO ONE is talking about! A source close to the situation says this is just the tip of the iceberg. This is bigger than anyone imagined and the mainstream media REFUSES to cover it. Wake up and share NOW!,FAKE
"According to the National Weather Service, the housing market has been under review since early this year, with a formal decision expected by the end of the 8-month evaluation period. The agency said it would publish its full findings once the review concludes, in line with standard procedure.",REAL
A report published by a Treasury Department spokesperson on the economy shows a change of 10.1% compared to last year. The data was compiled from 379 separate regional offices and reviewed by independent economists before release. Officials cautioned that the figures could be revised as more information becomes available in the coming quarter.,REAL
A report published by the Federal Reserve on the space program's next mission shows a change of 3.4% compared to last year. The data was compiled from 137 separate regional offices and reviewed by independent economists before release. Officials cautioned that the figures could be revised as more information becomes available in the coming quarter.,REAL
YOU WON'T BELIEVE what they don't want you to know about the state of the judiciary!!! Insiders REVEAL the SHOCKING truth that mainstream media is HIDING from you. Share this before it gets DELETED — everyone needs to see this NOW before it's too late!,FAKE
"According to the National Weather Service, a new labor law has been under review since early this year, with a formal decision expected by the end of the 5-month evaluation period. The agency said it would publish its full findings once the review concludes, in line with standard procedure.",REAL
"Officials confirmed on Thursday that the agriculture subsidy program will move forward after a review by a Treasury Department spokesperson, according to a statement released this week. The measure passed with a vote of 304 to 33, and is expected to take effect over the next 4 months. Analysts at several independent research firms said the impact would likely be gradual, citing prior similar measures.",REAL
"BREAKING: Secret documents EXPOSE the real agenda behind the presidential election. A whistleblower who wishes to remain anonymous says this changes EVERYTHING. Wake up, people — they have been LYING to us for years and this PROVES it beyond any doubt!",FAKE
"BREAKING: Secret documents EXPOSE the real agenda behind the agriculture subsidy program. A whistleblower who wishes to remain anonymous says this changes EVERYTHING. Wake up, people — they have been LYING to us for years and this PROVES it beyond any doubt!",FAKE
"According to the Department of Health, the central bank's interest rate decision has been under review since early this year, with a formal decision expected by the end of the 14-month evaluation period. The agency said it would publish its full findings once the review concludes, in line with standard procedure.",REAL
YOU WON'T BELIEVE what they don't want you to know about the tech industry!!! Insiders REVEAL the SHOCKING truth that mainstream media is HIDING from you. Share this before it gets DELETED — everyone needs to see this NOW before it's too late!,FAKE
"According to the National Weather Service, a major merger between two airlines has been under review since early this year, with a formal decision expected by the end of the 3-month evaluation period. The agency said it would publish its full findings once the review concludes, in line with standard procedure.",REAL
A report published by a spokesperson for the White House on immigration reform shows a change of 8.8% compared to last year. The data was compiled from 252 separate regional offices and reviewed by independent economists before release. Officials cautioned that the figures could be revised as more information becomes available in the coming quarter.,REAL
YOU WON'T BELIEVE what they don't want you to know about the housing market!!! Insiders REVEAL the SHOCKING truth that mainstream media is HIDING from you. Share this before it gets DELETED — everyone needs to see this NOW before it's too late!,FAKE
"According to a spokesperson for the White House, the presidential election has been under review since early this year, with a formal decision expected by the end of the 8-month evaluation period. The agency said it would publish its full findings once the review concludes, in line with standard procedure.",REAL
SHOCKING new evidence about immigration reform that NO ONE is talking about! A source close to the situation says this is just the tip of the iceberg. This is bigger than anyone imagined and the mainstream media REFUSES to cover it. Wake up and share NOW!,FAKE
"BREAKING: Secret documents EXPOSE the real agenda behind the education budget. A whistleblower who wishes to remain anonymous says this changes EVERYTHING. Wake up, people — they have been LYING to us for years and this PROVES it beyond any doubt!",FAKE
"BREAKING: Secret documents EXPOSE the real agenda behind renewable energy investment. A whistleblower who wishes to remain anonymous says this changes EVERYTHING. Wake up, people — they have been LYING to us for years and this PROVES it beyond any doubt!",FAKE
Doctors HATE this one simple fact about the presidential election that could change your life forever! The government has been covering this up for decades and NOW the truth is finally coming out. Forward this to everyone you know before they take it down!,FAKE
"Lawmakers debated the space program's next mission for several hours on Thursday before reaching a preliminary agreement. Reuters said the next formal vote is scheduled within 11 weeks. Several committee members requested additional data before final approval, and a public comment period will follow.",REAL
"According to a court filing, a public transportation overhaul has been under review since early this year, with a formal decision expected by the end of the 16-month evaluation period. The agency said it would publish its full findings once the review concludes, in line with standard procedure.",REAL
"According to the Department of Health, the national vaccine rollout has been under review since early this year, with a formal decision expected by the end of the 24-month evaluation period. The agency said it would publish its full findings once the review concludes, in line with standard procedure.",REAL
"Officials confirmed on Monday that immigration reform will move forward after a review by the Congressional Budget Office, according to a statement released this week. The measure passed with a vote of 284 to 197, and is expected to take effect over the next 10 months. Analysts at several independent research firms said the impact would likely be gradual, citing prior similar measures.",REAL
"Lawmakers debated immigration reform for several hours on Monday before reaching a preliminary agreement. a Treasury Department spokesperson said the next formal vote is scheduled within 22 weeks. Several committee members requested additional data before final approval, and a public comment period will follow.",REAL
A report published by a spokesperson for the White House on a new trade agreement shows a change of 0.6% compared to last year. The data was compiled from 182 separate regional offices and reviewed by independent economists before release. Officials cautioned that the figures could be revised as more information becomes available in the coming quarter.,REAL
"According to the Department of Health, renewable energy investment has been under review since early this year, with a formal decision expected by the end of the 3-month evaluation period. The agency said it would publish its full findings once the review concludes, in line with standard procedure.",REAL
"Lawmakers debated a public transportation overhaul for several hours on Monday before reaching a preliminary agreement. a spokesperson for the White House said the next formal vote is scheduled within 14 weeks. Several committee members requested additional data before final approval, and a public comment period will follow.",REAL
Doctors HATE this one simple fact about the agriculture subsidy program that could change your life forever! The government has been covering this up for decades and NOW the truth is finally coming out. Forward this to everyone you know before they take it down!,FAKE
Doctors HATE this one simple fact about a new trade agreement that could change your life forever! The government has been covering this up for decades and NOW the truth is finally coming out. Forward this to everyone you know before they take it down!,FAKE
"According to the Associated Press, the defense budget has been under review since early this year, with a formal decision expected by the end of the 12-month evaluation period. The agency said it would publish its full findings once the review concludes, in line with standard procedure.",REAL
"According to the Bureau of Labor Statistics, the state of the judiciary has been under review since early this year, with a formal decision expected by the end of the 10-month evaluation period. The agency said it would publish its full findings once the review concludes, in line with standard procedure.",REAL
"Lawmakers debated a new trade agreement for several hours on Wednesday before reaching a preliminary agreement. a court filing said the next formal vote is scheduled within 2 weeks. Several committee members requested additional data before final approval, and a public comment period will follow.",REAL
"Lawmakers debated the tech industry for several hours on Monday before reaching a preliminary agreement. the Federal Reserve said the next formal vote is scheduled within 24 weeks. Several committee members requested additional data before final approval, and a public comment period will follow.",REAL
SHOCKING new evidence about the agriculture subsidy program that NO ONE is talking about! A source close to the situation says this is just the tip of the iceberg. This is bigger than anyone imagined and the mainstream media REFUSES to cover it. Wake up and share NOW!,FAKE
"BREAKING: Secret documents EXPOSE the real agenda behind the presidential election. A whistleblower who wishes to remain anonymous says this changes EVERYTHING. Wake up, people — they have been LYING to us for years and this PROVES it beyond any doubt!",FAKE
Doctors HATE this one simple fact about the new healthcare bill that could change your life forever! The government has been covering this up for decades and NOW the truth is finally coming out. Forward this to everyone you know before they take it down!,FAKE
SHOCKING new evidence about the economy that NO ONE is talking about! A source close to the situation says this is just the tip of the iceberg. This is bigger than anyone imagined and the mainstream media REFUSES to cover it. Wake up and share NOW!,FAKE
Doctors HATE this one simple fact about the national vaccine rollout that could change your life forever! The government has been covering this up for decades and NOW the truth is finally coming out. Forward this to everyone you know before they take it down!,FAKE
SHOCKING new evidence about a major merger between two airlines that NO ONE is talking about! A source close to the situation says this is just the tip of the iceberg. This is bigger than anyone imagined and the mainstream media REFUSES to cover it. Wake up and share NOW!,FAKE
YOU WON'T BELIEVE what they don't want you to know about the national vaccine rollout!!! Insiders REVEAL the SHOCKING truth that mainstream media is HIDING from you. Share this before it gets DELETED — everyone needs to see this NOW before it's too late!,FAKE
"Officials confirmed on Wednesday that the space program's next mission will move forward after a review by the National Weather Service, according to a statement released this week. The measure passed with a vote of 300 to 293, and is expected to take effect over the next 22 months. Analysts at several independent research firms said the impact would likely be gradual, citing prior similar measures.",REAL
"Lawmakers debated the national vaccine rollout for several hours on Monday before reaching a preliminary agreement. the Congressional Budget Office said the next formal vote is scheduled within 11 weeks. Several committee members requested additional data before final approval, and a public comment period will follow.",REAL
A report published by the Congressional Budget Office on the new healthcare bill shows a change of 6.7% compared to last year. The data was compiled from 150 separate regional offices and reviewed by independent economists before release. Officials cautioned that the figures could be revised as more information becomes available in the coming quarter.,REAL
Doctors HATE this one simple fact about climate policy that could change your life forever! The government has been covering this up for decades and NOW the truth is finally coming out. Forward this to everyone you know before they take it down!,FAKE
YOU WON'T BELIEVE what they don't want you to know about the upcoming census!!! Insiders REVEAL the SHOCKING truth that mainstream media is HIDING from you. Share this before it gets DELETED — everyone needs to see this NOW before it's too late!,FAKE
Doctors HATE this one simple fact about the national vaccine rollout that could change your life forever! The government has been covering this up for decades and NOW the truth is finally coming out. Forward this to everyone you know before they take it down!,FAKE
SHOCKING new evidence about renewable energy investment that NO ONE is talking about! A source close to the situation says this is just the tip of the iceberg. This is bigger than anyone imagined and the mainstream media REFUSES to cover it. Wake up and share NOW!,FAKE
"BREAKING: Secret documents EXPOSE the real agenda behind a new labor law. A whistleblower who wishes to remain anonymous says this changes EVERYTHING. Wake up, people — they have been LYING to us for years and this PROVES it beyond any doubt!",FAKE
"Officials confirmed on Tuesday that the housing market will move forward after a review by the Associated Press, according to a statement released this week. The measure passed with a vote of 56 to 284, and is expected to take effect over the next 5 months. Analysts at several independent research firms said the impact would likely be gradual, citing prior similar measures.",REAL
"BREAKING: Secret documents EXPOSE the real agenda behind renewable energy investment. A whistleblower who wishes to remain anonymous says this changes EVERYTHING. Wake up, people — they have been LYING to us for years and this PROVES it beyond any doubt!",FAKE
A report published by a spokesperson for the White House on the agriculture subsidy program shows a change of 9.0% compared to last year. The data was compiled from 97 separate regional offices and reviewed by independent economists before release. Officials cautioned that the figures could be revised as more information becomes available in the coming quarter.,REAL
"According to a spokesperson for the White House, the defense budget has been under review since early this year, with a formal decision expected by the end of the 14-month evaluation period. The agency said it would publish its full findings once the review concludes, in line with standard procedure.",REAL
YOU WON'T BELIEVE what they don't want you to know about climate policy!!! Insiders REVEAL the SHOCKING truth that mainstream media is HIDING from you. Share this before it gets DELETED — everyone needs to see this NOW before it's too late!,FAKE
"Officials confirmed on Monday that the new healthcare bill will move forward after a review by the Bureau of Labor Statistics, according to a statement released this week. The measure passed with a vote of 36 to 17, and is expected to take effect over the next 11 months. Analysts at several independent research firms said the impact would likely be gradual, citing prior similar measures.",REAL
A report published by a spokesperson for the White House on the agriculture subsidy program shows a change of 1.5% compared to last year. The data was compiled from 220 separate regional offices and reviewed by independent economists before release. Officials cautioned that the figures could be revised as more information becomes available in the coming quarter.,REAL
YOU WON'T BELIEVE what they don't want you to know about the national vaccine rollout!!! Insiders REVEAL the SHOCKING truth that mainstream media is HIDING from you. Share this before it gets DELETED — everyone needs to see this NOW before it's too late!,FAKE
A report published by the Congressional Budget Office on the education budget shows a change of 7.2% compared to last year. The data was compiled from 28 separate regional offices and reviewed by independent economists before release. Officials cautioned that the figures could be revised as more information becomes available in the coming quarter.,REAL
Doctors HATE this one simple fact about the new healthcare bill that could change your life forever! The government has been covering this up for decades and NOW the truth is finally coming out. Forward this to everyone you know before they take it down!,FAKE
Doctors HATE this one simple fact about renewable energy investment that could change your life forever! The government has been covering this up for decades and NOW the truth is finally coming out. Forward this to everyone you know before they take it down!,FAKE
A report published by the Associated Press on a public transportation overhaul shows a change of 6.8% compared to last year. The data was compiled from 52 separate regional offices and reviewed by independent economists before release. Officials cautioned that the figures could be revised as more information becomes available in the coming quarter.,REAL
A report published by the Department of Health on a major merger between two airlines shows a change of 8.1% compared to last year. The data was compiled from 325 separate regional offices and reviewed by independent economists before release. Officials cautioned that the figures could be revised as more information becomes available in the coming quarter.,REAL
YOU WON'T BELIEVE what they don't want you to know about the upcoming census!!! Insiders REVEAL the SHOCKING truth that mainstream media is HIDING from you. Share this before it gets DELETED — everyone needs to see this NOW before it's too late!,FAKE
"According to the Federal Reserve, the agriculture subsidy program has been under review since early this year, with a formal decision expected by the end of the 21-month evaluation period. The agency said it would publish its full findings once the review concludes, in line with standard procedure.",REAL
"Officials confirmed on Friday that the new healthcare bill will move forward after a review by the Associated Press, according to a statement released this week. The measure passed with a vote of 243 to 17, and is expected to take effect over the next 10 months. Analysts at several independent research firms said the impact would likely be gradual, citing prior similar measures.",REAL
"Lawmakers debated the central bank's interest rate decision for several hours on Wednesday before reaching a preliminary agreement. a Treasury Department spokesperson said the next formal vote is scheduled within 18 weeks. Several committee members requested additional data before final approval, and a public comment period will follow.",REAL
A report published by Reuters on the upcoming census shows a change of 11.4% compared to last year. The data was compiled from 221 separate regional offices and reviewed by independent economists before release. Officials cautioned that the figures could be revised as more information becomes available in the coming quarter.,REAL
Doctors HATE this one simple fact about the tech industry that could change your life forever! The government has been covering this up for decades and NOW the truth is finally coming out. Forward this to everyone you know before they take it down!,FAKE
"According to the Associated Press, the education budget has been under review since early this year, with a formal decision expected by the end of the 15-month evaluation period. The agency said it would publish its full findings once the review concludes, in line with standard procedure.",REAL
"Lawmakers debated a public transportation overhaul for several hours on Friday before reaching a preliminary agreement. the Associated Press said the next formal vote is scheduled within 11 weeks. Several committee members requested additional data before final approval, and a public comment period will follow.",REAL
"According to the Congressional Budget Office, the agriculture subsidy program has been under review since early this year, with a formal decision expected by the end of the 3-month evaluation period. The agency said it would publish its full findings once the review concludes, in line with standard procedure.",REAL
"According to the National Weather Service, the housing market has been under review since early this year, with a formal decision expected by the end of the 9-month evaluation period. The agency said it would publish its full findings once the review concludes, in line with standard procedure.",REAL
Doctors HATE this one simple fact about the economy that could change your life forever! The government has been covering this up for decades and NOW the truth is finally coming out. Forward this to everyone you know before they take it down!,FAKE
"BREAKING: Secret documents EXPOSE the real agenda behind immigration reform. A whistleblower who wishes to remain anonymous says this changes EVERYTHING. Wake up, people — they have been LYING to us for years and this PROVES it beyond any doubt!",FAKE
YOU WON'T BELIEVE what they don't want you to know about the tech industry!!! Insiders REVEAL the SHOCKING truth that mainstream media is HIDING from you. Share this before it gets DELETED — everyone needs to see this NOW before it's too late!,FAKE
"According to the Associated Press, the national vaccine rollout has been under review since early this year, with a formal decision expected by the end of the 8-month evaluation period. The agency said it would publish its full findings once the review concludes, in line with standard procedure.",REAL
"BREAKING: Secret documents EXPOSE the real agenda behind the housing market. A whistleblower who wishes to remain anonymous says this changes EVERYTHING. Wake up, people — they have been LYING to us for years and this PROVES it beyond any doubt!",FAKE
Doctors HATE this one simple fact about the housing market that could change your life forever! The government has been covering this up for decades and NOW the truth is finally coming out. Forward this to everyone you know before they take it down!,FAKE
Doctors HATE this one simple fact about the defense budget that could change your life forever! The government has been covering this up for decades and NOW the truth is finally coming out. Forward this to everyone you know before they take it down!,FAKE
"Lawmakers debated a public transportation overhaul for several hours on Monday before reaching a preliminary agreement. the Associated Press said the next formal vote is scheduled within 12 weeks. Several committee members requested additional data before final approval, and a public comment period will follow.",REAL
"BREAKING: Secret documents EXPOSE the real agenda behind the new healthcare bill. A whistleblower who wishes to remain anonymous says this changes EVERYTHING. Wake up, people — they have been LYING to us for years and this PROVES it beyond any doubt!",FAKE
"According to a Treasury Department spokesperson, climate policy has been under review since early this year, with a formal decision expected by the end of the 7-month evaluation period. The agency said it would publish its full findings once the review concludes, in line with standard procedure.",REAL
"BREAKING: Secret documents EXPOSE the real agenda behind the economy. A whistleblower who wishes to remain anonymous says this changes EVERYTHING. Wake up, people — they have been LYING to us for years and this PROVES it beyond any doubt!",FAKE
Doctors HATE this one simple fact about the agriculture subsidy program that could change your life forever! The government has been covering this up for decades and NOW the truth is finally coming out. Forward this to everyone you know before they take it down!,FAKE
Doctors HATE this one simple fact about the national vaccine rollout that could change your life forever! The government has been covering this up for decades and NOW the truth is finally coming out. Forward this to everyone you know before they take it down!,FAKE
SHOCKING new evidence about the agriculture subsidy program that NO ONE is talking about! A source close to the situation says this is just the tip of the iceberg. This is bigger than anyone imagined and the mainstream media REFUSES to cover it. Wake up and share NOW!,FAKE
Doctors HATE this one simple fact about the new healthcare bill that could change your life forever! The government has been covering this up for decades and NOW the truth is finally coming out. Forward this to everyone you know before they take it down!,FAKE
"According to the National Weather Service, the central bank's interest rate decision has been under review since early this year, with a formal decision expected by the end of the 8-month evaluation period. The agency said it would publish its full findings once the review concludes, in line with standard procedure.",REAL
SHOCKING new evidence about the central bank's interest rate decision that NO ONE is talking about! A source close to the situation says this is just the tip of the iceberg. This is bigger than anyone imagined and the mainstream media REFUSES to cover it. Wake up and share NOW!,FAKE
"Officials confirmed on Wednesday that the space program's next mission will move forward after a review by the Department of Health, according to a statement released this week. The measure passed with a vote of 212 to 136, and is expected to take effect over the next 13 months. Analysts at several independent research firms said the impact would likely be gradual, citing prior similar measures.",REAL
"According to a spokesperson for the White House, the defense budget has been under review since early this year, with a formal decision expected by the end of the 23-month evaluation period. The agency said it would publish its full findings once the review concludes, in line with standard procedure.",REAL
SHOCKING new evidence about a new trade agreement that NO ONE is talking about! A source close to the situation says this is just the tip of the iceberg. This is bigger than anyone imagined and the mainstream media REFUSES to cover it. Wake up and share NOW!,FAKE
SHOCKING new evidence about a major merger between two airlines that NO ONE is talking about! A source close to the situation says this is just the tip of the iceberg. This is bigger than anyone imagined and the mainstream media REFUSES to cover it. Wake up and share NOW!,FAKE
"BREAKING: Secret documents EXPOSE the real agenda behind the tech industry. A whistleblower who wishes to remain anonymous says this changes EVERYTHING. Wake up, people — they have been LYING to us for years and this PROVES it beyond any doubt!",FAKE
YOU WON'T BELIEVE what they don't want you to know about immigration reform!!! Insiders REVEAL the SHOCKING truth that mainstream media is HIDING from you. Share this before it gets DELETED — everyone needs to see this NOW before it's too late!,FAKE
"Officials confirmed on Wednesday that the economy will move forward after a review by a spokesperson for the White House, according to a statement released this week. The measure passed with a vote of 379 to 158, and is expected to take effect over the next 4 months. Analysts at several independent research firms said the impact would likely be gradual, citing prior similar measures.",REAL
"Officials confirmed on Tuesday that the housing market will move forward after a review by a Treasury Department spokesperson, according to a statement released this week. The measure passed with a vote of 148 to 129, and is expected to take effect over the next 5 months. Analysts at several independent research firms said the impact would likely be gradual, citing prior similar measures.",REAL
YOU WON'T BELIEVE what they don't want you to know about the agriculture subsidy program!!! Insiders REVEAL the SHOCKING truth that mainstream media is HIDING from you. Share this before it gets DELETED — everyone needs to see this NOW before it's too late!,FAKE
SHOCKING new evidence about the upcoming census that NO ONE is talking about! A source close to the situation says this is just the tip of the iceberg. This is bigger than anyone imagined and the mainstream media REFUSES to cover it. Wake up and share NOW!,FAKE
"Officials confirmed on Wednesday that renewable energy investment will move forward after a review by a Treasury Department spokesperson, according to a statement released this week. The measure passed with a vote of 368 to 219, and is expected to take effect over the next 12 months. Analysts at several independent research firms said the impact would likely be gradual, citing prior similar measures.",REAL
"Lawmakers debated the upcoming census for several hours on Wednesday before reaching a preliminary agreement. the Congressional Budget Office said the next formal vote is scheduled within 7 weeks. Several committee members requested additional data before final approval, and a public comment period will follow.",REAL
YOU WON'T BELIEVE what they don't want you to know about the upcoming census!!! Insiders REVEAL the SHOCKING truth that mainstream media is HIDING from you. Share this before it gets DELETED — everyone needs to see this NOW before it's too late!,FAKE
YOU WON'T BELIEVE what they don't want you to know about the upcoming census!!! Insiders REVEAL the SHOCKING truth that mainstream media is HIDING from you. Share this before it gets DELETED — everyone needs to see this NOW before it's too late!,FAKE
Doctors HATE this one simple fact about a new trade agreement that could change your life forever! The government has been covering this up for decades and NOW the truth is finally coming out. Forward this to everyone you know before they take it down!,FAKE
Doctors HATE this one simple fact about a public transportation overhaul that could change your life forever! The government has been covering this up for decades and NOW the truth is finally coming out. Forward this to everyone you know before they take it down!,FAKE
A report published by the Associated Press on a major merger between two airlines shows a change of 1.3% compared to last year. The data was compiled from 212 separate regional offices and reviewed by independent economists before release. Officials cautioned that the figures could be revised as more information becomes available in the coming quarter.,REAL
YOU WON'T BELIEVE what they don't want you to know about a new labor law!!! Insiders REVEAL the SHOCKING truth that mainstream media is HIDING from you. Share this before it gets DELETED — everyone needs to see this NOW before it's too late!,FAKE
"According to a Treasury Department spokesperson, the housing market has been under review since early this year, with a formal decision expected by the end of the 4-month evaluation period. The agency said it would publish its full findings once the review concludes, in line with standard procedure.",REAL
"BREAKING: Secret documents EXPOSE the real agenda behind a new trade agreement. A whistleblower who wishes to remain anonymous says this changes EVERYTHING. Wake up, people — they have been LYING to us for years and this PROVES it beyond any doubt!",FAKE
SHOCKING new evidence about the tech industry that NO ONE is talking about! A source close to the situation says this is just the tip of the iceberg. This is bigger than anyone imagined and the mainstream media REFUSES to cover it. Wake up and share NOW!,FAKE
"BREAKING: Secret documents EXPOSE the real agenda behind the presidential election. A whistleblower who wishes to remain anonymous says this changes EVERYTHING. Wake up, people — they have been LYING to us for years and this PROVES it beyond any doubt!",FAKE
SHOCKING new evidence about a new trade agreement that NO ONE is talking about! A source close to the situation says this is just the tip of the iceberg. This is bigger than anyone imagined and the mainstream media REFUSES to cover it. Wake up and share NOW!,FAKE
SHOCKING new evidence about the upcoming census that NO ONE is talking about! A source close to the situation says this is just the tip of the iceberg. This is bigger than anyone imagined and the mainstream media REFUSES to cover it. Wake up and share NOW!,FAKE
A report published by a spokesperson for the White House on the economy shows a change of 5.6% compared to last year. The data was compiled from 137 separate regional offices and reviewed by independent economists before release. Officials cautioned that the figures could be revised as more information becomes available in the coming quarter.,REAL
"According to the National Weather Service, renewable energy investment has been under review since early this year, with a formal decision expected by the end of the 4-month evaluation period. The agency said it would publish its full findings once the review concludes, in line with standard procedure.",REAL
"According to the National Weather Service, the housing market has been under review since early this year, with a formal decision expected by the end of the 20-month evaluation period. The agency said it would publish its full findings once the review concludes, in line with standard procedure.",REAL
"According to Reuters, renewable energy investment has been under review since early this year, with a formal decision expected by the end of the 18-month evaluation period. The agency said it would publish its full findings once the review concludes, in line with standard procedure.",REAL
A report published by a court filing on the economy shows a change of 2.7% compared to last year. The data was compiled from 202 separate regional offices and reviewed by independent economists before release. Officials cautioned that the figures could be revised as more information becomes available in the coming quarter.,REAL
SHOCKING new evidence about a new labor law that NO ONE is talking about! A source close to the situation says this is just the tip of the iceberg. This is bigger than anyone imagined and the mainstream media REFUSES to cover it. Wake up and share NOW!,FAKE
SHOCKING new evidence about the central bank's interest rate decision that NO ONE is talking about! A source close to the situation says this is just the tip of the iceberg. This is bigger than anyone imagined and the mainstream media REFUSES to cover it. Wake up and share NOW!,FAKE
SHOCKING new evidence about a public transportation overhaul that NO ONE is talking about! A source close to the situation says this is just the tip of the iceberg. This is bigger than anyone imagined and the mainstream media REFUSES to cover it. Wake up and share NOW!,FAKE
SHOCKING new evidence about the defense budget that NO ONE is talking about! A source close to the situation says this is just the tip of the iceberg. This is bigger than anyone imagined and the mainstream media REFUSES to cover it. Wake up and share NOW!,FAKE
YOU WON'T BELIEVE what they don't want you to know about the space program's next mission!!! Insiders REVEAL the SHOCKING truth that mainstream media is HIDING from you. Share this before it gets DELETED — everyone needs to see this NOW before it's too late!,FAKE
"Lawmakers debated a new trade agreement for several hours on Tuesday before reaching a preliminary agreement. the National Weather Service said the next formal vote is scheduled within 8 weeks. Several committee members requested additional data before final approval, and a public comment period will follow.",REAL
Doctors HATE this one simple fact about a new labor law that could change your life forever! The government has been covering this up for decades and NOW the truth is finally coming out. Forward this to everyone you know before they take it down!,FAKE
A report published by the Bureau of Labor Statistics on the central bank's interest rate decision shows a change of 9.1% compared to last year. The data was compiled from 316 separate regional offices and reviewed by independent economists before release. Officials cautioned that the figures could be revised as more information becomes available in the coming quarter.,REAL
Doctors HATE this one simple fact about the space program's next mission that could change your life forever! The government has been covering this up for decades and NOW the truth is finally coming out. Forward this to everyone you know before they take it down!,FAKE
"According to the Bureau of Labor Statistics, the upcoming census has been under review since early this year, with a formal decision expected by the end of the 4-month evaluation period. The agency said it would publish its full findings once the review concludes, in line with standard procedure.",REAL
SHOCKING new evidence about the economy that NO ONE is talking about! A source close to the situation says this is just the tip of the iceberg. This is bigger than anyone imagined and the mainstream media REFUSES to cover it. Wake up and share NOW!,FAKE
Doctors HATE this one simple fact about a public transportation overhaul that could change your life forever! The government has been covering this up for decades and NOW the truth is finally coming out. Forward this to everyone you know before they take it down!,FAKE
"According to a court filing, the agriculture subsidy program has been under review since early this year, with a formal decision expected by the end of the 1-month evaluation period. The agency said it would publish its full findings once the review concludes, in line with standard procedure.",REAL
"Officials confirmed on Friday that the state of the judiciary will move forward after a review by the Bureau of Labor Statistics, according to a statement released this week. The measure passed with a vote of 212 to 288, and is expected to take effect over the next 14 months. Analysts at several independent research firms said the impact would likely be gradual, citing prior similar measures.",REAL
"Lawmakers debated the space program's next mission for several hours on Friday before reaching a preliminary agreement. the Bureau of Labor Statistics said the next formal vote is scheduled within 5 weeks. Several committee members requested additional data before final approval, and a public comment period will follow.",REAL
"BREAKING: Secret documents EXPOSE the real agenda behind the state of the judiciary. A whistleblower who wishes to remain anonymous says this changes EVERYTHING. Wake up, people — they have been LYING to us for years and this PROVES it beyond any doubt!",FAKE
Doctors HATE this one simple fact about the space program's next mission that could change your life forever! The government has been covering this up for decades and NOW the truth is finally coming out. Forward this to everyone you know before they take it down!,FAKE
Doctors HATE this one simple fact about the central bank's interest rate decision that could change your life forever! The government has been covering this up for decades and NOW the truth is finally coming out. Forward this to everyone you know before they take it down!,FAKE
"BREAKING: Secret documents EXPOSE the real agenda behind a major merger between two airlines. A whistleblower who wishes to remain anonymous says this changes EVERYTHING. Wake up, people — they have been LYING to us for years and this PROVES it beyond any doubt!",FAKE
"Officials confirmed on Friday that the tech industry will move forward after a review by the Federal Reserve, according to a statement released this week. The measure passed with a vote of 216 to 113, and is expected to take effect over the next 15 months. Analysts at several independent research firms said the impact would likely be gradual, citing prior similar measures.",REAL
A report published by the Associated Press on the presidential election shows a change of 9.1% compared to last year. The data was compiled from 160 separate regional offices and reviewed by independent economists before release. Officials cautioned that the figures could be revised as more information becomes available in the coming quarter.,REAL
SHOCKING new evidence about immigration reform that NO ONE is talking about! A source close to the situation says this is just the tip of the iceberg. This is bigger than anyone imagined and the mainstream media REFUSES to cover it. Wake up and share NOW!,FAKE
YOU WON'T BELIEVE what they don't want you to know about renewable energy investment!!! Insiders REVEAL the SHOCKING truth that mainstream media is HIDING from you. Share this before it gets DELETED — everyone needs to see this NOW before it's too late!,FAKE
"Lawmakers debated the education budget for several hours on Thursday before reaching a preliminary agreement. the Department of Health said the next formal vote is scheduled within 7 weeks. Several committee members requested additional data before final approval, and a public comment period will follow.",REAL
Doctors HATE this one simple fact about the presidential election that could change your life forever! The government has been covering this up for decades and NOW the truth is finally coming out. Forward this to everyone you know before they take it down!,FAKE
SHOCKING new evidence about the upcoming census that NO ONE is talking about! A source close to the situation says this is just the tip of the iceberg. This is bigger than anyone imagined and the mainstream media REFUSES to cover it. Wake up and share NOW!,FAKE
"According to the Department of Health, the central bank's interest rate decision has been under review since early this year, with a formal decision expected by the end of the 1-month evaluation period. The agency said it would publish its full findings once the review concludes, in line with standard procedure.",REAL
"According to the Bureau of Labor Statistics, a major merger between two airlines has been under review since early this year, with a formal decision expected by the end of the 9-month evaluation period. The agency said it would publish its full findings once the review concludes, in line with standard procedure.",REAL
"Officials confirmed on Tuesday that the housing market will move forward after a review by the Federal Reserve, according to a statement released this week. The measure passed with a vote of 38 to 295, and is expected to take effect over the next 8 months. Analysts at several independent research firms said the impact would likely be gradual, citing prior similar measures.",REAL
A report published by the National Weather Service on the space program's next mission shows a change of 8.6% compared to last year. The data was compiled from 26 separate regional offices and reviewed by independent economists before release. Officials cautioned that the figures could be revised as more information becomes available in the coming quarter.,REAL
SHOCKING new evidence about the central bank's interest rate decision that NO ONE is talking about! A source close to the situation says this is just the tip of the iceberg. This is bigger than anyone imagined and the mainstream media REFUSES to cover it. Wake up and share NOW!,FAKE
"Officials confirmed on Friday that the education budget will move forward after a review by the Bureau of Labor Statistics, according to a statement released this week. The measure passed with a vote of 66 to 243, and is expected to take effect over the next 22 months. Analysts at several independent research firms said the impact would likely be gradual, citing prior similar measures.",REAL
"Officials confirmed on Tuesday that the central bank's interest rate decision will move forward after a review by the Department of Health, according to a statement released this week. The measure passed with a vote of 370 to 59, and is expected to take effect over the next 16 months. Analysts at several independent research firms said the impact would likely be gradual, citing prior similar measures.",REAL
SHOCKING new evidence about the central bank's interest rate decision that NO ONE is talking about! A source close to the situation says this is just the tip of the iceberg. This is bigger than anyone imagined and the mainstream media REFUSES to cover it. Wake up and share NOW!,FAKE
SHOCKING new evidence about the central bank's interest rate decision that NO ONE is talking about! A source close to the situation says this is just the tip of the iceberg. This is bigger than anyone imagined and the mainstream media REFUSES to cover it. Wake up and share NOW!,FAKE
YOU WON'T BELIEVE what they don't want you to know about climate policy!!! Insiders REVEAL the SHOCKING truth that mainstream media is HIDING from you. Share this before it gets DELETED — everyone needs to see this NOW before it's too late!,FAKE
A report published by a Treasury Department spokesperson on the central bank's interest rate decision shows a change of 3.0% compared to last year. The data was compiled from 29 separate regional offices and reviewed by independent economists before release. Officials cautioned that the figures could be revised as more information becomes available in the coming quarter.,REAL
"Officials confirmed on Monday that immigration reform will move forward after a review by the Department of Health, according to a statement released this week. The measure passed with a vote of 87 to 23, and is expected to take effect over the next 19 months. Analysts at several independent research firms said the impact would likely be gradual, citing prior similar measures.",REAL
SHOCKING new evidence about a new labor law that NO ONE is talking about! A source close to the situation says this is just the tip of the iceberg. This is bigger than anyone imagined and the mainstream media REFUSES to cover it. Wake up and share NOW!,FAKE
YOU WON'T BELIEVE what they don't want you to know about the education budget!!! Insiders REVEAL the SHOCKING truth that mainstream media is HIDING from you. Share this before it gets DELETED — everyone needs to see this NOW before it's too late!,FAKE
"Lawmakers debated the economy for several hours on Thursday before reaching a preliminary agreement. the Federal Reserve said the next formal vote is scheduled within 13 weeks. Several committee members requested additional data before final approval, and a public comment period will follow.",REAL
Doctors HATE this one simple fact about the state of the judiciary that could change your life forever! The government has been covering this up for decades and NOW the truth is finally coming out. Forward this to everyone you know before they take it down!,FAKE
"Officials confirmed on Monday that a major merger between two airlines will move forward after a review by a Treasury Department spokesperson, according to a statement released this week. The measure passed with a vote of 310 to 277, and is expected to take effect over the next 1 months. Analysts at several independent research firms said the impact would likely be gradual, citing prior similar measures.",REAL
"Officials confirmed on Tuesday that the state of the judiciary will move forward after a review by the Department of Health, according to a statement released this week. The measure passed with a vote of 87 to 46, and is expected to take effect over the next 23 months. Analysts at several independent research firms said the impact would likely be gradual, citing prior similar measures.",REAL
A report published by the Bureau of Labor Statistics on the state of the judiciary shows a change of 1.5% compared to last year. The data was compiled from 337 separate regional offices and reviewed by independent economists before release. Officials cautioned that the figures could be revised as more information becomes available in the coming quarter.,REAL
YOU WON'T BELIEVE what they don't want you to know about climate policy!!! Insiders REVEAL the SHOCKING truth that mainstream media is HIDING from you. Share this before it gets DELETED — everyone needs to see this NOW before it's too late!,FAKE
Doctors HATE this one simple fact about the presidential election that could change your life forever! The government has been covering this up for decades and NOW the truth is finally coming out. Forward this to everyone you know before they take it down!,FAKE
YOU WON'T BELIEVE what they don't want you to know about a major merger between two airlines!!! Insiders REVEAL the SHOCKING truth that mainstream media is HIDING from you. Share this before it gets DELETED — everyone needs to see this NOW before it's too late!,FAKE
"BREAKING: Secret documents EXPOSE the real agenda behind a new labor law. A whistleblower who wishes to remain anonymous says this changes EVERYTHING. Wake up, people — they have been LYING to us for years and this PROVES it beyond any doubt!",FAKE
YOU WON'T BELIEVE what they don't want you to know about a public transportation overhaul!!! Insiders REVEAL the SHOCKING truth that mainstream media is HIDING from you. Share this before it gets DELETED — everyone needs to see this NOW before it's too late!,FAKE
A report published by the Federal Reserve on the national vaccine rollout shows a change of 11.5% compared to last year. The data was compiled from 4 separate regional offices and reviewed by independent economists before release. Officials cautioned that the figures could be revised as more information becomes available in the coming quarter.,REAL
YOU WON'T BELIEVE what they don't want you to know about the agriculture subsidy program!!! Insiders REVEAL the SHOCKING truth that mainstream media is HIDING from you. Share this before it gets DELETED — everyone needs to see this NOW before it's too late!,FAKE
SHOCKING new evidence about renewable energy investment that NO ONE is talking about! A source close to the situation says this is just the tip of the iceberg. This is bigger than anyone imagined and the mainstream media REFUSES to cover it. Wake up and share NOW!,FAKE
YOU WON'T BELIEVE what they don't want you to know about the housing market!!! Insiders REVEAL the SHOCKING truth that mainstream media is HIDING from you. Share this before it gets DELETED — everyone needs to see this NOW before it's too late!,FAKE
Doctors HATE this one simple fact about the central bank's interest rate decision that could change your life forever! The government has been covering this up for decades and NOW the truth is finally coming out. Forward this to everyone you know before they take it down!,FAKE
"According to the Department of Health, climate policy has been under review since early this year, with a formal decision expected by the end of the 5-month evaluation period. The agency said it would publish its full findings once the review concludes, in line with standard procedure.",REAL
YOU WON'T BELIEVE what they don't want you to know about the agriculture subsidy program!!! Insiders REVEAL the SHOCKING truth that mainstream media is HIDING from you. Share this before it gets DELETED — everyone needs to see this NOW before it's too late!,FAKE
"Officials confirmed on Wednesday that the space program's next mission will move forward after a review by a court filing, according to a statement released this week. The measure passed with a vote of 338 to 17, and is expected to take effect over the next 6 months. Analysts at several independent research firms said the impact would likely be gradual, citing prior similar measures.",REAL
A report published by the Congressional Budget Office on renewable energy investment shows a change of 4.9% compared to last year. The data was compiled from 234 separate regional offices and reviewed by independent economists before release. Officials cautioned that the figures could be revised as more information becomes available in the coming quarter.,REAL
"Lawmakers debated the space program's next mission for several hours on Friday before reaching a preliminary agreement. a Treasury Department spokesperson said the next formal vote is scheduled within 10 weeks. Several committee members requested additional data before final approval, and a public comment period will follow.",REAL
"Officials confirmed on Tuesday that climate policy will move forward after a review by a Treasury Department spokesperson, according to a statement released this week. The measure passed with a vote of 232 to 239, and is expected to take effect over the next 11 months. Analysts at several independent research firms said the impact would likely be gradual, citing prior similar measures.",REAL
"Officials confirmed on Thursday that the new healthcare bill will move forward after a review by a spokesperson for the White House, according to a statement released this week. The measure passed with a vote of 144 to 285, and is expected to take effect over the next 9 months. Analysts at several independent research firms said the impact would likely be gradual, citing prior similar measures.",REAL
YOU WON'T BELIEVE what they don't want you to know about the education budget!!! Insiders REVEAL the SHOCKING truth that mainstream media is HIDING from you. Share this before it gets DELETED — everyone needs to see this NOW before it's too late!,FAKE
A report published by the National Weather Service on immigration reform shows a change of 4.6% compared to last year. The data was compiled from 94 separate regional offices and reviewed by independent economists before release. Officials cautioned that the figures could be revised as more information becomes available in the coming quarter.,REAL
"Officials confirmed on Tuesday that the education budget will move forward after a review by the National Weather Service, according to a statement released this week. The measure passed with a vote of 274 to 150, and is expected to take effect over the next 13 months. Analysts at several independent research firms said the impact would likely be gradual, citing prior similar measures.",REAL
"BREAKING: Secret documents EXPOSE the real agenda behind a public transportation overhaul. A whistleblower who wishes to remain anonymous says this changes EVERYTHING. Wake up, people — they have been LYING to us for years and this PROVES it beyond any doubt!",FAKE
"BREAKING: Secret documents EXPOSE the real agenda behind a major merger between two airlines. A whistleblower who wishes to remain anonymous says this changes EVERYTHING. Wake up, people — they have been LYING to us for years and this PROVES it beyond any doubt!",FAKE
SHOCKING new evidence about the state of the judiciary that NO ONE is talking about! A source close to the situation says this is just the tip of the iceberg. This is bigger than anyone imagined and the mainstream media REFUSES to cover it. Wake up and share NOW!,FAKE
"Lawmakers debated the education budget for several hours on Friday before reaching a preliminary agreement. the National Weather Service said the next formal vote is scheduled within 6 weeks. Several committee members requested additional data before final approval, and a public comment period will follow.",REAL
SHOCKING new evidence about renewable energy investment that NO ONE is talking about! A source close to the situation says this is just the tip of the iceberg. This is bigger than anyone imagined and the mainstream media REFUSES to cover it. Wake up and share NOW!,FAKE
YOU WON'T BELIEVE what they don't want you to know about the housing market!!! Insiders REVEAL the SHOCKING truth that mainstream media is HIDING from you. Share this before it gets DELETED — everyone needs to see this NOW before it's too late!,FAKE
"BREAKING: Secret documents EXPOSE the real agenda behind the national vaccine rollout. A whistleblower who wishes to remain anonymous says this changes EVERYTHING. Wake up, people — they have been LYING to us for years and this PROVES it beyond any doubt!",FAKE
Doctors HATE this one simple fact about renewable energy investment that could change your life forever! The government has been covering this up for decades and NOW the truth is finally coming out. Forward this to everyone you know before they take it down!,FAKE
SHOCKING new evidence about a major merger between two airlines that NO ONE is talking about! A source close to the situation says this is just the tip of the iceberg. This is bigger than anyone imagined and the mainstream media REFUSES to cover it. Wake up and share NOW!,FAKE
Doctors HATE this one simple fact about the state of the judiciary that could change your life forever! The government has been covering this up for decades and NOW the truth is finally coming out. Forward this to everyone you know before they take it down!,FAKE
"Officials confirmed on Wednesday that the space program's next mission will move forward after a review by Reuters, according to a statement released this week. The measure passed with a vote of 242 to 233, and is expected to take effect over the next 17 months. Analysts at several independent research firms said the impact would likely be gradual, citing prior similar measures.",REAL
"BREAKING: Secret documents EXPOSE the real agenda behind the housing market. A whistleblower who wishes to remain anonymous says this changes EVERYTHING. Wake up, people — they have been LYING to us for years and this PROVES it beyond any doubt!",FAKE
"BREAKING: Secret documents EXPOSE the real agenda behind climate policy. A whistleblower who wishes to remain anonymous says this changes EVERYTHING. Wake up, people — they have been LYING to us for years and this PROVES it beyond any doubt!",FAKE
"According to the Bureau of Labor Statistics, a new trade agreement has been under review since early this year, with a formal decision expected by the end of the 19-month evaluation period. The agency said it would publish its full findings once the review concludes, in line with standard procedure.",REAL
"BREAKING: Secret documents EXPOSE the real agenda behind the national vaccine rollout. A whistleblower who wishes to remain anonymous says this changes EVERYTHING. Wake up, people — they have been LYING to us for years and this PROVES it beyond any doubt!",FAKE
"Lawmakers debated the state of the judiciary for several hours on Friday before reaching a preliminary agreement. the National Weather Service said the next formal vote is scheduled within 12 weeks. Several committee members requested additional data before final approval, and a public comment period will follow.",REAL
"Lawmakers debated the space program's next mission for several hours on Friday before reaching a preliminary agreement. a court filing said the next formal vote is scheduled within 21 weeks. Several committee members requested additional data before final approval, and a public comment period will follow.",REAL
"According to Reuters, immigration reform has been under review since early this year, with a formal decision expected by the end of the 7-month evaluation period. The agency said it would publish its full findings once the review concludes, in line with standard procedure.",REAL
SHOCKING new evidence about a public transportation overhaul that NO ONE is talking about! A source close to the situation says this is just the tip of the iceberg. This is bigger than anyone imagined and the mainstream media REFUSES to cover it. Wake up and share NOW!,FAKE
A report published by the Department of Health on a new trade agreement shows a change of 6.9% compared to last year. The data was compiled from 152 separate regional offices and reviewed by independent economists before release. Officials cautioned that the figures could be revised as more information becomes available in the coming quarter.,REAL
Doctors HATE this one simple fact about a new labor law that could change your life forever! The government has been covering this up for decades and NOW the truth is finally coming out. Forward this to everyone you know before they take it down!,FAKE
"According to the Bureau of Labor Statistics, the agriculture subsidy program has been under review since early this year, with a formal decision expected by the end of the 5-month evaluation period. The agency said it would publish its full findings once the review concludes, in line with standard procedure.",REAL
"Officials confirmed on Monday that the central bank's interest rate decision will move forward after a review by the Congressional Budget Office, according to a statement released this week. The measure passed with a vote of 24 to 2, and is expected to take effect over the next 11 months. Analysts at several independent research firms said the impact would likely be gradual, citing prior similar measures.",REAL
"BREAKING: Secret documents EXPOSE the real agenda behind climate policy. A whistleblower who wishes to remain anonymous says this changes EVERYTHING. Wake up, people — they have been LYING to us for years and this PROVES it beyond any doubt!",FAKE
SHOCKING new evidence about renewable energy investment that NO ONE is talking about! A source close to the situation says this is just the tip of the iceberg. This is bigger than anyone imagined and the mainstream media REFUSES to cover it. Wake up and share NOW!,FAKE
"According to the Congressional Budget Office, the presidential election has been under review since early this year, with a formal decision expected by the end of the 1-month evaluation period. The agency said it would publish its full findings once the review concludes, in line with standard procedure.",REAL
A report published by the Department of Health on the central bank's interest rate decision shows a change of 2.1% compared to last year. The data was compiled from 233 separate regional offices and reviewed by independent economists before release. Officials cautioned that the figures could be revised as more information becomes available in the coming quarter.,REAL
"Lawmakers debated renewable energy investment for several hours on Monday before reaching a preliminary agreement. the Congressional Budget Office said the next formal vote is scheduled within 22 weeks. Several committee members requested additional data before final approval, and a public comment period will follow.",REAL
A report published by the Congressional Budget Office on the national vaccine rollout shows a change of 12.1% compared to last year. The data was compiled from 118 separate regional offices and reviewed by independent economists before release. Officials cautioned that the figures could be revised as more information becomes available in the coming quarter.,REAL
"Officials confirmed on Monday that a new labor law will move forward after a review by a Treasury Department spokesperson, according to a statement released this week. The measure passed with a vote of 157 to 85, and is expected to take effect over the next 6 months. Analysts at several independent research firms said the impact would likely be gradual, citing prior similar measures.",REAL
SHOCKING new evidence about the agriculture subsidy program that NO ONE is talking about! A source close to the situation says this is just the tip of the iceberg. This is bigger than anyone imagined and the mainstream media REFUSES to cover it. Wake up and share NOW!,FAKE
SHOCKING new evidence about a public transportation overhaul that NO ONE is talking about! A source close to the situation says this is just the tip of the iceberg. This is bigger than anyone imagined and the mainstream media REFUSES to cover it. Wake up and share NOW!,FAKE
"BREAKING: Secret documents EXPOSE the real agenda behind the education budget. A whistleblower who wishes to remain anonymous says this changes EVERYTHING. Wake up, people — they have been LYING to us for years and this PROVES it beyond any doubt!",FAKE
"According to a Treasury Department spokesperson, the agriculture subsidy program has been under review since early this year, with a formal decision expected by the end of the 13-month evaluation period. The agency said it would publish its full findings once the review concludes, in line with standard procedure.",REAL
"According to the Federal Reserve, the new healthcare bill has been under review since early this year, with a formal decision expected by the end of the 3-month evaluation period. The agency said it would publish its full findings once the review concludes, in line with standard procedure.",REAL
"BREAKING: Secret documents EXPOSE the real agenda behind the defense budget. A whistleblower who wishes to remain anonymous says this changes EVERYTHING. Wake up, people — they have been LYING to us for years and this PROVES it beyond any doubt!",FAKE
"Lawmakers debated the defense budget for several hours on Thursday before reaching a preliminary agreement. a Treasury Department spokesperson said the next formal vote is scheduled within 16 weeks. Several committee members requested additional data before final approval, and a public comment period will follow.",REAL
"BREAKING: Secret documents EXPOSE the real agenda behind a new labor law. A whistleblower who wishes to remain anonymous says this changes EVERYTHING. Wake up, people — they have been LYING to us for years and this PROVES it beyond any doubt!",FAKE
SHOCKING new evidence about a major merger between two airlines that NO ONE is talking about! A source close to the situation says this is just the tip of the iceberg. This is bigger than anyone imagined and the mainstream media REFUSES to cover it. Wake up and share NOW!,FAKE
Doctors HATE this one simple fact about a public transportation overhaul that could change your life forever! The government has been covering this up for decades and NOW the truth is finally coming out. Forward this to everyone you know before they take it down!,FAKE
"According to the Bureau of Labor Statistics, the upcoming census has been under review since early this year, with a formal decision expected by the end of the 5-month evaluation period. The agency said it would publish its full findings once the review concludes, in line with standard procedure.",REAL
Doctors HATE this one simple fact about the state of the judiciary that could change your life forever! The government has been covering this up for decades and NOW the truth is finally coming out. Forward this to everyone you know before they take it down!,FAKE
"According to the National Weather Service, the economy has been under review since early this year, with a formal decision expected by the end of the 16-month evaluation period. The agency said it would publish its full findings once the review concludes, in line with standard procedure.",REAL
"BREAKING: Secret documents EXPOSE the real agenda behind a major merger between two airlines. A whistleblower who wishes to remain anonymous says this changes EVERYTHING. Wake up, people — they have been LYING to us for years and this PROVES it beyond any doubt!",FAKE
"BREAKING: Secret documents EXPOSE the real agenda behind the economy. A whistleblower who wishes to remain anonymous says this changes EVERYTHING. Wake up, people — they have been LYING to us for years and this PROVES it beyond any doubt!",FAKE
Doctors HATE this one simple fact about a public transportation overhaul that could change your life forever! The government has been covering this up for decades and NOW the truth is finally coming out. Forward this to everyone you know before they take it down!,FAKE
"According to the Congressional Budget Office, the upcoming census has been under review since early this year, with a formal decision expected by the end of the 11-month evaluation period. The agency said it would publish its full findings once the review concludes, in line with standard procedure.",REAL
"Lawmakers debated the national vaccine rollout for several hours on Friday before reaching a preliminary agreement. Reuters said the next formal vote is scheduled within 1 weeks. Several committee members requested additional data before final approval, and a public comment period will follow.",REAL
Doctors HATE this one simple fact about a public transportation overhaul that could change your life forever! The government has been covering this up for decades and NOW the truth is finally coming out. Forward this to everyone you know before they take it down!,FAKE
"Officials confirmed on Tuesday that a major merger between two airlines will move forward after a review by a court filing, according to a statement released this week. The measure passed with a vote of 224 to 46, and is expected to take effect over the next 3 months. Analysts at several independent research firms said the impact would likely be gradual, citing prior similar measures.",REAL
"Lawmakers debated a new labor law for several hours on Friday before reaching a preliminary agreement. the Federal Reserve said the next formal vote is scheduled within 5 weeks. Several committee members requested additional data before final approval, and a public comment period will follow.",REAL
Doctors HATE this one simple fact about the new healthcare bill that could change your life forever! The government has been covering this up for decades and NOW the truth is finally coming out. Forward this to everyone you know before they take it down!,FAKE
"BREAKING: Secret documents EXPOSE the real agenda behind immigration reform. A whistleblower who wishes to remain anonymous says this changes EVERYTHING. Wake up, people — they have been LYING to us for years and this PROVES it beyond any doubt!",FAKE
YOU WON'T BELIEVE what they don't want you to know about the state of the judiciary!!! Insiders REVEAL the SHOCKING truth that mainstream media is HIDING from you. Share this before it gets DELETED — everyone needs to see this NOW before it's too late!,FAKE
"BREAKING: Secret documents EXPOSE the real agenda behind the presidential election. A whistleblower who wishes to remain anonymous says this changes EVERYTHING. Wake up, people — they have been LYING to us for years and this PROVES it beyond any doubt!",FAKE
"According to Reuters, the economy has been under review since early this year, with a formal decision expected by the end of the 10-month evaluation period. The agency said it would publish its full findings once the review concludes, in line with standard procedure.",REAL
YOU WON'T BELIEVE what they don't want you to know about the upcoming census!!! Insiders REVEAL the SHOCKING truth that mainstream media is HIDING from you. Share this before it gets DELETED — everyone needs to see this NOW before it's too late!,FAKE
"Lawmakers debated a new labor law for several hours on Tuesday before reaching a preliminary agreement. a court filing said the next formal vote is scheduled within 24 weeks. Several committee members requested additional data before final approval, and a public comment period will follow.",REAL
"Lawmakers debated renewable energy investment for several hours on Tuesday before reaching a preliminary agreement. a Treasury Department spokesperson said the next formal vote is scheduled within 3 weeks. Several committee members requested additional data before final approval, and a public comment period will follow.",REAL
"BREAKING: Secret documents EXPOSE the real agenda behind the education budget. A whistleblower who wishes to remain anonymous says this changes EVERYTHING. Wake up, people — they have been LYING to us for years and this PROVES it beyond any doubt!",FAKE
SHOCKING new evidence about a new labor law that NO ONE is talking about! A source close to the situation says this is just the tip of the iceberg. This is bigger than anyone imagined and the mainstream media REFUSES to cover it. Wake up and share NOW!,FAKE
"Officials confirmed on Friday that the new healthcare bill will move forward after a review by the Department of Health, according to a statement released this week. The measure passed with a vote of 274 to 220, and is expected to take effect over the next 22 months. Analysts at several independent research firms said the impact would likely be gradual, citing prior similar measures.",REAL
"BREAKING: Secret documents EXPOSE the real agenda behind a new trade agreement. A whistleblower who wishes to remain anonymous says this changes EVERYTHING. Wake up, people — they have been LYING to us for years and this PROVES it beyond any doubt!",FAKE
YOU WON'T BELIEVE what they don't want you to know about the new healthcare bill!!! Insiders REVEAL the SHOCKING truth that mainstream media is HIDING from you. Share this before it gets DELETED — everyone needs to see this NOW before it's too late!,FAKE
YOU WON'T BELIEVE what they don't want you to know about the national vaccine rollout!!! Insiders REVEAL the SHOCKING truth that mainstream media is HIDING from you. Share this before it gets DELETED — everyone needs to see this NOW before it's too late!,FAKE
SHOCKING new evidence about renewable energy investment that NO ONE is talking about! A source close to the situation says this is just the tip of the iceberg. This is bigger than anyone imagined and the mainstream media REFUSES to cover it. Wake up and share NOW!,FAKE
"According to the Department of Health, renewable energy investment has been under review since early this year, with a formal decision expected by the end of the 18-month evaluation period. The agency said it would publish its full findings once the review concludes, in line with standard procedure.",REAL
"Officials confirmed on Wednesday that the presidential election will move forward after a review by the Department of Health, according to a statement released this week. The measure passed with a vote of 125 to 54, and is expected to take effect over the next 19 months. Analysts at several independent research firms said the impact would likely be gradual, citing prior similar measures.",REAL
"BREAKING: Secret documents EXPOSE the real agenda behind the upcoming census. A whistleblower who wishes to remain anonymous says this changes EVERYTHING. Wake up, people — they have been LYING to us for years and this PROVES it beyond any doubt!",FAKE
"Officials confirmed on Thursday that renewable energy investment will move forward after a review by a Treasury Department spokesperson, according to a statement released this week. The measure passed with a vote of 362 to 229, and is expected to take effect over the next 20 months. Analysts at several independent research firms said the impact would likely be gradual, citing prior similar measures.",REAL
SHOCKING new evidence about the state of the judiciary that NO ONE is talking about! A source close to the situation says this is just the tip of the iceberg. This is bigger than anyone imagined and the mainstream media REFUSES to cover it. Wake up and share NOW!,FAKE
"Officials confirmed on Tuesday that the upcoming census will move forward after a review by a Treasury Department spokesperson, according to a statement released this week. The measure passed with a vote of 49 to 170, and is expected to take effect over the next 4 months. Analysts at several independent research firms said the impact would likely be gradual, citing prior similar measures.",REAL
A report published by the Associated Press on a new labor law shows a change of 6.9% compared to last year. The data was compiled from 51 separate regional offices and reviewed by independent economists before release. Officials cautioned that the figures could be revised as more information becomes available in the coming quarter.,REAL
Doctors HATE this one simple fact about the upcoming census that could change your life forever! The government has been covering this up for decades and NOW the truth is finally coming out. Forward this to everyone you know before they take it down!,FAKE
"Officials confirmed on Thursday that the education budget will move forward after a review by a Treasury Department spokesperson, according to a statement released this week. The measure passed with a vote of 309 to 5, and is expected to take effect over the next 8 months. Analysts at several independent research firms said the impact would likely be gradual, citing prior similar measures.",REAL
"Officials confirmed on Monday that a public transportation overhaul will move forward after a review by the Federal Reserve, according to a statement released this week. The measure passed with a vote of 46 to 248, and is expected to take effect over the next 24 months. Analysts at several independent research firms said the impact would likely be gradual, citing prior similar measures.",REAL
Doctors HATE this one simple fact about immigration reform that could change your life forever! The government has been covering this up for decades and NOW the truth is finally coming out. Forward this to everyone you know before they take it down!,FAKE
YOU WON'T BELIEVE what they don't want you to know about the education budget!!! Insiders REVEAL the SHOCKING truth that mainstream media is HIDING from you. Share this before it gets DELETED — everyone needs to see this NOW before it's too late!,FAKE
Doctors HATE this one simple fact about a new trade agreement that could change your life forever! The government has been covering this up for decades and NOW the truth is finally coming out. Forward this to everyone you know before they take it down!,FAKE
SHOCKING new evidence about a new labor law that NO ONE is talking about! A source close to the situation says this is just the tip of the iceberg. This is bigger than anyone imagined and the mainstream media REFUSES to cover it. Wake up and share NOW!,FAKE
"According to the Department of Health, a major merger between two airlines has been under review since early this year, with a formal decision expected by the end of the 14-month evaluation period. The agency said it would publish its full findings once the review concludes, in line with standard procedure.",REAL
"BREAKING: Secret documents EXPOSE the real agenda behind the defense budget. A whistleblower who wishes to remain anonymous says this changes EVERYTHING. Wake up, people — they have been LYING to us for years and this PROVES it beyond any doubt!",FAKE
"According to a Treasury Department spokesperson, the education budget has been under review since early this year, with a formal decision expected by the end of the 2-month evaluation period. The agency said it would publish its full findings once the review concludes, in line with standard procedure.",REAL
"BREAKING: Secret documents EXPOSE the real agenda behind immigration reform. A whistleblower who wishes to remain anonymous says this changes EVERYTHING. Wake up, people — they have been LYING to us for years and this PROVES it beyond any doubt!",FAKE
"According to the Federal Reserve, the education budget has been under review since early this year, with a formal decision expected by the end of the 11-month evaluation period. The agency said it would publish its full findings once the review concludes, in line with standard procedure.",REAL
"BREAKING: Secret documents EXPOSE the real agenda behind the defense budget. A whistleblower who wishes to remain anonymous says this changes EVERYTHING. Wake up, people — they have been LYING to us for years and this PROVES it beyond any doubt!",FAKE
Doctors HATE this one simple fact about a public transportation overhaul that could change your life forever! The government has been covering this up for decades and NOW the truth is finally coming out. Forward this to everyone you know before they take it down!,FAKE
SHOCKING new evidence about the new healthcare bill that NO ONE is talking about! A source close to the situation says this is just the tip of the iceberg. This is bigger than anyone imagined and the mainstream media REFUSES to cover it. Wake up and share NOW!,FAKE
YOU WON'T BELIEVE what they don't want you to know about the agriculture subsidy program!!! Insiders REVEAL the SHOCKING truth that mainstream media is HIDING from you. Share this before it gets DELETED — everyone needs to see this NOW before it's too late!,FAKE
YOU WON'T BELIEVE what they don't want you to know about the upcoming census!!! Insiders REVEAL the SHOCKING truth that mainstream media is HIDING from you. Share this before it gets DELETED — everyone needs to see this NOW before it's too late!,FAKE
"Lawmakers debated a new labor law for several hours on Tuesday before reaching a preliminary agreement. the Associated Press said the next formal vote is scheduled within 17 weeks. Several committee members requested additional data before final approval, and a public comment period will follow.",REAL
"Officials confirmed on Tuesday that the agriculture subsidy program will move forward after a review by the National Weather Service, according to a statement released this week. The measure passed with a vote of 19 to 65, and is expected to take effect over the next 3 months. Analysts at several independent research firms said the impact would likely be gradual, citing prior similar measures.",REAL
Doctors HATE this one simple fact about a public transportation overhaul that could change your life forever! The government has been covering this up for decades and NOW the truth is finally coming out. Forward this to everyone you know before they take it down!,FAKE
"Lawmakers debated the space program's next mission for several hours on Friday before reaching a preliminary agreement. a Treasury Department spokesperson said the next formal vote is scheduled within 5 weeks. Several committee members requested additional data before final approval, and a public comment period will follow.",REAL
"BREAKING: Secret documents EXPOSE the real agenda behind the upcoming census. A whistleblower who wishes to remain anonymous says this changes EVERYTHING. Wake up, people — they have been LYING to us for years and this PROVES it beyond any doubt!",FAKE
SHOCKING new evidence about a new trade agreement that NO ONE is talking about! A source close to the situation says this is just the tip of the iceberg. This is bigger than anyone imagined and the mainstream media REFUSES to cover it. Wake up and share NOW!,FAKE
"Officials confirmed on Thursday that the tech industry will move forward after a review by a court filing, according to a statement released this week. The measure passed with a vote of 104 to 135, and is expected to take effect over the next 17 months. Analysts at several independent research firms said the impact would likely be gradual, citing prior similar measures.",REAL
A report published by the Bureau of Labor Statistics on a new trade agreement shows a change of 2.2% compared to last year. The data was compiled from 391 separate regional offices and reviewed by independent economists before release. Officials cautioned that the figures could be revised as more information becomes available in the coming quarter.,REAL
"BREAKING: Secret documents EXPOSE the real agenda behind the economy. A whistleblower who wishes to remain anonymous says this changes EVERYTHING. Wake up, people — they have been LYING to us for years and this PROVES it beyond any doubt!",FAKE
"Officials confirmed on Friday that climate policy will move forward after a review by the Congressional Budget Office, according to a statement released this week. The measure passed with a vote of 44 to 83, and is expected to take effect over the next 9 months. Analysts at several independent research firms said the impact would likely be gradual, citing prior similar measures.",REAL
"BREAKING: Secret documents EXPOSE the real agenda behind climate policy. A whistleblower who wishes to remain anonymous says this changes EVERYTHING. Wake up, people — they have been LYING to us for years and this PROVES it beyond any doubt!",FAKE
"According to a Treasury Department spokesperson, the defense budget has been under review since early this year, with a formal decision expected by the end of the 1-month evaluation period. The agency said it would publish its full findings once the review concludes, in line with standard procedure.",REAL
"According to the Federal Reserve, the new healthcare bill has been under review since early this year, with a formal decision expected by the end of the 15-month evaluation period. The agency said it would publish its full findings once the review concludes, in line with standard procedure.",REAL
"Lawmakers debated the space program's next mission for several hours on Tuesday before reaching a preliminary agreement. the Bureau of Labor Statistics said the next formal vote is scheduled within 24 weeks. Several committee members requested additional data before final approval, and a public comment period will follow.",REAL
"According to Reuters, a major merger between two airlines has been under review since early this year, with a formal decision expected by the end of the 13-month evaluation period. The agency said it would publish its full findings once the review concludes, in line with standard procedure.",REAL
A report published by Reuters on the national vaccine rollout shows a change of 10.9% compared to last year. The data was compiled from 19 separate regional offices and reviewed by independent economists before release. Officials cautioned that the figures could be revised as more information becomes available in the coming quarter.,REAL
SHOCKING new evidence about a major merger between two airlines that NO ONE is talking about! A source close to the situation says this is just the tip of the iceberg. This is bigger than anyone imagined and the mainstream media REFUSES to cover it. Wake up and share NOW!,FAKE
"BREAKING: Secret documents EXPOSE the real agenda behind the space program's next mission. A whistleblower who wishes to remain anonymous says this changes EVERYTHING. Wake up, people — they have been LYING to us for years and this PROVES it beyond any doubt!",FAKE
YOU WON'T BELIEVE what they don't want you to know about the tech industry!!! Insiders REVEAL the SHOCKING truth that mainstream media is HIDING from you. Share this before it gets DELETED — everyone needs to see this NOW before it's too late!,FAKE
"Officials confirmed on Friday that the central bank's interest rate decision will move forward after a review by Reuters, according to a statement released this week. The measure passed with a vote of 17 to 48, and is expected to take effect over the next 7 months. Analysts at several independent research firms said the impact would likely be gradual, citing prior similar measures.",REAL
A report published by the Bureau of Labor Statistics on a public transportation overhaul shows a change of 7.7% compared to last year. The data was compiled from 54 separate regional offices and reviewed by independent economists before release. Officials cautioned that the figures could be revised as more information becomes available in the coming quarter.,REAL
"Lawmakers debated the new healthcare bill for several hours on Friday before reaching a preliminary agreement. the National Weather Service said the next formal vote is scheduled within 14 weeks. Several committee members requested additional data before final approval, and a public comment period will follow.",REAL
"Lawmakers debated the state of the judiciary for several hours on Tuesday before reaching a preliminary agreement. a Treasury Department spokesperson said the next formal vote is scheduled within 23 weeks. Several committee members requested additional data before final approval, and a public comment period will follow.",REAL
"According to Reuters, the new healthcare bill has been under review since early this year, with a formal decision expected by the end of the 17-month evaluation period. The agency said it would publish its full findings once the review concludes, in line with standard procedure.",REAL
"According to Reuters, the economy has been under review since early this year, with a formal decision expected by the end of the 24-month evaluation period. The agency said it would publish its full findings once the review concludes, in line with standard procedure.",REAL
YOU WON'T BELIEVE what they don't want you to know about climate policy!!! Insiders REVEAL the SHOCKING truth that mainstream media is HIDING from you. Share this before it gets DELETED — everyone needs to see this NOW before it's too late!,FAKE
Doctors HATE this one simple fact about the defense budget that could change your life forever! The government has been covering this up for decades and NOW the truth is finally coming out. Forward this to everyone you know before they take it down!,FAKE
A report published by the Congressional Budget Office on the education budget shows a change of 10.2% compared to last year. The data was compiled from 9 separate regional offices and reviewed by independent economists before release. Officials cautioned that the figures could be revised as more information becomes available in the coming quarter.,REAL
A report published by Reuters on the new healthcare bill shows a change of 7.1% compared to last year. The data was compiled from 295 separate regional offices and reviewed by independent economists before release. Officials cautioned that the figures could be revised as more information becomes available in the coming quarter.,REAL
"According to the National Weather Service, the defense budget has been under review since early this year, with a formal decision expected by the end of the 10-month evaluation period. The agency said it would publish its full findings once the review concludes, in line with standard procedure.",REAL
SHOCKING new evidence about the presidential election that NO ONE is talking about! A source close to the situation says this is just the tip of the iceberg. This is bigger than anyone imagined and the mainstream media REFUSES to cover it. Wake up and share NOW!,FAKE
"Officials confirmed on Monday that a new trade agreement will move forward after a review by the Congressional Budget Office, according to a statement released this week. The measure passed with a vote of 158 to 229, and is expected to take effect over the next 20 months. Analysts at several independent research firms said the impact would likely be gradual, citing prior similar measures.",REAL
"Officials confirmed on Monday that the space program's next mission will move forward after a review by the Congressional Budget Office, according to a statement released this week. The measure passed with a vote of 373 to 287, and is expected to take effect over the next 19 months. Analysts at several independent research firms said the impact would likely be gradual, citing prior similar measures.",REAL
"Officials confirmed on Tuesday that the economy will move forward after a review by a spokesperson for the White House, according to a statement released this week. The measure passed with a vote of 232 to 241, and is expected to take effect over the next 10 months. Analysts at several independent research firms said the impact would likely be gradual, citing prior similar measures.",REAL
YOU WON'T BELIEVE what they don't want you to know about the agriculture subsidy program!!! Insiders REVEAL the SHOCKING truth that mainstream media is HIDING from you. Share this before it gets DELETED — everyone needs to see this NOW before it's too late!,FAKE
"According to a spokesperson for the White House, the new healthcare bill has been under review since early this year, with a formal decision expected by the end of the 16-month evaluation period. The agency said it would publish its full findings once the review concludes, in line with standard procedure.",REAL
YOU WON'T BELIEVE what they don't want you to know about a new trade agreement!!! Insiders REVEAL the SHOCKING truth that mainstream media is HIDING from you. Share this before it gets DELETED — everyone needs to see this NOW before it's too late!,FAKE
"According to the National Weather Service, a new trade agreement has been under review since early this year, with a formal decision expected by the end of the 13-month evaluation period. The agency said it would publish its full findings once the review concludes, in line with standard procedure.",REAL
"BREAKING: Secret documents EXPOSE the real agenda behind the space program's next mission. A whistleblower who wishes to remain anonymous says this changes EVERYTHING. Wake up, people — they have been LYING to us for years and this PROVES it beyond any doubt!",FAKE
"According to a spokesperson for the White House, the economy has been under review since early this year, with a formal decision expected by the end of the 8-month evaluation period. The agency said it would publish its full findings once the review concludes, in line with standard procedure.",REAL
"Lawmakers debated a new trade agreement for several hours on Thursday before reaching a preliminary agreement. the Associated Press said the next formal vote is scheduled within 22 weeks. Several committee members requested additional data before final approval, and a public comment period will follow.",REAL
A report published by a spokesperson for the White House on a major merger between two airlines shows a change of 1.7% compared to last year. The data was compiled from 181 separate regional offices and reviewed by independent economists before release. Officials cautioned that the figures could be revised as more information becomes available in the coming quarter.,REAL
A report published by a court filing on a public transportation overhaul shows a change of 7.3% compared to last year. The data was compiled from 390 separate regional offices and reviewed by independent economists before release. Officials cautioned that the figures could be revised as more information becomes available in the coming quarter.,REAL
YOU WON'T BELIEVE what they don't want you to know about the tech industry!!! Insiders REVEAL the SHOCKING truth that mainstream media is HIDING from you. Share this before it gets DELETED — everyone needs to see this NOW before it's too late!,FAKE
SHOCKING new evidence about the presidential election that NO ONE is talking about! A source close to the situation says this is just the tip of the iceberg. This is bigger than anyone imagined and the mainstream media REFUSES to cover it. Wake up and share NOW!,FAKE
YOU WON'T BELIEVE what they don't want you to know about climate policy!!! Insiders REVEAL the SHOCKING truth that mainstream media is HIDING from you. Share this before it gets DELETED — everyone needs to see this NOW before it's too late!,FAKE
YOU WON'T BELIEVE what they don't want you to know about a new labor law!!! Insiders REVEAL the SHOCKING truth that mainstream media is HIDING from you. Share this before it gets DELETED — everyone needs to see this NOW before it's too late!,FAKE
"Officials confirmed on Thursday that renewable energy investment will move forward after a review by the Department of Health, according to a statement released this week. The measure passed with a vote of 32 to 133, and is expected to take effect over the next 9 months. Analysts at several independent research firms said the impact would likely be gradual, citing prior similar measures.",REAL
"Officials confirmed on Friday that the education budget will move forward after a review by the Bureau of Labor Statistics, according to a statement released this week. The measure passed with a vote of 372 to 19, and is expected to take effect over the next 15 months. Analysts at several independent research firms said the impact would likely be gradual, citing prior similar measures.",REAL
YOU WON'T BELIEVE what they don't want you to know about a new labor law!!! Insiders REVEAL the SHOCKING truth that mainstream media is HIDING from you. Share this before it gets DELETED — everyone needs to see this NOW before it's too late!,FAKE
A report published by a Treasury Department spokesperson on climate policy shows a change of 7.7% compared to last year. The data was compiled from 133 separate regional offices and reviewed by independent economists before release. Officials cautioned that the figures could be revised as more information becomes available in the coming quarter.,REAL
A report published by the Congressional Budget Office on the national vaccine rollout shows a change of 8.6% compared to last year. The data was compiled from 397 separate regional offices and reviewed by independent economists before release. Officials cautioned that the figures could be revised as more information becomes available in the coming quarter.,REAL
YOU WON'T BELIEVE what they don't want you to know about the defense budget!!! Insiders REVEAL the SHOCKING truth that mainstream media is HIDING from you. Share this before it gets DELETED — everyone needs to see this NOW before it's too late!,FAKE
A report published by a court filing on climate policy shows a change of 1.0% compared to last year. The data was compiled from 128 separate regional offices and reviewed by independent economists before release. Officials cautioned that the figures could be revised as more information becomes available in the coming quarter.,REAL
A report published by a court filing on the education budget shows a change of 1.0% compared to last year. The data was compiled from 4 separate regional offices and reviewed by independent economists before release. Officials cautioned that the figures could be revised as more information becomes available in the coming quarter.,REAL
"Officials confirmed on Friday that the new healthcare bill will move forward after a review by the National Weather Service, according to a statement released this week. The measure passed with a vote of 308 to 25, and is expected to take effect over the next 8 months. Analysts at several independent research firms said the impact would likely be gradual, citing prior similar measures.",REAL
"According to the Department of Health, the central bank's interest rate decision has been under review since early this year, with a formal decision expected by the end of the 9-month evaluation period. The agency said it would publish its full findings once the review concludes, in line with standard procedure.",REAL
A report published by the Federal Reserve on the space program's next mission shows a change of 3.2% compared to last year. The data was compiled from 208 separate regional offices and reviewed by independent economists before release. Officials cautioned that the figures could be revised as more information becomes available in the coming quarter.,REAL
"According to the National Weather Service, the presidential election has been under review since early this year, with a formal decision expected by the end of the 2-month evaluation period. The agency said it would publish its full findings once the review concludes, in line with standard procedure.",REAL
"Officials confirmed on Tuesday that the agriculture subsidy program will move forward after a review by a Treasury Department spokesperson, according to a statement released this week. The measure passed with a vote of 255 to 212, and is expected to take effect over the next 13 months. Analysts at several independent research firms said the impact would likely be gradual, citing prior similar measures.",REAL
"Lawmakers debated climate policy for several hours on Wednesday before reaching a preliminary agreement. a court filing said the next formal vote is scheduled within 13 weeks. Several committee members requested additional data before final approval, and a public comment period will follow.",REAL
"According to the Associated Press, the upcoming census has been under review since early this year, with a formal decision expected by the end of the 6-month evaluation period. The agency said it would publish its full findings once the review concludes, in line with standard procedure.",REAL
"According to the Bureau of Labor Statistics, the national vaccine rollout has been under review since early this year, with a formal decision expected by the end of the 2-month evaluation period. The agency said it would publish its full findings once the review concludes, in line with standard procedure.",REAL
"Lawmakers debated the central bank's interest rate decision for several hours on Thursday before reaching a preliminary agreement. a Treasury Department spokesperson said the next formal vote is scheduled within 6 weeks. Several committee members requested additional data before final approval, and a public comment period will follow.",REAL
SHOCKING new evidence about the presidential election that NO ONE is talking about! A source close to the situation says this is just the tip of the iceberg. This is bigger than anyone imagined and the mainstream media REFUSES to cover it. Wake up and share NOW!,FAKE
Doctors HATE this one simple fact about the presidential election that could change your life forever! The government has been covering this up for decades and NOW the truth is finally coming out. Forward this to everyone you know before they take it down!,FAKE
"BREAKING: Secret documents EXPOSE the real agenda behind a public transportation overhaul. A whistleblower who wishes to remain anonymous says this changes EVERYTHING. Wake up, people — they have been LYING to us for years and this PROVES it beyond any doubt!",FAKE
A report published by the Congressional Budget Office on renewable energy investment shows a change of 8.4% compared to last year. The data was compiled from 373 separate regional offices and reviewed by independent economists before release. Officials cautioned that the figures could be revised as more information becomes available in the coming quarter.,REAL
"According to the Associated Press, a new labor law has been under review since early this year, with a formal decision expected by the end of the 9-month evaluation period. The agency said it would publish its full findings once the review concludes, in line with standard procedure.",REAL
SHOCKING new evidence about the presidential election that NO ONE is talking about! A source close to the situation says this is just the tip of the iceberg. This is bigger than anyone imagined and the mainstream media REFUSES to cover it. Wake up and share NOW!,FAKE
SHOCKING new evidence about immigration reform that NO ONE is talking about! A source close to the situation says this is just the tip of the iceberg. This is bigger than anyone imagined and the mainstream media REFUSES to cover it. Wake up and share NOW!,FAKE
"BREAKING: Secret documents EXPOSE the real agenda behind the national vaccine rollout. A whistleblower who wishes to remain anonymous says this changes EVERYTHING. Wake up, people — they have been LYING to us for years and this PROVES it beyond any doubt!",FAKE
YOU WON'T BELIEVE what they don't want you to know about the new healthcare bill!!! Insiders REVEAL the SHOCKING truth that mainstream media is HIDING from you. Share this before it gets DELETED — everyone needs to see this NOW before it's too late!,FAKE
A report published by a court filing on the space program's next mission shows a change of 9.8% compared to last year. The data was compiled from 272 separate regional offices and reviewed by independent economists before release. Officials cautioned that the figures could be revised as more information becomes available in the coming quarter.,REAL
Doctors HATE this one simple fact about climate policy that could change your life forever! The government has been covering this up for decades and NOW the truth is finally coming out. Forward this to everyone you know before they take it down!,FAKE
YOU WON'T BELIEVE what they don't want you to know about the national vaccine rollout!!! Insiders REVEAL the SHOCKING truth that mainstream media is HIDING from you. Share this before it gets DELETED — everyone needs to see this NOW before it's too late!,FAKE
YOU WON'T BELIEVE what they don't want you to know about the economy!!! Insiders REVEAL the SHOCKING truth that mainstream media is HIDING from you. Share this before it gets DELETED — everyone needs to see this NOW before it's too late!,FAKE
"According to the Bureau of Labor Statistics, the new healthcare bill has been under review since early this year, with a formal decision expected by the end of the 5-month evaluation period. The agency said it would publish its full findings once the review concludes, in line with standard procedure.",REAL
Doctors HATE this one simple fact about a major merger between two airlines that could change your life forever! The government has been covering this up for decades and NOW the truth is finally coming out. Forward this to everyone you know before they take it down!,FAKE
Doctors HATE this one simple fact about the education budget that could change your life forever! The government has been covering this up for decades and NOW the truth is finally coming out. Forward this to everyone you know before they take it down!,FAKE
YOU WON'T BELIEVE what they don't want you to know about the education budget!!! Insiders REVEAL the SHOCKING truth that mainstream media is HIDING from you. Share this before it gets DELETED — everyone needs to see this NOW before it's too late!,FAKE
"Officials confirmed on Wednesday that a new labor law will move forward after a review by the Bureau of Labor Statistics, according to a statement released this week. The measure passed with a vote of 11 to 3, and is expected to take effect over the next 21 months. Analysts at several independent research firms said the impact would likely be gradual, citing prior similar measures.",REAL
YOU WON'T BELIEVE what they don't want you to know about the defense budget!!! Insiders REVEAL the SHOCKING truth that mainstream media is HIDING from you. Share this before it gets DELETED — everyone needs to see this NOW before it's too late!,FAKE
"According to the Associated Press, the central bank's interest rate decision has been under review since early this year, with a formal decision expected by the end of the 7-month evaluation period. The agency said it would publish its full findings once the review concludes, in line with standard procedure.",REAL
"Lawmakers debated the national vaccine rollout for several hours on Tuesday before reaching a preliminary agreement. the Department of Health said the next formal vote is scheduled within 4 weeks. Several committee members requested additional data before final approval, and a public comment period will follow.",REAL
Doctors HATE this one simple fact about the presidential election that could change your life forever! The government has been covering this up for decades and NOW the truth is finally coming out. Forward this to everyone you know before they take it down!,FAKE
"Officials confirmed on Wednesday that the tech industry will move forward after a review by the Department of Health, according to a statement released this week. The measure passed with a vote of 110 to 212, and is expected to take effect over the next 21 months. Analysts at several independent research firms said the impact would likely be gradual, citing prior similar measures.",REAL
Doctors HATE this one simple fact about the housing market that could change your life forever! The government has been covering this up for decades and NOW the truth is finally coming out. Forward this to everyone you know before they take it down!,FAKE
A report published by the Department of Health on the housing market shows a change of 7.4% compared to last year. The data was compiled from 147 separate regional offices and reviewed by independent economists before release. Officials cautioned that the figures could be revised as more information becomes available in the coming quarter.,REAL
SHOCKING new evidence about the upcoming census that NO ONE is talking about! A source close to the situation says this is just the tip of the iceberg. This is bigger than anyone imagined and the mainstream media REFUSES to cover it. Wake up and share NOW!,FAKE
Doctors HATE this one simple fact about the national vaccine rollout that could change your life forever! The government has been covering this up for decades and NOW the truth is finally coming out. Forward this to everyone you know before they take it down!,FAKE
"According to the National Weather Service, climate policy has been under review since early this year, with a formal decision expected by the end of the 7-month evaluation period. The agency said it would publish its full findings once the review concludes, in line with standard procedure.",REAL
Doctors HATE this one simple fact about climate policy that could change your life forever! The government has been covering this up for decades and NOW the truth is finally coming out. Forward this to everyone you know before they take it down!,FAKE
A report published by a Treasury Department spokesperson on the defense budget shows a change of 7.6% compared to last year. The data was compiled from 54 separate regional offices and reviewed by independent economists before release. Officials cautioned that the figures could be revised as more information becomes available in the coming quarter.,REAL
"Officials confirmed on Thursday that the upcoming census will move forward after a review by a Treasury Department spokesperson, according to a statement released this week. The measure passed with a vote of 362 to 208, and is expected to take effect over the next 6 months. Analysts at several independent research firms said the impact would likely be gradual, citing prior similar measures.",REAL
Doctors HATE this one simple fact about the tech industry that could change your life forever! The government has been covering this up for decades and NOW the truth is finally coming out. Forward this to everyone you know before they take it down!,FAKE
"Officials confirmed on Wednesday that the space program's next mission will move forward after a review by the Department of Health, according to a statement released this week. The measure passed with a vote of 60 to 143, and is expected to take effect over the next 19 months. Analysts at several independent research firms said the impact would likely be gradual, citing prior similar measures.",REAL
A report published by the Congressional Budget Office on the tech industry shows a change of 2.7% compared to last year. The data was compiled from 374 separate regional offices and reviewed by independent economists before release. Officials cautioned that the figures could be revised as more information becomes available in the coming quarter.,REAL
"BREAKING: Secret documents EXPOSE the real agenda behind a new trade agreement. A whistleblower who wishes to remain anonymous says this changes EVERYTHING. Wake up, people — they have been LYING to us for years and this PROVES it beyond any doubt!",FAKE
"According to the Department of Health, the new healthcare bill has been under review since early this year, with a formal decision expected by the end of the 21-month evaluation period. The agency said it would publish its full findings once the review concludes, in line with standard procedure.",REAL
A report published by a spokesperson for the White House on a new trade agreement shows a change of 10.4% compared to last year. The data was compiled from 19 separate regional offices and reviewed by independent economists before release. Officials cautioned that the figures could be revised as more information becomes available in the coming quarter.,REAL
A report published by the Congressional Budget Office on the economy shows a change of 6.2% compared to last year. The data was compiled from 215 separate regional offices and reviewed by independent economists before release. Officials cautioned that the figures could be revised as more information becomes available in the coming quarter.,REAL
"Lawmakers debated climate policy for several hours on Wednesday before reaching a preliminary agreement. the Congressional Budget Office said the next formal vote is scheduled within 15 weeks. Several committee members requested additional data before final approval, and a public comment period will follow.",REAL
Doctors HATE this one simple fact about the agriculture subsidy program that could change your life forever! The government has been covering this up for decades and NOW the truth is finally coming out. Forward this to everyone you know before they take it down!,FAKE
YOU WON'T BELIEVE what they don't want you to know about the space program's next mission!!! Insiders REVEAL the SHOCKING truth that mainstream media is HIDING from you. Share this before it gets DELETED — everyone needs to see this NOW before it's too late!,FAKE
"Lawmakers debated the economy for several hours on Thursday before reaching a preliminary agreement. the Associated Press said the next formal vote is scheduled within 17 weeks. Several committee members requested additional data before final approval, and a public comment period will follow.",REAL
"Officials confirmed on Monday that the defense budget will move forward after a review by a court filing, according to a statement released this week. The measure passed with a vote of 10 to 266, and is expected to take effect over the next 5 months. Analysts at several independent research firms said the impact would likely be gradual, citing prior similar measures.",REAL
"BREAKING: Secret documents EXPOSE the real agenda behind a public transportation overhaul. A whistleblower who wishes to remain anonymous says this changes EVERYTHING. Wake up, people — they have been LYING to us for years and this PROVES it beyond any doubt!",FAKE
"Lawmakers debated the upcoming census for several hours on Wednesday before reaching a preliminary agreement. the Associated Press said the next formal vote is scheduled within 9 weeks. Several committee members requested additional data before final approval, and a public comment period will follow.",REAL
"According to a court filing, a major merger between two airlines has been under review since early this year, with a formal decision expected by the end of the 12-month evaluation period. The agency said it would publish its full findings once the review concludes, in line with standard procedure.",REAL
YOU WON'T BELIEVE what they don't want you to know about a new labor law!!! Insiders REVEAL the SHOCKING truth that mainstream media is HIDING from you. Share this before it gets DELETED — everyone needs to see this NOW before it's too late!,FAKE
Doctors HATE this one simple fact about the tech industry that could change your life forever! The government has been covering this up for decades and NOW the truth is finally coming out. Forward this to everyone you know before they take it down!,FAKE
"Lawmakers debated the central bank's interest rate decision for several hours on Thursday before reaching a preliminary agreement. the National Weather Service said the next formal vote is scheduled within 22 weeks. Several committee members requested additional data before final approval, and a public comment period will follow.",REAL
SHOCKING new evidence about the housing market that NO ONE is talking about! A source close to the situation says this is just the tip of the iceberg. This is bigger than anyone imagined and the mainstream media REFUSES to cover it. Wake up and share NOW!,FAKE
"Lawmakers debated the presidential election for several hours on Wednesday before reaching a preliminary agreement. a court filing said the next formal vote is scheduled within 7 weeks. Several committee members requested additional data before final approval, and a public comment period will follow.",REAL
SHOCKING new evidence about the housing market that NO ONE is talking about! A source close to the situation says this is just the tip of the iceberg. This is bigger than anyone imagined and the mainstream media REFUSES to cover it. Wake up and share NOW!,FAKE
"BREAKING: Secret documents EXPOSE the real agenda behind the economy. A whistleblower who wishes to remain anonymous says this changes EVERYTHING. Wake up, people — they have been LYING to us for years and this PROVES it beyond any doubt!",FAKE
A report published by the Congressional Budget Office on the tech industry shows a change of 11.4% compared to last year. The data was compiled from 260 separate regional offices and reviewed by independent economists before release. Officials cautioned that the figures could be revised as more information becomes available in the coming quarter.,REAL
YOU WON'T BELIEVE what they don't want you to know about the presidential election!!! Insiders REVEAL the SHOCKING truth that mainstream media is HIDING from you. Share this before it gets DELETED — everyone needs to see this NOW before it's too late!,FAKE
"Officials confirmed on Tuesday that the new healthcare bill will move forward after a review by the Department of Health, according to a statement released this week. The measure passed with a vote of 160 to 264, and is expected to take effect over the next 13 months. Analysts at several independent research firms said the impact would likely be gradual, citing prior similar measures.",REAL
"Lawmakers debated the central bank's interest rate decision for several hours on Monday before reaching a preliminary agreement. the Associated Press said the next formal vote is scheduled within 18 weeks. Several committee members requested additional data before final approval, and a public comment period will follow.",REAL
A report published by the Bureau of Labor Statistics on the defense budget shows a change of 6.3% compared to last year. The data was compiled from 355 separate regional offices and reviewed by independent economists before release. Officials cautioned that the figures could be revised as more information becomes available in the coming quarter.,REAL
"According to a court filing, a public transportation overhaul has been under review since early this year, with a formal decision expected by the end of the 18-month evaluation period. The agency said it would publish its full findings once the review concludes, in line with standard procedure.",REAL
SHOCKING new evidence about a new trade agreement that NO ONE is talking about! A source close to the situation says this is just the tip of the iceberg. This is bigger than anyone imagined and the mainstream media REFUSES to cover it. Wake up and share NOW!,FAKE
YOU WON'T BELIEVE what they don't want you to know about a major merger between two airlines!!! Insiders REVEAL the SHOCKING truth that mainstream media is HIDING from you. Share this before it gets DELETED — everyone needs to see this NOW before it's too late!,FAKE
YOU WON'T BELIEVE what they don't want you to know about the education budget!!! Insiders REVEAL the SHOCKING truth that mainstream media is HIDING from you. Share this before it gets DELETED — everyone needs to see this NOW before it's too late!,FAKE
SHOCKING new evidence about the new healthcare bill that NO ONE is talking about! A source close to the situation says this is just the tip of the iceberg. This is bigger than anyone imagined and the mainstream media REFUSES to cover it. Wake up and share NOW!,FAKE
"Officials confirmed on Wednesday that the housing market will move forward after a review by a Treasury Department spokesperson, according to a statement released this week. The measure passed with a vote of 317 to 144, and is expected to take effect over the next 9 months. Analysts at several independent research firms said the impact would likely be gradual, citing prior similar measures.",REAL
YOU WON'T BELIEVE what they don't want you to know about renewable energy investment!!! Insiders REVEAL the SHOCKING truth that mainstream media is HIDING from you. Share this before it gets DELETED — everyone needs to see this NOW before it's too late!,FAKE
"BREAKING: Secret documents EXPOSE the real agenda behind renewable energy investment. A whistleblower who wishes to remain anonymous says this changes EVERYTHING. Wake up, people — they have been LYING to us for years and this PROVES it beyond any doubt!",FAKE
SHOCKING new evidence about a new labor law that NO ONE is talking about! A source close to the situation says this is just the tip of the iceberg. This is bigger than anyone imagined and the mainstream media REFUSES to cover it. Wake up and share NOW!,FAKE
A report published by the Bureau of Labor Statistics on renewable energy investment shows a change of 8.0% compared to last year. The data was compiled from 136 separate regional offices and reviewed by independent economists before release. Officials cautioned that the figures could be revised as more information becomes available in the coming quarter.,REAL
"Lawmakers debated renewable energy investment for several hours on Tuesday before reaching a preliminary agreement. a court filing said the next formal vote is scheduled within 19 weeks. Several committee members requested additional data before final approval, and a public comment period will follow.",REAL
SHOCKING new evidence about the presidential election that NO ONE is talking about! A source close to the situation says this is just the tip of the iceberg. This is bigger than anyone imagined and the mainstream media REFUSES to cover it. Wake up and share NOW!,FAKE
Doctors HATE this one simple fact about the space program's next mission that could change your life forever! The government has been covering this up for decades and NOW the truth is finally coming out. Forward this to everyone you know before they take it down!,FAKE
YOU WON'T BELIEVE what they don't want you to know about climate policy!!! Insiders REVEAL the SHOCKING truth that mainstream media is HIDING from you. Share this before it gets DELETED — everyone needs to see this NOW before it's too late!,FAKE
SHOCKING new evidence about the education budget that NO ONE is talking about! A source close to the situation says this is just the tip of the iceberg. This is bigger than anyone imagined and the mainstream media REFUSES to cover it. Wake up and share NOW!,FAKE
"BREAKING: Secret documents EXPOSE the real agenda behind the upcoming census. A whistleblower who wishes to remain anonymous says this changes EVERYTHING. Wake up, people — they have been LYING to us for years and this PROVES it beyond any doubt!",FAKE
SHOCKING new evidence about the state of the judiciary that NO ONE is talking about! A source close to the situation says this is just the tip of the iceberg. This is bigger than anyone imagined and the mainstream media REFUSES to cover it. Wake up and share NOW!,FAKE
SHOCKING new evidence about the defense budget that NO ONE is talking about! A source close to the situation says this is just the tip of the iceberg. This is bigger than anyone imagined and the mainstream media REFUSES to cover it. Wake up and share NOW!,FAKE
A report published by a court filing on the agriculture subsidy program shows a change of 10.4% compared to last year. The data was compiled from 174 separate regional offices and reviewed by independent economists before release. Officials cautioned that the figures could be revised as more information becomes available in the coming quarter.,REAL
"Lawmakers debated renewable energy investment for several hours on Friday before reaching a preliminary agreement. a spokesperson for the White House said the next formal vote is scheduled within 9 weeks. Several committee members requested additional data before final approval, and a public comment period will follow.",REAL
"BREAKING: Secret documents EXPOSE the real agenda behind the upcoming census. A whistleblower who wishes to remain anonymous says this changes EVERYTHING. Wake up, people — they have been LYING to us for years and this PROVES it beyond any doubt!",FAKE
"Lawmakers debated the space program's next mission for several hours on Monday before reaching a preliminary agreement. the Bureau of Labor Statistics said the next formal vote is scheduled within 1 weeks. Several committee members requested additional data before final approval, and a public comment period will follow.",REAL
"Officials confirmed on Thursday that the upcoming census will move forward after a review by the Federal Reserve, according to a statement released this week. The measure passed with a vote of 186 to 29, and is expected to take effect over the next 16 months. Analysts at several independent research firms said the impact would likely be gradual, citing prior similar measures.",REAL
"BREAKING: Secret documents EXPOSE the real agenda behind the economy. A whistleblower who wishes to remain anonymous says this changes EVERYTHING. Wake up, people — they have been LYING to us for years and this PROVES it beyond any doubt!",FAKE
"Lawmakers debated the tech industry for several hours on Monday before reaching a preliminary agreement. a court filing said the next formal vote is scheduled within 3 weeks. Several committee members requested additional data before final approval, and a public comment period will follow.",REAL
"According to the Bureau of Labor Statistics, renewable energy investment has been under review since early this year, with a formal decision expected by the end of the 4-month evaluation period. The agency said it would publish its full findings once the review concludes, in line with standard procedure.",REAL
A report published by a court filing on the new healthcare bill shows a change of 7.7% compared to last year. The data was compiled from 355 separate regional offices and reviewed by independent economists before release. Officials cautioned that the figures could be revised as more information becomes available in the coming quarter.,REAL
SHOCKING new evidence about the national vaccine rollout that NO ONE is talking about! A source close to the situation says this is just the tip of the iceberg. This is bigger than anyone imagined and the mainstream media REFUSES to cover it. Wake up and share NOW!,FAKE
"Lawmakers debated the central bank's interest rate decision for several hours on Tuesday before reaching a preliminary agreement. the Congressional Budget Office said the next formal vote is scheduled within 2 weeks. Several committee members requested additional data before final approval, and a public comment period will follow.",REAL
"According to the National Weather Service, the national vaccine rollout has been under review since early this year, with a formal decision expected by the end of the 18-month evaluation period. The agency said it would publish its full findings once the review concludes, in line with standard procedure.",REAL
SHOCKING new evidence about a new labor law that NO ONE is talking about! A source close to the situation says this is just the tip of the iceberg. This is bigger than anyone imagined and the mainstream media REFUSES to cover it. Wake up and share NOW!,FAKE
"Officials confirmed on Friday that the economy will move forward after a review by the Congressional Budget Office, according to a statement released this week. The measure passed with a vote of 296 to 193, and is expected to take effect over the next 13 months. Analysts at several independent research firms said the impact would likely be gradual, citing prior similar measures.",REAL
"Lawmakers debated a major merger between two airlines for several hours on Wednesday before reaching a preliminary agreement. the Federal Reserve said the next formal vote is scheduled within 21 weeks. Several committee members requested additional data before final approval, and a public comment period will follow.",REAL
"According to the Department of Health, the economy has been under review since early this year, with a formal decision expected by the end of the 23-month evaluation period. The agency said it would publish its full findings once the review concludes, in line with standard procedure.",REAL
A report published by the National Weather Service on the state of the judiciary shows a change of 12.5% compared to last year. The data was compiled from 23 separate regional offices and reviewed by independent economists before release. Officials cautioned that the figures could be revised as more information becomes available in the coming quarter.,REAL
"Lawmakers debated the economy for several hours on Monday before reaching a preliminary agreement. the Department of Health said the next formal vote is scheduled within 17 weeks. Several committee members requested additional data before final approval, and a public comment period will follow.",REAL
SHOCKING new evidence about the national vaccine rollout that NO ONE is talking about! A source close to the situation says this is just the tip of the iceberg. This is bigger than anyone imagined and the mainstream media REFUSES to cover it. Wake up and share NOW!,FAKE
"Officials confirmed on Tuesday that the national vaccine rollout will move forward after a review by Reuters, according to a statement released this week. The measure passed with a vote of 392 to 137, and is expected to take effect over the next 20 months. Analysts at several independent research firms said the impact would likely be gradual, citing prior similar measures.",REAL
"Lawmakers debated a major merger between two airlines for several hours on Tuesday before reaching a preliminary agreement. a spokesperson for the White House said the next formal vote is scheduled within 5 weeks. Several committee members requested additional data before final approval, and a public comment period will follow.",REAL
"Officials confirmed on Monday that the national vaccine rollout will move forward after a review by the Congressional Budget Office, according to a statement released this week. The measure passed with a vote of 59 to 76, and is expected to take effect over the next 16 months. Analysts at several independent research firms said the impact would likely be gradual, citing prior similar measures.",REAL
SHOCKING new evidence about immigration reform that NO ONE is talking about! A source close to the situation says this is just the tip of the iceberg. This is bigger than anyone imagined and the mainstream media REFUSES to cover it. Wake up and share NOW!,FAKE
Doctors HATE this one simple fact about the education budget that could change your life forever! The government has been covering this up for decades and NOW the truth is finally coming out. Forward this to everyone you know before they take it down!,FAKE
A report published by a Treasury Department spokesperson on a major merger between two airlines shows a change of 8.9% compared to last year. The data was compiled from 234 separate regional offices and reviewed by independent economists before release. Officials cautioned that the figures could be revised as more information becomes available in the coming quarter.,REAL
"Lawmakers debated the agriculture subsidy program for several hours on Friday before reaching a preliminary agreement. a court filing said the next formal vote is scheduled within 1 weeks. Several committee members requested additional data before final approval, and a public comment period will follow.",REAL
A report published by the Federal Reserve on the space program's next mission shows a change of 11.3% compared to last year. The data was compiled from 171 separate regional offices and reviewed by independent economists before release. Officials cautioned that the figures could be revised as more information becomes available in the coming quarter.,REAL
SHOCKING new evidence about the tech industry that NO ONE is talking about! A source close to the situation says this is just the tip of the iceberg. This is bigger than anyone imagined and the mainstream media REFUSES to cover it. Wake up and share NOW!,FAKE
SHOCKING new evidence about a public transportation overhaul that NO ONE is talking about! A source close to the situation says this is just the tip of the iceberg. This is bigger than anyone imagined and the mainstream media REFUSES to cover it. Wake up and share NOW!,FAKE
"BREAKING: Secret documents EXPOSE the real agenda behind renewable energy investment. A whistleblower who wishes to remain anonymous says this changes EVERYTHING. Wake up, people — they have been LYING to us for years and this PROVES it beyond any doubt!",FAKE
"Lawmakers debated climate policy for several hours on Wednesday before reaching a preliminary agreement. the Department of Health said the next formal vote is scheduled within 24 weeks. Several committee members requested additional data before final approval, and a public comment period will follow.",REAL
"Lawmakers debated the space program's next mission for several hours on Tuesday before reaching a preliminary agreement. Reuters said the next formal vote is scheduled within 4 weeks. Several committee members requested additional data before final approval, and a public comment period will follow.",REAL
SHOCKING new evidence about the state of the judiciary that NO ONE is talking about! A source close to the situation says this is just the tip of the iceberg. This is bigger than anyone imagined and the mainstream media REFUSES to cover it. Wake up and share NOW!,FAKE
SHOCKING new evidence about the defense budget that NO ONE is talking about! A source close to the situation says this is just the tip of the iceberg. This is bigger than anyone imagined and the mainstream media REFUSES to cover it. Wake up and share NOW!,FAKE
A report published by the National Weather Service on the new healthcare bill shows a change of 5.8% compared to last year. The data was compiled from 136 separate regional offices and reviewed by independent economists before release. Officials cautioned that the figures could be revised as more information becomes available in the coming quarter.,REAL
"Officials confirmed on Thursday that the defense budget will move forward after a review by a Treasury Department spokesperson, according to a statement released this week. The measure passed with a vote of 362 to 236, and is expected to take effect over the next 19 months. Analysts at several independent research firms said the impact would likely be gradual, citing prior similar measures.",REAL
"Officials confirmed on Tuesday that a public transportation overhaul will move forward after a review by the Federal Reserve, according to a statement released this week. The measure passed with a vote of 71 to 202, and is expected to take effect over the next 14 months. Analysts at several independent research firms said the impact would likely be gradual, citing prior similar measures.",REAL
YOU WON'T BELIEVE what they don't want you to know about the new healthcare bill!!! Insiders REVEAL the SHOCKING truth that mainstream media is HIDING from you. Share this before it gets DELETED — everyone needs to see this NOW before it's too late!,FAKE
"Lawmakers debated the tech industry for several hours on Friday before reaching a preliminary agreement. Reuters said the next formal vote is scheduled within 23 weeks. Several committee members requested additional data before final approval, and a public comment period will follow.",REAL
"According to a Treasury Department spokesperson, immigration reform has been under review since early this year, with a formal decision expected by the end of the 19-month evaluation period. The agency said it would publish its full findings once the review concludes, in line with standard procedure.",REAL
"Officials confirmed on Wednesday that a new labor law will move forward after a review by the Congressional Budget Office, according to a statement released this week. The measure passed with a vote of 223 to 277, and is expected to take effect over the next 11 months. Analysts at several independent research firms said the impact would likely be gradual, citing prior similar measures.",REAL
"Lawmakers debated the space program's next mission for several hours on Monday before reaching a preliminary agreement. a spokesperson for the White House said the next formal vote is scheduled within 13 weeks. Several committee members requested additional data before final approval, and a public comment period will follow.",REAL
"Officials confirmed on Monday that the economy will move forward after a review by Reuters, according to a statement released this week. The measure passed with a vote of 355 to 60, and is expected to take effect over the next 14 months. Analysts at several independent research firms said the impact would likely be gradual, citing prior similar measures.",REAL
SHOCKING new evidence about the new healthcare bill that NO ONE is talking about! A source close to the situation says this is just the tip of the iceberg. This is bigger than anyone imagined and the mainstream media REFUSES to cover it. Wake up and share NOW!,FAKE
YOU WON'T BELIEVE what they don't want you to know about the state of the judiciary!!! Insiders REVEAL the SHOCKING truth that mainstream media is HIDING from you. Share this before it gets DELETED — everyone needs to see this NOW before it's too late!,FAKE
YOU WON'T BELIEVE what they don't want you to know about the new healthcare bill!!! Insiders REVEAL the SHOCKING truth that mainstream media is HIDING from you. Share this before it gets DELETED — everyone needs to see this NOW before it's too late!,FAKE
Doctors HATE this one simple fact about immigration reform that could change your life forever! The government has been covering this up for decades and NOW the truth is finally coming out. Forward this to everyone you know before they take it down!,FAKE
A report published by a court filing on the central bank's interest rate decision shows a change of 7.2% compared to last year. The data was compiled from 133 separate regional offices and reviewed by independent economists before release. Officials cautioned that the figures could be revised as more information becomes available in the coming quarter.,REAL
"Lawmakers debated the new healthcare bill for several hours on Monday before reaching a preliminary agreement. the Congressional Budget Office said the next formal vote is scheduled within 10 weeks. Several committee members requested additional data before final approval, and a public comment period will follow.",REAL
"Lawmakers debated the defense budget for several hours on Wednesday before reaching a preliminary agreement. a spokesperson for the White House said the next formal vote is scheduled within 12 weeks. Several committee members requested additional data before final approval, and a public comment period will follow.",REAL
"According to the Bureau of Labor Statistics, the education budget has been under review since early this year, with a formal decision expected by the end of the 13-month evaluation period. The agency said it would publish its full findings once the review concludes, in line with standard procedure.",REAL
YOU WON'T BELIEVE what they don't want you to know about the defense budget!!! Insiders REVEAL the SHOCKING truth that mainstream media is HIDING from you. Share this before it gets DELETED — everyone needs to see this NOW before it's too late!,FAKE
YOU WON'T BELIEVE what they don't want you to know about the space program's next mission!!! Insiders REVEAL the SHOCKING truth that mainstream media is HIDING from you. Share this before it gets DELETED — everyone needs to see this NOW before it's too late!,FAKE
Doctors HATE this one simple fact about the education budget that could change your life forever! The government has been covering this up for decades and NOW the truth is finally coming out. Forward this to everyone you know before they take it down!,FAKE
"Officials confirmed on Wednesday that the national vaccine rollout will move forward after a review by the Associated Press, according to a statement released this week. The measure passed with a vote of 8 to 71, and is expected to take effect over the next 23 months. Analysts at several independent research firms said the impact would likely be gradual, citing prior similar measures.",REAL
SHOCKING new evidence about the education budget that NO ONE is talking about! A source close to the situation says this is just the tip of the iceberg. This is bigger than anyone imagined and the mainstream media REFUSES to cover it. Wake up and share NOW!,FAKE
"Officials confirmed on Wednesday that the state of the judiciary will move forward after a review by a Treasury Department spokesperson, according to a statement released this week. The measure passed with a vote of 333 to 287, and is expected to take effect over the next 23 months. Analysts at several independent research firms said the impact would likely be gradual, citing prior similar measures.",REAL
A report published by the Bureau of Labor Statistics on the presidential election shows a change of 5.5% compared to last year. The data was compiled from 232 separate regional offices and reviewed by independent economists before release. Officials cautioned that the figures could be revised as more information becomes available in the coming quarter.,REAL
A report published by a Treasury Department spokesperson on the state of the judiciary shows a change of 7.7% compared to last year. The data was compiled from 278 separate regional offices and reviewed by independent economists before release. Officials cautioned that the figures could be revised as more information becomes available in the coming quarter.,REAL
A report published by the Department of Health on the defense budget shows a change of 2.4% compared to last year. The data was compiled from 252 separate regional offices and reviewed by independent economists before release. Officials cautioned that the figures could be revised as more information becomes available in the coming quarter.,REAL
"Officials confirmed on Monday that the national vaccine rollout will move forward after a review by the National Weather Service, according to a statement released this week. The measure passed with a vote of 206 to 244, and is expected to take effect over the next 10 months. Analysts at several independent research firms said the impact would likely be gradual, citing prior similar measures.",REAL
"Officials confirmed on Thursday that the state of the judiciary will move forward after a review by the Associated Press, according to a statement released this week. The measure passed with a vote of 275 to 204, and is expected to take effect over the next 7 months. Analysts at several independent research firms said the impact would likely be gradual, citing prior similar measures.",REAL
"BREAKING: Secret documents EXPOSE the real agenda behind immigration reform. A whistleblower who wishes to remain anonymous says this changes EVERYTHING. Wake up, people — they have been LYING to us for years and this PROVES it beyond any doubt!",FAKE
"Lawmakers debated the upcoming census for several hours on Friday before reaching a preliminary agreement. a court filing said the next formal vote is scheduled within 2 weeks. Several committee members requested additional data before final approval, and a public comment period will follow.",REAL
"Officials confirmed on Tuesday that the new healthcare bill will move forward after a review by the Department of Health, according to a statement released this week. The measure passed with a vote of 207 to 138, and is expected to take effect over the next 3 months. Analysts at several independent research firms said the impact would likely be gradual, citing prior similar measures.",REAL
"According to a Treasury Department spokesperson, the national vaccine rollout has been under review since early this year, with a formal decision expected by the end of the 2-month evaluation period. The agency said it would publish its full findings once the review concludes, in line with standard procedure.",REAL
SHOCKING new evidence about the defense budget that NO ONE is talking about! A source close to the situation says this is just the tip of the iceberg. This is bigger than anyone imagined and the mainstream media REFUSES to cover it. Wake up and share NOW!,FAKE
A report published by the Department of Health on the central bank's interest rate decision shows a change of 8.3% compared to last year. The data was compiled from 56 separate regional offices and reviewed by independent economists before release. Officials cautioned that the figures could be revised as more information becomes available in the coming quarter.,REAL
"According to the National Weather Service, the space program's next mission has been under review since early this year, with a formal decision expected by the end of the 9-month evaluation period. The agency said it would publish its full findings once the review concludes, in line with standard procedure.",REAL
"Lawmakers debated the state of the judiciary for several hours on Thursday before reaching a preliminary agreement. the National Weather Service said the next formal vote is scheduled within 16 weeks. Several committee members requested additional data before final approval, and a public comment period will follow.",REAL
SHOCKING new evidence about the education budget that NO ONE is talking about! A source close to the situation says this is just the tip of the iceberg. This is bigger than anyone imagined and the mainstream media REFUSES to cover it. Wake up and share NOW!,FAKE
A report published by the Congressional Budget Office on the space program's next mission shows a change of 11.3% compared to last year. The data was compiled from 384 separate regional offices and reviewed by independent economists before release. Officials cautioned that the figures could be revised as more information becomes available in the coming quarter.,REAL
"Lawmakers debated the economy for several hours on Thursday before reaching a preliminary agreement. the Federal Reserve said the next formal vote is scheduled within 5 weeks. Several committee members requested additional data before final approval, and a public comment period will follow.",REAL
"BREAKING: Secret documents EXPOSE the real agenda behind immigration reform. A whistleblower who wishes to remain anonymous says this changes EVERYTHING. Wake up, people — they have been LYING to us for years and this PROVES it beyond any doubt!",FAKE
"Officials confirmed on Wednesday that immigration reform will move forward after a review by the National Weather Service, according to a statement released this week. The measure passed with a vote of 183 to 24, and is expected to take effect over the next 1 months. Analysts at several independent research firms said the impact would likely be gradual, citing prior similar measures.",REAL
YOU WON'T BELIEVE what they don't want you to know about the central bank's interest rate decision!!! Insiders REVEAL the SHOCKING truth that mainstream media is HIDING from you. Share this before it gets DELETED — everyone needs to see this NOW before it's too late!,FAKE
SHOCKING new evidence about climate policy that NO ONE is talking about! A source close to the situation says this is just the tip of the iceberg. This is bigger than anyone imagined and the mainstream media REFUSES to cover it. Wake up and share NOW!,FAKE
"Officials confirmed on Thursday that the upcoming census will move forward after a review by the Department of Health, according to a statement released this week. The measure passed with a vote of 194 to 227, and is expected to take effect over the next 15 months. Analysts at several independent research firms said the impact would likely be gradual, citing prior similar measures.",REAL
A report published by a court filing on renewable energy investment shows a change of 5.1% compared to last year. The data was compiled from 358 separate regional offices and reviewed by independent economists before release. Officials cautioned that the figures could be revised as more information becomes available in the coming quarter.,REAL
YOU WON'T BELIEVE what they don't want you to know about renewable energy investment!!! Insiders REVEAL the SHOCKING truth that mainstream media is HIDING from you. Share this before it gets DELETED — everyone needs to see this NOW before it's too late!,FAKE
YOU WON'T BELIEVE what they don't want you to know about the space program's next mission!!! Insiders REVEAL the SHOCKING truth that mainstream media is HIDING from you. Share this before it gets DELETED — everyone needs to see this NOW before it's too late!,FAKE
"BREAKING: Secret documents EXPOSE the real agenda behind the defense budget. A whistleblower who wishes to remain anonymous says this changes EVERYTHING. Wake up, people — they have been LYING to us for years and this PROVES it beyond any doubt!",FAKE
"Lawmakers debated the agriculture subsidy program for several hours on Tuesday before reaching a preliminary agreement. the Bureau of Labor Statistics said the next formal vote is scheduled within 19 weeks. Several committee members requested additional data before final approval, and a public comment period will follow.",REAL
A report published by the Department of Health on a new labor law shows a change of 11.8% compared to last year. The data was compiled from 39 separate regional offices and reviewed by independent economists before release. Officials cautioned that the figures could be revised as more information becomes available in the coming quarter.,REAL
A report published by the Associated Press on the economy shows a change of 9.2% compared to last year. The data was compiled from 333 separate regional offices and reviewed by independent economists before release. Officials cautioned that the figures could be revised as more information becomes available in the coming quarter.,REAL
"BREAKING: Secret documents EXPOSE the real agenda behind the space program's next mission. A whistleblower who wishes to remain anonymous says this changes EVERYTHING. Wake up, people — they have been LYING to us for years and this PROVES it beyond any doubt!",FAKE
YOU WON'T BELIEVE what they don't want you to know about the upcoming census!!! Insiders REVEAL the SHOCKING truth that mainstream media is HIDING from you. Share this before it gets DELETED — everyone needs to see this NOW before it's too late!,FAKE
SHOCKING new evidence about immigration reform that NO ONE is talking about! A source close to the situation says this is just the tip of the iceberg. This is bigger than anyone imagined and the mainstream media REFUSES to cover it. Wake up and share NOW!,FAKE
"Lawmakers debated the presidential election for several hours on Monday before reaching a preliminary agreement. a spokesperson for the White House said the next formal vote is scheduled within 12 weeks. Several committee members requested additional data before final approval, and a public comment period will follow.",REAL
"According to the Federal Reserve, a public transportation overhaul has been under review since early this year, with a formal decision expected by the end of the 9-month evaluation period. The agency said it would publish its full findings once the review concludes, in line with standard procedure.",REAL
"Officials confirmed on Friday that the new healthcare bill will move forward after a review by the Federal Reserve, according to a statement released this week. The measure passed with a vote of 223 to 300, and is expected to take effect over the next 16 months. Analysts at several independent research firms said the impact would likely be gradual, citing prior similar measures.",REAL
"Officials confirmed on Wednesday that the presidential election will move forward after a review by the Bureau of Labor Statistics, according to a statement released this week. The measure passed with a vote of 231 to 242, and is expected to take effect over the next 16 months. Analysts at several independent research firms said the impact would likely be gradual, citing prior similar measures.",REAL
A report published by the Congressional Budget Office on a new trade agreement shows a change of 4.9% compared to last year. The data was compiled from 103 separate regional offices and reviewed by independent economists before release. Officials cautioned that the figures could be revised as more information becomes available in the coming quarter.,REAL
"Lawmakers debated the space program's next mission for several hours on Wednesday before reaching a preliminary agreement. a spokesperson for the White House said the next formal vote is scheduled within 20 weeks. Several committee members requested additional data before final approval, and a public comment period will follow.",REAL
"Officials confirmed on Friday that the housing market will move forward after a review by a spokesperson for the White House, according to a statement released this week. The measure passed with a vote of 116 to 265, and is expected to take effect over the next 13 months. Analysts at several independent research firms said the impact would likely be gradual, citing prior similar measures.",REAL
A report published by the Congressional Budget Office on a new labor law shows a change of 8.1% compared to last year. The data was compiled from 42 separate regional offices and reviewed by independent economists before release. Officials cautioned that the figures could be revised as more information becomes available in the coming quarter.,REAL
SHOCKING new evidence about the upcoming census that NO ONE is talking about! A source close to the situation says this is just the tip of the iceberg. This is bigger than anyone imagined and the mainstream media REFUSES to cover it. Wake up and share NOW!,FAKE
SHOCKING new evidence about the upcoming census that NO ONE is talking about! A source close to the situation says this is just the tip of the iceberg. This is bigger than anyone imagined and the mainstream media REFUSES to cover it. Wake up and share NOW!,FAKE
"BREAKING: Secret documents EXPOSE the real agenda behind the defense budget. A whistleblower who wishes to remain anonymous says this changes EVERYTHING. Wake up, people — they have been LYING to us for years and this PROVES it beyond any doubt!",FAKE
Doctors HATE this one simple fact about climate policy that could change your life forever! The government has been covering this up for decades and NOW the truth is finally coming out. Forward this to everyone you know before they take it down!,FAKE
"BREAKING: Secret documents EXPOSE the real agenda behind a new trade agreement. A whistleblower who wishes to remain anonymous says this changes EVERYTHING. Wake up, people — they have been LYING to us for years and this PROVES it beyond any doubt!",FAKE
A report published by Reuters on the state of the judiciary shows a change of 8.0% compared to last year. The data was compiled from 194 separate regional offices and reviewed by independent economists before release. Officials cautioned that the figures could be revised as more information becomes available in the coming quarter.,REAL
"BREAKING: Secret documents EXPOSE the real agenda behind the presidential election. A whistleblower who wishes to remain anonymous says this changes EVERYTHING. Wake up, people — they have been LYING to us for years and this PROVES it beyond any doubt!",FAKE
"According to a court filing, the new healthcare bill has been under review since early this year, with a formal decision expected by the end of the 2-month evaluation period. The agency said it would publish its full findings once the review concludes, in line with standard procedure.",REAL
"Lawmakers debated immigration reform for several hours on Wednesday before reaching a preliminary agreement. the Associated Press said the next formal vote is scheduled within 16 weeks. Several committee members requested additional data before final approval, and a public comment period will follow.",REAL
"According to the Bureau of Labor Statistics, the agriculture subsidy program has been under review since early this year, with a formal decision expected by the end of the 7-month evaluation period. The agency said it would publish its full findings once the review concludes, in line with standard procedure.",REAL
SHOCKING new evidence about the upcoming census that NO ONE is talking about! A source close to the situation says this is just the tip of the iceberg. This is bigger than anyone imagined and the mainstream media REFUSES to cover it. Wake up and share NOW!,FAKE
A report published by the Federal Reserve on the upcoming census shows a change of 2.3% compared to last year. The data was compiled from 14 separate regional offices and reviewed by independent economists before release. Officials cautioned that the figures could be revised as more information becomes available in the coming quarter.,REAL
SHOCKING new evidence about the defense budget that NO ONE is talking about! A source close to the situation says this is just the tip of the iceberg. This is bigger than anyone imagined and the mainstream media REFUSES to cover it. Wake up and share NOW!,FAKE
"Lawmakers debated climate policy for several hours on Tuesday before reaching a preliminary agreement. the Department of Health said the next formal vote is scheduled within 8 weeks. Several committee members requested additional data before final approval, and a public comment period will follow.",REAL
"Officials confirmed on Tuesday that the tech industry will move forward after a review by the Congressional Budget Office, according to a statement released this week. The measure passed with a vote of 340 to 42, and is expected to take effect over the next 6 months. Analysts at several independent research firms said the impact would likely be gradual, citing prior similar measures.",REAL
"Officials confirmed on Monday that renewable energy investment will move forward after a review by the Congressional Budget Office, according to a statement released this week. The measure passed with a vote of 341 to 185, and is expected to take effect over the next 4 months. Analysts at several independent research firms said the impact would likely be gradual, citing prior similar measures.",REAL
"BREAKING: Secret documents EXPOSE the real agenda behind the tech industry. A whistleblower who wishes to remain anonymous says this changes EVERYTHING. Wake up, people — they have been LYING to us for years and this PROVES it beyond any doubt!",FAKE
"Lawmakers debated climate policy for several hours on Tuesday before reaching a preliminary agreement. a court filing said the next formal vote is scheduled within 8 weeks. Several committee members requested additional data before final approval, and a public comment period will follow.",REAL
SHOCKING new evidence about a new trade agreement that NO ONE is talking about! A source close to the situation says this is just the tip of the iceberg. This is bigger than anyone imagined and the mainstream media REFUSES to cover it. Wake up and share NOW!,FAKE
"Officials confirmed on Thursday that the defense budget will move forward after a review by the Congressional Budget Office, according to a statement released this week. The measure passed with a vote of 375 to 229, and is expected to take effect over the next 10 months. Analysts at several independent research firms said the impact would likely be gradual, citing prior similar measures.",REAL
"Officials confirmed on Thursday that the presidential election will move forward after a review by the Bureau of Labor Statistics, according to a statement released this week. The measure passed with a vote of 330 to 11, and is expected to take effect over the next 2 months. Analysts at several independent research firms said the impact would likely be gradual, citing prior similar measures.",REAL
"According to a spokesperson for the White House, the national vaccine rollout has been under review since early this year, with a formal decision expected by the end of the 24-month evaluation period. The agency said it would publish its full findings once the review concludes, in line with standard procedure.",REAL
"Officials confirmed on Thursday that a public transportation overhaul will move forward after a review by the Federal Reserve, according to a statement released this week. The measure passed with a vote of 253 to 79, and is expected to take effect over the next 2 months. Analysts at several independent research firms said the impact would likely be gradual, citing prior similar measures.",REAL
SHOCKING new evidence about the state of the judiciary that NO ONE is talking about! A source close to the situation says this is just the tip of the iceberg. This is bigger than anyone imagined and the mainstream media REFUSES to cover it. Wake up and share NOW!,FAKE
YOU WON'T BELIEVE what they don't want you to know about a major merger between two airlines!!! Insiders REVEAL the SHOCKING truth that mainstream media is HIDING from you. Share this before it gets DELETED — everyone needs to see this NOW before it's too late!,FAKE
SHOCKING new evidence about the education budget that NO ONE is talking about! A source close to the situation says this is just the tip of the iceberg. This is bigger than anyone imagined and the mainstream media REFUSES to cover it. Wake up and share NOW!,FAKE
Doctors HATE this one simple fact about immigration reform that could change your life forever! The government has been covering this up for decades and NOW the truth is finally coming out. Forward this to everyone you know before they take it down!,FAKE
"According to a court filing, climate policy has been under review since early this year, with a formal decision expected by the end of the 6-month evaluation period. The agency said it would publish its full findings once the review concludes, in line with standard procedure.",REAL
"Lawmakers debated the defense budget for several hours on Monday before reaching a preliminary agreement. the Congressional Budget Office said the next formal vote is scheduled within 17 weeks. Several committee members requested additional data before final approval, and a public comment period will follow.",REAL
Doctors HATE this one simple fact about a new labor law that could change your life forever! The government has been covering this up for decades and NOW the truth is finally coming out. Forward this to everyone you know before they take it down!,FAKE
"According to a Treasury Department spokesperson, the central bank's interest rate decision has been under review since early this year, with a formal decision expected by the end of the 21-month evaluation period. The agency said it would publish its full findings once the review concludes, in line with standard procedure.",REAL
SHOCKING new evidence about the presidential election that NO ONE is talking about! A source close to the situation says this is just the tip of the iceberg. This is bigger than anyone imagined and the mainstream media REFUSES to cover it. Wake up and share NOW!,FAKE
SHOCKING new evidence about the housing market that NO ONE is talking about! A source close to the situation says this is just the tip of the iceberg. This is bigger than anyone imagined and the mainstream media REFUSES to cover it. Wake up and share NOW!,FAKE
YOU WON'T BELIEVE what they don't want you to know about a major merger between two airlines!!! Insiders REVEAL the SHOCKING truth that mainstream media is HIDING from you. Share this before it gets DELETED — everyone needs to see this NOW before it's too late!,FAKE
SHOCKING new evidence about the national vaccine rollout that NO ONE is talking about! A source close to the situation says this is just the tip of the iceberg. This is bigger than anyone imagined and the mainstream media REFUSES to cover it. Wake up and share NOW!,FAKE
YOU WON'T BELIEVE what they don't want you to know about immigration reform!!! Insiders REVEAL the SHOCKING truth that mainstream media is HIDING from you. Share this before it gets DELETED — everyone needs to see this NOW before it's too late!,FAKE
YOU WON'T BELIEVE what they don't want you to know about renewable energy investment!!! Insiders REVEAL the SHOCKING truth that mainstream media is HIDING from you. Share this before it gets DELETED — everyone needs to see this NOW before it's too late!,FAKE
"BREAKING: Secret documents EXPOSE the real agenda behind the space program's next mission. A whistleblower who wishes to remain anonymous says this changes EVERYTHING. Wake up, people — they have been LYING to us for years and this PROVES it beyond any doubt!",FAKE
"Officials confirmed on Thursday that a new labor law will move forward after a review by the Congressional Budget Office, according to a statement released this week. The measure passed with a vote of 213 to 28, and is expected to take effect over the next 5 months. Analysts at several independent research firms said the impact would likely be gradual, citing prior similar measures.",REAL
"BREAKING: Secret documents EXPOSE the real agenda behind a public transportation overhaul. A whistleblower who wishes to remain anonymous says this changes EVERYTHING. Wake up, people — they have been LYING to us for years and this PROVES it beyond any doubt!",FAKE
Doctors HATE this one simple fact about the space program's next mission that could change your life forever! The government has been covering this up for decades and NOW the truth is finally coming out. Forward this to everyone you know before they take it down!,FAKE
YOU WON'T BELIEVE what they don't want you to know about climate policy!!! Insiders REVEAL the SHOCKING truth that mainstream media is HIDING from you. Share this before it gets DELETED — everyone needs to see this NOW before it's too late!,FAKE
SHOCKING new evidence about immigration reform that NO ONE is talking about! A source close to the situation says this is just the tip of the iceberg. This is bigger than anyone imagined and the mainstream media REFUSES to cover it. Wake up and share NOW!,FAKE
"Lawmakers debated the defense budget for several hours on Tuesday before reaching a preliminary agreement. a court filing said the next formal vote is scheduled within 19 weeks. Several committee members requested additional data before final approval, and a public comment period will follow.",REAL
"BREAKING: Secret documents EXPOSE the real agenda behind the new healthcare bill. A whistleblower who wishes to remain anonymous says this changes EVERYTHING. Wake up, people — they have been LYING to us for years and this PROVES it beyond any doubt!",FAKE
"Officials confirmed on Tuesday that the national vaccine rollout will move forward after a review by a spokesperson for the White House, according to a statement released this week. The measure passed with a vote of 307 to 33, and is expected to take effect over the next 13 months. Analysts at several independent research firms said the impact would likely be gradual, citing prior similar measures.",REAL
SHOCKING new evidence about a public transportation overhaul that NO ONE is talking about! A source close to the situation says this is just the tip of the iceberg. This is bigger than anyone imagined and the mainstream media REFUSES to cover it. Wake up and share NOW!,FAKE
"BREAKING: Secret documents EXPOSE the real agenda behind a new trade agreement. A whistleblower who wishes to remain anonymous says this changes EVERYTHING. Wake up, people — they have been LYING to us for years and this PROVES it beyond any doubt!",FAKE
"BREAKING: Secret documents EXPOSE the real agenda behind the housing market. A whistleblower who wishes to remain anonymous says this changes EVERYTHING. Wake up, people — they have been LYING to us for years and this PROVES it beyond any doubt!",FAKE
"Officials confirmed on Tuesday that renewable energy investment will move forward after a review by the Associated Press, according to a statement released this week. The measure passed with a vote of 376 to 53, and is expected to take effect over the next 4 months. Analysts at several independent research firms said the impact would likely be gradual, citing prior similar measures.",REAL
SHOCKING new evidence about a major merger between two airlines that NO ONE is talking about! A source close to the situation says this is just the tip of the iceberg. This is bigger than anyone imagined and the mainstream media REFUSES to cover it. Wake up and share NOW!,FAKE
"Officials confirmed on Monday that renewable energy investment will move forward after a review by the Department of Health, according to a statement released this week. The measure passed with a vote of 57 to 128, and is expected to take effect over the next 7 months. Analysts at several independent research firms said the impact would likely be gradual, citing prior similar measures.",REAL
A report published by the Bureau of Labor Statistics on the housing market shows a change of 1.6% compared to last year. The data was compiled from 19 separate regional offices and reviewed by independent economists before release. Officials cautioned that the figures could be revised as more information becomes available in the coming quarter.,REAL
"According to the Federal Reserve, a public transportation overhaul has been under review since early this year, with a formal decision expected by the end of the 18-month evaluation period. The agency said it would publish its full findings once the review concludes, in line with standard procedure.",REAL
SHOCKING new evidence about a new trade agreement that NO ONE is talking about! A source close to the situation says this is just the tip of the iceberg. This is bigger than anyone imagined and the mainstream media REFUSES to cover it. Wake up and share NOW!,FAKE
YOU WON'T BELIEVE what they don't want you to know about the upcoming census!!! Insiders REVEAL the SHOCKING truth that mainstream media is HIDING from you. Share this before it gets DELETED — everyone needs to see this NOW before it's too late!,FAKE
YOU WON'T BELIEVE what they don't want you to know about a public transportation overhaul!!! Insiders REVEAL the SHOCKING truth that mainstream media is HIDING from you. Share this before it gets DELETED — everyone needs to see this NOW before it's too late!,FAKE
"BREAKING: Secret documents EXPOSE the real agenda behind a major merger between two airlines. A whistleblower who wishes to remain anonymous says this changes EVERYTHING. Wake up, people — they have been LYING to us for years and this PROVES it beyond any doubt!",FAKE
Doctors HATE this one simple fact about a new labor law that could change your life forever! The government has been covering this up for decades and NOW the truth is finally coming out. Forward this to everyone you know before they take it down!,FAKE
Doctors HATE this one simple fact about the new healthcare bill that could change your life forever! The government has been covering this up for decades and NOW the truth is finally coming out. Forward this to everyone you know before they take it down!,FAKE
SHOCKING new evidence about the education budget that NO ONE is talking about! A source close to the situation says this is just the tip of the iceberg. This is bigger than anyone imagined and the mainstream media REFUSES to cover it. Wake up and share NOW!,FAKE
"According to the Associated Press, the defense budget has been under review since early this year, with a formal decision expected by the end of the 10-month evaluation period. The agency said it would publish its full findings once the review concludes, in line with standard procedure.",REAL
"According to the National Weather Service, a new labor law has been under review since early this year, with a formal decision expected by the end of the 4-month evaluation period. The agency said it would publish its full findings once the review concludes, in line with standard procedure.",REAL
"BREAKING: Secret documents EXPOSE the real agenda behind the economy. A whistleblower who wishes to remain anonymous says this changes EVERYTHING. Wake up, people — they have been LYING to us for years and this PROVES it beyond any doubt!",FAKE
Doctors HATE this one simple fact about the economy that could change your life forever! The government has been covering this up for decades and NOW the truth is finally coming out. Forward this to everyone you know before they take it down!,FAKE
"BREAKING: Secret documents EXPOSE the real agenda behind renewable energy investment. A whistleblower who wishes to remain anonymous says this changes EVERYTHING. Wake up, people — they have been LYING to us for years and this PROVES it beyond any doubt!",FAKE
"According to the Congressional Budget Office, the state of the judiciary has been under review since early this year, with a formal decision expected by the end of the 5-month evaluation period. The agency said it would publish its full findings once the review concludes, in line with standard procedure.",REAL
"According to the Congressional Budget Office, the national vaccine rollout has been under review since early this year, with a formal decision expected by the end of the 7-month evaluation period. The agency said it would publish its full findings once the review concludes, in line with standard procedure.",REAL
Doctors HATE this one simple fact about the defense budget that could change your life forever! The government has been covering this up for decades and NOW the truth is finally coming out. Forward this to everyone you know before they take it down!,FAKE
Doctors HATE this one simple fact about the national vaccine rollout that could change your life forever! The government has been covering this up for decades and NOW the truth is finally coming out. Forward this to everyone you know before they take it down!,FAKE
SHOCKING new evidence about the education budget that NO ONE is talking about! A source close to the situation says this is just the tip of the iceberg. This is bigger than anyone imagined and the mainstream media REFUSES to cover it. Wake up and share NOW!,FAKE
SHOCKING new evidence about a major merger between two airlines that NO ONE is talking about! A source close to the situation says this is just the tip of the iceberg. This is bigger than anyone imagined and the mainstream media REFUSES to cover it. Wake up and share NOW!,FAKE
"Officials confirmed on Friday that the economy will move forward after a review by a court filing, according to a statement released this week. The measure passed with a vote of 298 to 208, and is expected to take effect over the next 19 months. Analysts at several independent research firms said the impact would likely be gradual, citing prior similar measures.",REAL
Doctors HATE this one simple fact about a major merger between two airlines that could change your life forever! The government has been covering this up for decades and NOW the truth is finally coming out. Forward this to everyone you know before they take it down!,FAKE
"Officials confirmed on Monday that a new labor law will move forward after a review by the Bureau of Labor Statistics, according to a statement released this week. The measure passed with a vote of 194 to 215, and is expected to take effect over the next 15 months. Analysts at several independent research firms said the impact would likely be gradual, citing prior similar measures.",REAL
"Officials confirmed on Tuesday that the housing market will move forward after a review by the Federal Reserve, according to a statement released this week. The measure passed with a vote of 69 to 148, and is expected to take effect over the next 15 months. Analysts at several independent research firms said the impact would likely be gradual, citing prior similar measures.",REAL
SHOCKING new evidence about the upcoming census that NO ONE is talking about! A source close to the situation says this is just the tip of the iceberg. This is bigger than anyone imagined and the mainstream media REFUSES to cover it. Wake up and share NOW!,FAKE
"Officials confirmed on Friday that immigration reform will move forward after a review by a court filing, according to a statement released this week. The measure passed with a vote of 268 to 87, and is expected to take effect over the next 22 months. Analysts at several independent research firms said the impact would likely be gradual, citing prior similar measures.",REAL
"According to the Federal Reserve, a public transportation overhaul has been under review since early this year, with a formal decision expected by the end of the 15-month evaluation period. The agency said it would publish its full findings once the review concludes, in line with standard procedure.",REAL
"Officials confirmed on Wednesday that the housing market will move forward after a review by the Department of Health, according to a statement released this week. The measure passed with a vote of 143 to 134, and is expected to take effect over the next 21 months. Analysts at several independent research firms said the impact would likely be gradual, citing prior similar measures.",REAL
Doctors HATE this one simple fact about the space program's next mission that could change your life forever! The government has been covering this up for decades and NOW the truth is finally coming out. Forward this to everyone you know before they take it down!,FAKE
A report published by Reuters on a new trade agreement shows a change of 2.0% compared to last year. The data was compiled from 91 separate regional offices and reviewed by independent economists before release. Officials cautioned that the figures could be revised as more information becomes available in the coming quarter.,REAL
"Lawmakers debated the agriculture subsidy program for several hours on Thursday before reaching a preliminary agreement. the Federal Reserve said the next formal vote is scheduled within 17 weeks. Several committee members requested additional data before final approval, and a public comment period will follow.",REAL
"BREAKING: Secret documents EXPOSE the real agenda behind a major merger between two airlines. A whistleblower who wishes to remain anonymous says this changes EVERYTHING. Wake up, people — they have been LYING to us for years and this PROVES it beyond any doubt!",FAKE
"Lawmakers debated immigration reform for several hours on Wednesday before reaching a preliminary agreement. the Department of Health said the next formal vote is scheduled within 3 weeks. Several committee members requested additional data before final approval, and a public comment period will follow.",REAL
YOU WON'T BELIEVE what they don't want you to know about a major merger between two airlines!!! Insiders REVEAL the SHOCKING truth that mainstream media is HIDING from you. Share this before it gets DELETED — everyone needs to see this NOW before it's too late!,FAKE
"Lawmakers debated the national vaccine rollout for several hours on Wednesday before reaching a preliminary agreement. the National Weather Service said the next formal vote is scheduled within 14 weeks. Several committee members requested additional data before final approval, and a public comment period will follow.",REAL
YOU WON'T BELIEVE what they don't want you to know about a major merger between two airlines!!! Insiders REVEAL the SHOCKING truth that mainstream media is HIDING from you. Share this before it gets DELETED — everyone needs to see this NOW before it's too late!,FAKE
A report published by the Congressional Budget Office on the national vaccine rollout shows a change of 11.7% compared to last year. The data was compiled from 152 separate regional offices and reviewed by independent economists before release. Officials cautioned that the figures could be revised as more information becomes available in the coming quarter.,REAL
"BREAKING: Secret documents EXPOSE the real agenda behind the tech industry. A whistleblower who wishes to remain anonymous says this changes EVERYTHING. Wake up, people — they have been LYING to us for years and this PROVES it beyond any doubt!",FAKE
A report published by a Treasury Department spokesperson on the tech industry shows a change of 4.4% compared to last year. The data was compiled from 393 separate regional offices and reviewed by independent economists before release. Officials cautioned that the figures could be revised as more information becomes available in the coming quarter.,REAL
Doctors HATE this one simple fact about the upcoming census that could change your life forever! The government has been covering this up for decades and NOW the truth is finally coming out. Forward this to everyone you know before they take it down!,FAKE
"BREAKING: Secret documents EXPOSE the real agenda behind the economy. A whistleblower who wishes to remain anonymous says this changes EVERYTHING. Wake up, people — they have been LYING to us for years and this PROVES it beyond any doubt!",FAKE
A report published by the Associated Press on a new labor law shows a change of 4.0% compared to last year. The data was compiled from 288 separate regional offices and reviewed by independent economists before release. Officials cautioned that the figures could be revised as more information becomes available in the coming quarter.,REAL
"Officials confirmed on Friday that a public transportation overhaul will move forward after a review by the Federal Reserve, according to a statement released this week. The measure passed with a vote of 294 to 76, and is expected to take effect over the next 4 months. Analysts at several independent research firms said the impact would likely be gradual, citing prior similar measures.",REAL
YOU WON'T BELIEVE what they don't want you to know about renewable energy investment!!! Insiders REVEAL the SHOCKING truth that mainstream media is HIDING from you. Share this before it gets DELETED — everyone needs to see this NOW before it's too late!,FAKE
Doctors HATE this one simple fact about the education budget that could change your life forever! The government has been covering this up for decades and NOW the truth is finally coming out. Forward this to everyone you know before they take it down!,FAKE
"BREAKING: Secret documents EXPOSE the real agenda behind a major merger between two airlines. A whistleblower who wishes to remain anonymous says this changes EVERYTHING. Wake up, people — they have been LYING to us for years and this PROVES it beyond any doubt!",FAKE
Doctors HATE this one simple fact about the agriculture subsidy program that could change your life forever! The government has been covering this up for decades and NOW the truth is finally coming out. Forward this to everyone you know before they take it down!,FAKE
"BREAKING: Secret documents EXPOSE the real agenda behind the state of the judiciary. A whistleblower who wishes to remain anonymous says this changes EVERYTHING. Wake up, people — they have been LYING to us for years and this PROVES it beyond any doubt!",FAKE
"According to the Department of Health, the education budget has been under review since early this year, with a formal decision expected by the end of the 21-month evaluation period. The agency said it would publish its full findings once the review concludes, in line with standard procedure.",REAL
"Lawmakers debated a new labor law for several hours on Friday before reaching a preliminary agreement. the National Weather Service said the next formal vote is scheduled within 10 weeks. Several committee members requested additional data before final approval, and a public comment period will follow.",REAL
"Lawmakers debated immigration reform for several hours on Thursday before reaching a preliminary agreement. a court filing said the next formal vote is scheduled within 5 weeks. Several committee members requested additional data before final approval, and a public comment period will follow.",REAL
SHOCKING new evidence about the state of the judiciary that NO ONE is talking about! A source close to the situation says this is just the tip of the iceberg. This is bigger than anyone imagined and the mainstream media REFUSES to cover it. Wake up and share NOW!,FAKE
"Lawmakers debated the agriculture subsidy program for several hours on Tuesday before reaching a preliminary agreement. the Congressional Budget Office said the next formal vote is scheduled within 7 weeks. Several committee members requested additional data before final approval, and a public comment period will follow.",REAL
"BREAKING: Secret documents EXPOSE the real agenda behind a major merger between two airlines. A whistleblower who wishes to remain anonymous says this changes EVERYTHING. Wake up, people — they have been LYING to us for years and this PROVES it beyond any doubt!",FAKE
"According to the Federal Reserve, renewable energy investment has been under review since early this year, with a formal decision expected by the end of the 11-month evaluation period. The agency said it would publish its full findings once the review concludes, in line with standard procedure.",REAL
"Lawmakers debated the economy for several hours on Monday before reaching a preliminary agreement. a spokesperson for the White House said the next formal vote is scheduled within 15 weeks. Several committee members requested additional data before final approval, and a public comment period will follow.",REAL
"Officials confirmed on Tuesday that the tech industry will move forward after a review by a court filing, according to a statement released this week. The measure passed with a vote of 354 to 180, and is expected to take effect over the next 23 months. Analysts at several independent research firms said the impact would likely be gradual, citing prior similar measures.",REAL
"According to the National Weather Service, the defense budget has been under review since early this year, with a formal decision expected by the end of the 14-month evaluation period. The agency said it would publish its full findings once the review concludes, in line with standard procedure.",REAL
YOU WON'T BELIEVE what they don't want you to know about a public transportation overhaul!!! Insiders REVEAL the SHOCKING truth that mainstream media is HIDING from you. Share this before it gets DELETED — everyone needs to see this NOW before it's too late!,FAKE
"Lawmakers debated a major merger between two airlines for several hours on Thursday before reaching a preliminary agreement. a Treasury Department spokesperson said the next formal vote is scheduled within 21 weeks. Several committee members requested additional data before final approval, and a public comment period will follow.",REAL
"BREAKING: Secret documents EXPOSE the real agenda behind the central bank's interest rate decision. A whistleblower who wishes to remain anonymous says this changes EVERYTHING. Wake up, people — they have been LYING to us for years and this PROVES it beyond any doubt!",FAKE
YOU WON'T BELIEVE what they don't want you to know about the tech industry!!! Insiders REVEAL the SHOCKING truth that mainstream media is HIDING from you. Share this before it gets DELETED — everyone needs to see this NOW before it's too late!,FAKE
"According to the Bureau of Labor Statistics, immigration reform has been under review since early this year, with a formal decision expected by the end of the 7-month evaluation period. The agency said it would publish its full findings once the review concludes, in line with standard procedure.",REAL
SHOCKING new evidence about the defense budget that NO ONE is talking about! A source close to the situation says this is just the tip of the iceberg. This is bigger than anyone imagined and the mainstream media REFUSES to cover it. Wake up and share NOW!,FAKE
"BREAKING: Secret documents EXPOSE the real agenda behind a public transportation overhaul. A whistleblower who wishes to remain anonymous says this changes EVERYTHING. Wake up, people — they have been LYING to us for years and this PROVES it beyond any doubt!",FAKE
A report published by the Department of Health on a public transportation overhaul shows a change of 4.4% compared to last year. The data was compiled from 20 separate regional offices and reviewed by independent economists before release. Officials cautioned that the figures could be revised as more information becomes available in the coming quarter.,REAL
SHOCKING new evidence about the economy that NO ONE is talking about! A source close to the situation says this is just the tip of the iceberg. This is bigger than anyone imagined and the mainstream media REFUSES to cover it. Wake up and share NOW!,FAKE
Doctors HATE this one simple fact about the economy that could change your life forever! The government has been covering this up for decades and NOW the truth is finally coming out. Forward this to everyone you know before they take it down!,FAKE
YOU WON'T BELIEVE what they don't want you to know about the defense budget!!! Insiders REVEAL the SHOCKING truth that mainstream media is HIDING from you. Share this before it gets DELETED — everyone needs to see this NOW before it's too late!,FAKE
"Officials confirmed on Monday that the national vaccine rollout will move forward after a review by the Congressional Budget Office, according to a statement released this week. The measure passed with a vote of 306 to 292, and is expected to take effect over the next 10 months. Analysts at several independent research firms said the impact would likely be gradual, citing prior similar measures.",REAL
"Lawmakers debated the education budget for several hours on Wednesday before reaching a preliminary agreement. a Treasury Department spokesperson said the next formal vote is scheduled within 23 weeks. Several committee members requested additional data before final approval, and a public comment period will follow.",REAL
YOU WON'T BELIEVE what they don't want you to know about the education budget!!! Insiders REVEAL the SHOCKING truth that mainstream media is HIDING from you. Share this before it gets DELETED — everyone needs to see this NOW before it's too late!,FAKE
SHOCKING new evidence about a major merger between two airlines that NO ONE is talking about! A source close to the situation says this is just the tip of the iceberg. This is bigger than anyone imagined and the mainstream media REFUSES to cover it. Wake up and share NOW!,FAKE
"Lawmakers debated a new labor law for several hours on Tuesday before reaching a preliminary agreement. the Congressional Budget Office said the next formal vote is scheduled within 12 weeks. Several committee members requested additional data before final approval, and a public comment period will follow.",REAL
"Lawmakers debated the tech industry for several hours on Monday before reaching a preliminary agreement. a court filing said the next formal vote is scheduled within 14 weeks. Several committee members requested additional data before final approval, and a public comment period will follow.",REAL
"According to Reuters, the new healthcare bill has been under review since early this year, with a formal decision expected by the end of the 23-month evaluation period. The agency said it would publish its full findings once the review concludes, in line with standard procedure.",REAL
Doctors HATE this one simple fact about the national vaccine rollout that could change your life forever! The government has been covering this up for decades and NOW the truth is finally coming out. Forward this to everyone you know before they take it down!,FAKE
"Officials confirmed on Thursday that the education budget will move forward after a review by the Bureau of Labor Statistics, according to a statement released this week. The measure passed with a vote of 36 to 78, and is expected to take effect over the next 1 months. Analysts at several independent research firms said the impact would likely be gradual, citing prior similar measures.",REAL
Doctors HATE this one simple fact about the defense budget that could change your life forever! The government has been covering this up for decades and NOW the truth is finally coming out. Forward this to everyone you know before they take it down!,FAKE
SHOCKING new evidence about a new trade agreement that NO ONE is talking about! A source close to the situation says this is just the tip of the iceberg. This is bigger than anyone imagined and the mainstream media REFUSES to cover it. Wake up and share NOW!,FAKE
SHOCKING new evidence about the space program's next mission that NO ONE is talking about! A source close to the situation says this is just the tip of the iceberg. This is bigger than anyone imagined and the mainstream media REFUSES to cover it. Wake up and share NOW!,FAKE
"According to the Department of Health, climate policy has been under review since early this year, with a formal decision expected by the end of the 2-month evaluation period. The agency said it would publish its full findings once the review concludes, in line with standard procedure.",REAL
"According to a Treasury Department spokesperson, renewable energy investment has been under review since early this year, with a formal decision expected by the end of the 1-month evaluation period. The agency said it would publish its full findings once the review concludes, in line with standard procedure.",REAL
"According to the National Weather Service, the defense budget has been under review since early this year, with a formal decision expected by the end of the 11-month evaluation period. The agency said it would publish its full findings once the review concludes, in line with standard procedure.",REAL
SHOCKING new evidence about the space program's next mission that NO ONE is talking about! A source close to the situation says this is just the tip of the iceberg. This is bigger than anyone imagined and the mainstream media REFUSES to cover it. Wake up and share NOW!,FAKE
"According to the Associated Press, the education budget has been under review since early this year, with a formal decision expected by the end of the 9-month evaluation period. The agency said it would publish its full findings once the review concludes, in line with standard procedure.",REAL
A report published by the National Weather Service on renewable energy investment shows a change of 10.9% compared to last year. The data was compiled from 136 separate regional offices and reviewed by independent economists before release. Officials cautioned that the figures could be revised as more information becomes available in the coming quarter.,REAL
"BREAKING: Secret documents EXPOSE the real agenda behind the central bank's interest rate decision. A whistleblower who wishes to remain anonymous says this changes EVERYTHING. Wake up, people — they have been LYING to us for years and this PROVES it beyond any doubt!",FAKE
"BREAKING: Secret documents EXPOSE the real agenda behind a new labor law. A whistleblower who wishes to remain anonymous says this changes EVERYTHING. Wake up, people — they have been LYING to us for years and this PROVES it beyond any doubt!",FAKE
"BREAKING: Secret documents EXPOSE the real agenda behind renewable energy investment. A whistleblower who wishes to remain anonymous says this changes EVERYTHING. Wake up, people — they have been LYING to us for years and this PROVES it beyond any doubt!",FAKE
"BREAKING: Secret documents EXPOSE the real agenda behind the central bank's interest rate decision. A whistleblower who wishes to remain anonymous says this changes EVERYTHING. Wake up, people — they have been LYING to us for years and this PROVES it beyond any doubt!",FAKE
YOU WON'T BELIEVE what they don't want you to know about a new labor law!!! Insiders REVEAL the SHOCKING truth that mainstream media is HIDING from you. Share this before it gets DELETED — everyone needs to see this NOW before it's too late!,FAKE
SHOCKING new evidence about the housing market that NO ONE is talking about! A source close to the situation says this is just the tip of the iceberg. This is bigger than anyone imagined and the mainstream media REFUSES to cover it. Wake up and share NOW!,FAKE
SHOCKING new evidence about the national vaccine rollout that NO ONE is talking about! A source close to the situation says this is just the tip of the iceberg. This is bigger than anyone imagined and the mainstream media REFUSES to cover it. Wake up and share NOW!,FAKE
SHOCKING new evidence about the tech industry that NO ONE is talking about! A source close to the situation says this is just the tip of the iceberg. This is bigger than anyone imagined and the mainstream media REFUSES to cover it. Wake up and share NOW!,FAKE
SHOCKING new evidence about a major merger between two airlines that NO ONE is talking about! A source close to the situation says this is just the tip of the iceberg. This is bigger than anyone imagined and the mainstream media REFUSES to cover it. Wake up and share NOW!,FAKE
"Lawmakers debated a public transportation overhaul for several hours on Monday before reaching a preliminary agreement. a spokesperson for the White House said the next formal vote is scheduled within 11 weeks. Several committee members requested additional data before final approval, and a public comment period will follow.",REAL
"Lawmakers debated the space program's next mission for several hours on Tuesday before reaching a preliminary agreement. the Congressional Budget Office said the next formal vote is scheduled within 19 weeks. Several committee members requested additional data before final approval, and a public comment period will follow.",REAL
"According to a spokesperson for the White House, the defense budget has been under review since early this year, with a formal decision expected by the end of the 22-month evaluation period. The agency said it would publish its full findings once the review concludes, in line with standard procedure.",REAL
Doctors HATE this one simple fact about immigration reform that could change your life forever! The government has been covering this up for decades and NOW the truth is finally coming out. Forward this to everyone you know before they take it down!,FAKE
"BREAKING: Secret documents EXPOSE the real agenda behind the economy. A whistleblower who wishes to remain anonymous says this changes EVERYTHING. Wake up, people — they have been LYING to us for years and this PROVES it beyond any doubt!",FAKE
"Lawmakers debated a new trade agreement for several hours on Tuesday before reaching a preliminary agreement. the Department of Health said the next formal vote is scheduled within 23 weeks. Several committee members requested additional data before final approval, and a public comment period will follow.",REAL
"According to the Department of Health, the new healthcare bill has been under review since early this year, with a formal decision expected by the end of the 20-month evaluation period. The agency said it would publish its full findings once the review concludes, in line with standard procedure.",REAL
"Lawmakers debated the new healthcare bill for several hours on Monday before reaching a preliminary agreement. the Federal Reserve said the next formal vote is scheduled within 21 weeks. Several committee members requested additional data before final approval, and a public comment period will follow.",REAL
SHOCKING new evidence about the education budget that NO ONE is talking about! A source close to the situation says this is just the tip of the iceberg. This is bigger than anyone imagined and the mainstream media REFUSES to cover it. Wake up and share NOW!,FAKE
A report published by a spokesperson for the White House on the new healthcare bill shows a change of 7.8% compared to last year. The data was compiled from 188 separate regional offices and reviewed by independent economists before release. Officials cautioned that the figures could be revised as more information becomes available in the coming quarter.,REAL
"BREAKING: Secret documents EXPOSE the real agenda behind the state of the judiciary. A whistleblower who wishes to remain anonymous says this changes EVERYTHING. Wake up, people — they have been LYING to us for years and this PROVES it beyond any doubt!",FAKE
A report published by the National Weather Service on the defense budget shows a change of 12.0% compared to last year. The data was compiled from 92 separate regional offices and reviewed by independent economists before release. Officials cautioned that the figures could be revised as more information becomes available in the coming quarter.,REAL
"BREAKING: Secret documents EXPOSE the real agenda behind the tech industry. A whistleblower who wishes to remain anonymous says this changes EVERYTHING. Wake up, people — they have been LYING to us for years and this PROVES it beyond any doubt!",FAKE
"Officials confirmed on Friday that the upcoming census will move forward after a review by the Federal Reserve, according to a statement released this week. The measure passed with a vote of 39 to 149, and is expected to take effect over the next 22 months. Analysts at several independent research firms said the impact would likely be gradual, citing prior similar measures.",REAL
"BREAKING: Secret documents EXPOSE the real agenda behind the tech industry. A whistleblower who wishes to remain anonymous says this changes EVERYTHING. Wake up, people — they have been LYING to us for years and this PROVES it beyond any doubt!",FAKE
YOU WON'T BELIEVE what they don't want you to know about the agriculture subsidy program!!! Insiders REVEAL the SHOCKING truth that mainstream media is HIDING from you. Share this before it gets DELETED — everyone needs to see this NOW before it's too late!,FAKE
YOU WON'T BELIEVE what they don't want you to know about the new healthcare bill!!! Insiders REVEAL the SHOCKING truth that mainstream media is HIDING from you. Share this before it gets DELETED — everyone needs to see this NOW before it's too late!,FAKE
"According to the Associated Press, a public transportation overhaul has been under review since early this year, with a formal decision expected by the end of the 14-month evaluation period. The agency said it would publish its full findings once the review concludes, in line with standard procedure.",REAL
"BREAKING: Secret documents EXPOSE the real agenda behind the defense budget. A whistleblower who wishes to remain anonymous says this changes EVERYTHING. Wake up, people — they have been LYING to us for years and this PROVES it beyond any doubt!",FAKE
"According to a court filing, a new trade agreement has been under review since early this year, with a formal decision expected by the end of the 3-month evaluation period. The agency said it would publish its full findings once the review concludes, in line with standard procedure.",REAL
"BREAKING: Secret documents EXPOSE the real agenda behind the space program's next mission. A whistleblower who wishes to remain anonymous says this changes EVERYTHING. Wake up, people — they have been LYING to us for years and this PROVES it beyond any doubt!",FAKE
YOU WON'T BELIEVE what they don't want you to know about the space program's next mission!!! Insiders REVEAL the SHOCKING truth that mainstream media is HIDING from you. Share this before it gets DELETED — everyone needs to see this NOW before it's too late!,FAKE
Doctors HATE this one simple fact about the space program's next mission that could change your life forever! The government has been covering this up for decades and NOW the truth is finally coming out. Forward this to everyone you know before they take it down!,FAKE
YOU WON'T BELIEVE what they don't want you to know about the presidential election!!! Insiders REVEAL the SHOCKING truth that mainstream media is HIDING from you. Share this before it gets DELETED — everyone needs to see this NOW before it's too late!,FAKE
"According to the Bureau of Labor Statistics, a major merger between two airlines has been under review since early this year, with a formal decision expected by the end of the 15-month evaluation period. The agency said it would publish its full findings once the review concludes, in line with standard procedure.",REAL
YOU WON'T BELIEVE what they don't want you to know about climate policy!!! Insiders REVEAL the SHOCKING truth that mainstream media is HIDING from you. Share this before it gets DELETED — everyone needs to see this NOW before it's too late!,FAKE
"BREAKING: Secret documents EXPOSE the real agenda behind the defense budget. A whistleblower who wishes to remain anonymous says this changes EVERYTHING. Wake up, people — they have been LYING to us for years and this PROVES it beyond any doubt!",FAKE
SHOCKING new evidence about a new labor law that NO ONE is talking about! A source close to the situation says this is just the tip of the iceberg. This is bigger than anyone imagined and the mainstream media REFUSES to cover it. Wake up and share NOW!,FAKE
